,ID,screen_name,name,text,createdAT,lang
0,90651198,GregAbbott_TX,Greg Abbott,https://t.co/Y1JNHCIZfU https://t.co/eu3050XzvI,2021-03-31 03:44:21,und
1,90651198,GregAbbott_TX,Greg Abbott,"President Biden‘s open border policies invite children to take a dangerous trek that exposes them to human trafficking. 

Even Homeland Security Secretary Mayorkas admitted that many children don’t make it through without harm. 

Americans deserve answers to these questions: https://t.co/veMuuRYVZc",2021-03-31 02:45:32,en
2,90651198,GregAbbott_TX,Greg Abbott,"227,137 Texans got a Covid shot today.

With high vaccine volumes expected, we may set a record for Covid shots tomorrow.

The 7-day Covid positivity rate continues to stay around 5% and hospitalizations near 6-month lows.

Great job, Texans!

Vaccines are always voluntary.",2021-03-30 23:38:48,en
3,90651198,GregAbbott_TX,Greg Abbott,"Excellent. Every unborn child with a heartbeat should be saved from the ravages of abortion.

#HeartBeatBill https://t.co/i7bdhaCKv4",2021-03-30 21:45:53,en
4,90651198,GregAbbott_TX,Greg Abbott,"Y'all got this, @TexasWBB.

#HookEm 🤘 https://t.co/9HbYTYzUxp",2021-03-30 21:30:14,en
5,90651198,GregAbbott_TX,Greg Abbott,"Twice as many children are in Border Patrol custody under Biden than Trump peak in 2019.

Many of them may be held longer than federal law allows.

The Biden Admin. is unprepared for the crises they have caused.

DPS &amp; National Guard are responding. https://t.co/pnOXWUHH7A",2021-03-30 18:37:37,en
6,90651198,GregAbbott_TX,Greg Abbott,"Broadband access is no longer a luxury, it is an essential tool for all Texans. 

Schools need broadband to connect with students, businesses need it to remain competitive, and our doctors and nurses and their patients need it for telemedicine purposes.

https://t.co/koJCrcGmMw",2021-03-30 16:45:16,en
7,90651198,GregAbbott_TX,Greg Abbott,"Rio Grande Valley Sector Border Patrol agents arrested 4 illegal aliens with violent criminal history including homicide, aggravated rape, sexual assault, &amp; gang affiliation.

Biden’s open border policy is endangering our nation.

National Guard on duty.  https://t.co/wtDBwMcrfo",2021-03-30 15:40:42,en
8,90651198,GregAbbott_TX,Greg Abbott,"Today is National Doctors’ Day.

We recognize, honor, and celebrate all the doctors in the great state of Texas. Thank you for fighting on the front lines of the pandemic to keep the Lone Star State healthy. https://t.co/HcOEFLifZO",2021-03-30 13:55:31,en
9,90651198,GregAbbott_TX,Greg Abbott,"Two teams from Texas in the #MarchMadness #FinalFour. 

Everything is bigger in Texas. 

Congrats to the Baylor Bears &amp; Houston Coogs. 

@BaylorMBB @UHCougarMBK 
#SicEm #GoCoogs",2021-03-30 04:10:05,en
10,90651198,GregAbbott_TX,Greg Abbott,"The 7-day Covid positivity rate reported today is 4.96%

Hospitalizations remained low &amp; fatalities dropped to a 3 month low

Altogether Texas has 2 million vaccine shots to administer this week. Get one.

Shots are highly recommended to prevent getting Covid but always voluntary",2021-03-30 03:26:13,en
11,90651198,GregAbbott_TX,Greg Abbott,"Congratulations Houston Cougars. 

The entire state is proud of you. 

#GoCoogs #UH @UHouston https://t.co/nno688U2Jp",2021-03-30 01:33:00,en
12,90651198,GregAbbott_TX,Greg Abbott,"The Texas Senate on Monday unanimously approved a sweeping bill to overhaul the state’s electricity industry and infrastructure, including mandating that power plants prepare for extreme weather and outlawing risky indexed retail electric plans.

https://t.co/jGCfrpclqw",2021-03-30 00:25:23,en
13,90651198,GregAbbott_TX,Greg Abbott,"Today I was at Hamshire-Fannett Elementary with @DadePhelan &amp; @TrentAshbyTX to discuss legislation expanding broadband access.

Thanks to these leaders, &amp; @SenatorNichols, for their partnership on these bills. 

Together, we'll close the digital divide. 

https://t.co/GgYd8Ijsuc https://t.co/AIcFE9wvxi",2021-03-29 19:32:03,en
14,90651198,GregAbbott_TX,Greg Abbott,"BEGINNING TODAY:

➡️ Texans 18+ are eligible for a #COVID19 vaccine. 

➡️ The Pfizer vaccine is available for 16+.

➡️ TX Seniors are still able to move to the front of the line.

➡️ Info &amp; vaccine locator: https://t.co/Go4X2VYK40 or call 211 to find a vaccine location near you.",2021-03-29 16:15:00,en
15,90651198,GregAbbott_TX,Greg Abbott,"Today is Vietnam War Veterans Day.

On behalf of Texas, I extend my deepest gratitude to our Vietnam veterans and to all who have worn the uniform. https://t.co/VYghzyFV9e",2021-03-29 15:08:28,en
16,90651198,GregAbbott_TX,Greg Abbott,"Count me in as a crypto law proposal supporter. 

It is increasingly being used for transactions and is beginning to go mainstream as an investment. (Fidelity, etc. trying to get Bitcoin ETF).

Texas should lead on this like we did with a gold depository. https://t.co/1z25mtgnmu",2021-03-29 05:37:01,en
17,90651198,GregAbbott_TX,Greg Abbott,"U.S. Commerce Department report: Texas and other Red States are leading U.S. economic growth.

https://t.co/4DFPxsQNHF",2021-03-29 03:17:39,en
18,90651198,GregAbbott_TX,Greg Abbott,"Today the 7-day Covid positivity rate dropped to a new recorded low: 4.95%

Hospitalizations dropped to a 6 month low

This week we have 1 million 1st vaccines available

Everyone now qualifies for a shot. They are highly recommended to prevent getting Covid but always voluntary",2021-03-28 22:50:13,en
19,90651198,GregAbbott_TX,Greg Abbott,"WD-40 can fix it.

#suezcanel https://t.co/UxjhJNslKH",2021-03-28 17:03:43,en
20,90651198,GregAbbott_TX,Greg Abbott,"9-Year-Old Migrant Girl Dies Trying to Cross Rio Grande Into U.S. 

Smugglers exploit the open border for profit.

Jaime Diez, an immigration lawyer in Texas, said “The coyotes know and will say everyone gets in. So people come”

Biden's policy is deadly

https://t.co/LJGbA0BgWm",2021-03-28 16:54:56,en
21,90651198,GregAbbott_TX,Greg Abbott,"“The great crowd that had come to the festival heard that Jesus was coming to Jerusalem. So they took branches of palm trees and went out to meet him, shouting, “Hosanna! Blessed is the one who comes in the name of the Lord— the King of Israel!”

Happy #PalmSunday

John 12:12-13 https://t.co/HzXZfZMu7c",2021-03-28 16:27:44,en
22,90651198,GregAbbott_TX,Greg Abbott,Wishing all who celebrate a peaceful and prosperous Passover. https://t.co/HwpTFXrtlL,2021-03-27 22:57:12,en
23,90651198,GregAbbott_TX,Greg Abbott,"Today Texas hit an all-time recorded low for the 7-day Covid positivity rate: 5.27%.

It's been below 6% for 5 days &amp; below 10% for an entire month.

Covid hospitalizations declined again--now at the lowest level since October 3rd. 

Vaccinations continue to increase rapidly.",2021-03-27 22:06:08,en
24,90651198,GregAbbott_TX,Greg Abbott,"The Biden administration wants to keep the press out of the migrant detention centers to hide the tragedy taking place on our border. 

That won’t stop elected officials from revealing the inhumanity caused by Biden’s open border policies.

That’s why I sent the National Guard. https://t.co/7ysdULdoFO",2021-03-27 01:57:17,en
25,90651198,GregAbbott_TX,Greg Abbott,"Alcohol to-go is one step closer to becoming a permanent law in Texas. 

On Thursday, the Texas House passed a bill that would allow restaurants to continue selling beer, wine and mixed drinks to-go in a post-pandemic world.

Cheers!

https://t.co/pw5u6SD2iQ",2021-03-27 00:52:12,en
26,90651198,GregAbbott_TX,Greg Abbott,"Today Texas recorded the lowest 7-day Covid positivity rate since that data began being calculated: 5.43%.

We also recorded the largest daily number of vaccines administered to Texans: 342,849.

More Texans getting vaccines will keep down the positivity rate.

Always voluntary.",2021-03-26 23:58:20,en
27,90651198,GregAbbott_TX,Greg Abbott,"TX has administered 10 MILLION #COVID19 vaccines.

What an outstanding achievement for the Lone Star State — we'll continue to work around the clock to ensure every Texan who wants a vaccine gets one. 

REMINDER: Vaccines are OPEN to ALL adults on Monday.

https://t.co/5TH5E1S6tL https://t.co/1OTnpw1sa8",2021-03-26 20:16:41,en
28,90651198,GregAbbott_TX,Greg Abbott,"Congratulations to @TexasWBB, @BaylorMBB, @BaylorWBB, @AggieWBB &amp; @UHCougarMBK for advancing to the Sweet 16! 🍬

You all make Texas proud. #MarchMadness #ncaaW",2021-03-26 18:30:00,en
29,90651198,GregAbbott_TX,Greg Abbott,"The Texas economy expanded at a rapid pace of 7.5% in the last quarter of 2020. 

That means more jobs &amp; more prosperity for Texans. 

Only one state—and no large state—had better economic growth than Texas. 

The Texas economy is on 🔥🔥🔥 https://t.co/8g0cESIHe4",2021-03-26 17:35:53,en
30,90651198,GregAbbott_TX,Greg Abbott,"Parkland Hospital in Dallas closes COVID-19 units as patient numbers drop.

Similar stories across Texas.

https://t.co/La1sgSTOy5",2021-03-26 16:42:17,en
31,90651198,GregAbbott_TX,Greg Abbott,"Substantial reforms to the Texas power grid are being passed by Legislative committees:

-mandating power generators make upgrades for extreme weather conditions with big fines for noncompliance.
 
-banning retail electric plans that lead to price spikes.

https://t.co/WcSvnGK33C",2021-03-26 16:34:21,en
32,90651198,GregAbbott_TX,Greg Abbott,"Dallas DEA confiscated over 8 million doses of the deadly drug fentanyl.

The Dallas head of the DEA said it is being made in China &amp; smuggled in through Mexico. 

He said Mexican drug cartels bring it to the U.S.

Open border policies must end.

https://t.co/HVeGPJcti2",2021-03-26 03:27:54,en
33,90651198,GregAbbott_TX,Greg Abbott,".@HidalgoCoGOP is ready to defend our conservative values and keep Texas RED.

It was great to join you all tonight —congratulations on a sensational event!

You all are on 🔥🔥🔥! https://t.co/8gR3AqwRAE",2021-03-26 02:32:48,en
34,90651198,GregAbbott_TX,Greg Abbott,"Today Texas had the lowest reported Covid 7-day positivity rate in more than a year: 5.68%

Covid hospitalizations went down again--to the lowest level in more than 5 months.

Vaccine supplies are increasing &amp; all adult Texans are eligible to get them beginning Monday.

Good job",2021-03-26 01:08:56,en
35,90651198,GregAbbott_TX,Greg Abbott,"Today I'm in McAllen to announce a new partnership with @TexasHHSC &amp; health care systems to expand our Save Our Seniors initiative.

Working together, we will reach 2M seniors.

Thank you to our partners for stepping up to protect seniors across TX.

More: https://t.co/AQYFVL2Bou https://t.co/N5suDsvdC4",2021-03-25 21:29:28,en
36,90651198,GregAbbott_TX,Greg Abbott,"We won’t allow Biden’s Green New Deal to crush energy jobs in Texas and make America dependent on foreign sources of energy. 

We will preserve high paying energy jobs in Texas. https://t.co/kAo8zNV11f",2021-03-25 17:46:05,en
37,90651198,GregAbbott_TX,Greg Abbott,"Today and every day, we celebrate the American Heroes who have been awarded our nation’s highest honor.

Texas will always be a proud supporter of our military, our veterans, and their families.

#NationalMedalOfHonorDay https://t.co/lHmTqMCN4t",2021-03-25 17:21:05,en
38,90651198,GregAbbott_TX,Greg Abbott,WATCH: Texas continues to fill the gaps left open by the Biden Administration and their misguided border policy. https://t.co/SAey1sfD6I,2021-03-25 02:00:01,en
39,90651198,GregAbbott_TX,Greg Abbott,"A major reason Covid hospitalizations &amp; the positivity rate continue to decline is because Texans are getting Covid vaccine shots.

Plenty of shots are available.

It is important for seniors to try to get one ASAP. Everyone is eligible Monday.

Highly recommended, never forced",2021-03-25 00:34:10,en
40,90651198,GregAbbott_TX,Greg Abbott,"Speaking with @CBS7News tonight at 5 PM to discuss the ongoing crisis at the southern border.

Tune in ➡️ https://t.co/o1cjHTKfBT",2021-03-24 21:55:16,en
41,90651198,GregAbbott_TX,Greg Abbott,"Gov. Abbott in letter to Biden: ‘We have a duty to investigate border crossings’

Let us do our job to crack down on human trafficking.  https://t.co/3DevbJNkZ3",2021-03-23 21:56:01,en
42,90651198,GregAbbott_TX,Greg Abbott,"Beginning next Monday, Texas will opening COVID-19 vaccine appointments to all adults. 

We are getting higher volumes of vaccines &amp; will administer more each week. 

Also anyone 80 &amp; older will be allowed to go to the front of the line. 

 https://t.co/JN7lPSRNJm via @12NewsNow",2021-03-23 15:35:05,en
43,90651198,GregAbbott_TX,Greg Abbott,"This is a great bill.

I look forward to signing it. https://t.co/nQyyRKEw9K",2021-03-23 00:02:36,en
44,90651198,GregAbbott_TX,Greg Abbott,"The 7-day Covid positivity rate dropped even lower today to  5.76%. That's just .02% away from a 1-year record low.

The positivity rate has been below 7% for more than 2 weeks.

More than 61% of seniors, 36% of Texans ages 50-64, &amp; 255,000 educators have received Covid shots.",2021-03-22 23:57:53,en
45,90651198,GregAbbott_TX,Greg Abbott,"The Texas Dept of State Health Services is looking into a COVID outbreak at the Carrizo Springs federal housing location for migrant children.

The TX Comm. on Environmental Quality says drinking water may be unsafe at the federal facility in Midland.

https://t.co/h4PFy7RTWN",2021-03-22 03:03:18,en
46,90651198,GregAbbott_TX,Greg Abbott,"Thanks to the Bee Co. Republican Party for the SRO welcome.

You all are so much fun! https://t.co/A1YJGrbN8t",2021-03-22 01:13:23,en
47,90651198,GregAbbott_TX,Greg Abbott,"Today, the 7-day Covid positivity rate dropped to 5.81%.

That is the lowest since May of last year &amp; the second lowest recorded in the last 12 months.

Hospitalizations continue to decline.

The number of Texans getting Covid shots continues to increase.

Always voluntary.",2021-03-21 22:25:11,en
48,90651198,GregAbbott_TX,Greg Abbott,"Tonight I visited with 700 patriots in Bee Co. 

But these two stood out. 

They are WWII military veterans who will turn 100 this year. 

We thank them for making America the greatest country in the history of the world. https://t.co/vWQ5U3LdNa",2021-03-21 01:59:04,en
49,90651198,GregAbbott_TX,Greg Abbott,"Today Texas surpassed 9 million vaccinations. It was just 5 days ago that we passed 8 million.

More than 60% of seniors &amp; more than 1/3 of Texans ages 50-64 have received a shot.

Hospitalizations declined again to the lowest since Oct. 8th.

Great job Texans!",2021-03-20 21:15:38,en
50,90651198,GregAbbott_TX,Greg Abbott,"Congratulations to the #UNT Mean Green on the NCAA Tournament victory. 

You make Texas proud!

@MeanGreenMBB #MarchMadness https://t.co/54hZ40FOV1",2021-03-20 02:36:40,en
51,90651198,GregAbbott_TX,Greg Abbott,"Today, 174,430 Texans got a Covid shot.

The positivity rate has remained below 6.5% for a week.

Hospitalizations continue to decline.

Two important metrics will be achieved tomorrow.

Thanks, Texans, for all you are doing to crush Covid.",2021-03-20 02:01:29,en
52,90651198,GregAbbott_TX,Greg Abbott,"The Biden Admin. has turned a humanitarian crisis into a complete disaster. 

One location where migrants are housed has no clean running water &amp; has a massive Covid outbreak. 

Another location also has a massive Covid outbreak.

They were unprepared for open border policies. https://t.co/qRAHdwbRdt",2021-03-19 20:33:01,en
53,90651198,GregAbbott_TX,Greg Abbott,"We work every day with our Child Sex Trafficking Team &amp; other agencies to crack down on human trafficking in TX. 

BUT the Biden Admin. is denying these professionals the ability to do their job to stop cross-border human trafficking.

This is a human crisis caused by Biden. https://t.co/JBz1Nc00Yq",2021-03-19 18:08:15,en
54,90651198,GregAbbott_TX,Greg Abbott,"A bill filed in the Texas House by Represntative @JustinaHolland would make Texas a Second Amendment Sanctuary State. 

It would forbid Texas state agencies &amp; local governments from enforcing new federal gun laws or rules.

https://t.co/GBWrxZ411A",2021-03-19 03:33:12,en
55,90651198,GregAbbott_TX,Greg Abbott,"We crack down on human trafficking every day by working with victims &amp; prosecuting the criminals who trafficked them.

Pres. Biden won't let us use those same tools to crack down on cross-border human trafficking. 

That endangers a generation of kids.

https://t.co/ha0DqovBrN",2021-03-19 02:56:26,en
56,90651198,GregAbbott_TX,Greg Abbott,"196,365 Texans got a Covid shot today.

Educators have now received more than 200,000 doses.

New confirmed Covid cases declined today, as did hospitalizations.

The positivity rate remained below 6.5% for the 6th day in a row &amp; under 10% for 20 straight days.

Great job Texas!",2021-03-18 23:23:48,en
57,90651198,GregAbbott_TX,Greg Abbott,"The Biden Admin. has created a dangerous disaster on our border. 

His policies are subjecting young children to the horrors of human trafficking. 

It must be stopped. 

The border must be secured. https://t.co/cZejINNsXh",2021-03-18 16:27:35,en
58,90651198,GregAbbott_TX,Greg Abbott,"Texas is #1 at EVERYTHING, including the number of teams participating in the @NCAA basketball tournament. 

I wish all 7 Texas teams the best of luck! 

#MarchMadness https://t.co/UhhvgaDxHH",2021-03-18 14:38:06,en
59,90651198,GregAbbott_TX,Greg Abbott,"More than 183,000 Texans got a Covid shot today.

The positivity rate remained below 6.5% for the 5th straight day.

Hospitalizations declined again to the lowest level in more than 5 months.

Keep up the great work Texans.

Vaccines are always voluntary.",2021-03-18 02:10:38,en
60,90651198,GregAbbott_TX,Greg Abbott,"The Biden Administration has created a humanitarian crisis by enticing children to make a treacherous trek to the American border, subjecting them to gang, cartels &amp; human traffickers.

Texas will investigate &amp; prosecute this human trafficking

https://t.co/xVGBxjirsj",2021-03-17 23:14:19,en
61,90651198,GregAbbott_TX,Greg Abbott,Happy #StPatricksDay from our true lucky charms. 🐶🍀 https://t.co/Tv318G4cMN,2021-03-17 14:32:48,en
62,90651198,GregAbbott_TX,Greg Abbott,"Texas Attorney General wipes out Griddy customers’ electric bills totaling $29.1 million. 

This resolves most of the residential customer claims from the winter storm. 

I will continue working with the legislature to resolve remaining claims. 

 https://t.co/neMhbNtOxY",2021-03-16 21:11:40,en
63,90651198,GregAbbott_TX,Greg Abbott,"Election Integrity is a top priority.

Today I joined @TeamBettencourt &amp; @BriscoeCain to announce bills in the Texas Senate &amp; House that promote voting while preventing voter fraud.

Every can agree that we must have trust &amp; confidence in elections. 

https://t.co/Oh3EzOdaby",2021-03-16 03:29:32,en
64,90651198,GregAbbott_TX,Greg Abbott,"Backlog of migrant children in Border Patrol custody soars to 4,200 with 3,000 held past legal limit.

This crisis caused by the Biden Administration is just beginning &amp; will get far worse.

It’s why I deployed the National Guard &amp; DPS Troopers to border. https://t.co/AceAdIkSfq",2021-03-16 01:25:49,en
65,90651198,GregAbbott_TX,Greg Abbott,"The Covid positivity rate continues to plummet; now down to 5.9%. That is the lowest in almost 10 months.

Covid hospitalizations dropped below 4,000 for the first time in 5 months.

Most importantly, Covid related fatalities today are the lowest reported this year.",2021-03-15 18:46:56,en
66,90651198,GregAbbott_TX,Greg Abbott,"Over the past two weeks, the rolling average number of daily new cases of the coronavirus in Texas has decreased by 42.5%.  https://t.co/ZO5vJGqWmr",2021-03-15 17:51:44,en
67,90651198,GregAbbott_TX,Greg Abbott,"Biden's 'open border' policies are enriching &amp; empowering drug cartels that profit off of migrants.

This crisis will only grow worse under the Biden Administration's misguided policy

In the meantime Texas is sending National Guard &amp; DPS Troopers.

https://t.co/QeR2qrhsIN",2021-03-15 02:44:08,en
68,90651198,GregAbbott_TX,Greg Abbott,"I love watching the Blue Angels.

America!

@BlueAngels https://t.co/EoRzKdrdD5",2021-03-14 22:52:16,en
69,90651198,GregAbbott_TX,Greg Abbott,"Today Texas surpassed 8 million vaccinations. It was just 4 days ago that we passed 7 million.

The positivity rate dropped even lower--to 6.08%--the lowest since May 31st.

Hospitalizations went down again also.

Great job Texans!

Vaccines are always voluntary, never forced.",2021-03-14 21:36:51,en
70,90651198,GregAbbott_TX,Greg Abbott,"This is just flat out false.

""108 migrants released during the past month have shown to be carrying the coronavirus, U.S. Rep. Henry Cuellar, D-Texas, said Wednesday.""

The border crisis won't be properly addressed with media outlets spewing falsehoods.

https://t.co/UNcgQ2ayuA https://t.co/u6qxBtly8g",2021-03-14 15:46:04,en
71,90651198,GregAbbott_TX,Greg Abbott,"Both Portland &amp; Minneapolis have shown that defunding police is just plain stupid &amp; a decision they regretted.

This will be true for Austin too.

A top priority this legislative session is to ensure that Texas cities cannot go down the path of defunding police.

#BackTheBlue https://t.co/4u2WvF70Mw",2021-03-14 14:59:44,en
72,90651198,GregAbbott_TX,Greg Abbott,RT @AKA_RealDirty: Governor @GregAbbott_TX tells @MariaBartiromo how the Biden administration policy’s created the crisis at the border. ht…,2021-03-14 14:33:16,en
73,90651198,GregAbbott_TX,Greg Abbott,"Proud of my high school alma mater winning the Texas basketball state championship once again.

Congratulations to the Duncanville Panthers.

@DuncanvilleBB https://t.co/16KI1Mrj21",2021-03-14 04:17:02,en
74,90651198,GregAbbott_TX,Greg Abbott,"Today 239,789 Texans got a COVID shot.

About 57% of seniors &amp; almost 30% of Texans ages 50-64 have received a shot.

The positivity rate is 6.5%--the lowest since late September--and has been under 10% for more than 2 weeks.

Hospitalizations went down again.

Great job Texans.",2021-03-14 01:21:08,en
75,90651198,GregAbbott_TX,Greg Abbott,"Even Mexico is against Biden's open border policies.

Mexico is worried the U.S. policies are stoking illegal immigration &amp; creating business for organized crime.

Gangs are encouraged to recruit some migrants as drug mules &amp; kidnap others for money.

https://t.co/Bx4njyPwWy",2021-03-13 21:31:02,en
76,90651198,GregAbbott_TX,Greg Abbott,"Texans, from the top of the Panhandle to South of Midland, will see severe thunderstorms &amp; some tornadoes rip across your region in the coming hours.

Heed local warnings to protect your lives &amp; property.

Texas is prepared to assist local officials across the region. https://t.co/qnCBR4RQcq",2021-03-13 17:30:48,en
77,90651198,GregAbbott_TX,Greg Abbott,"Biden officials fall behind in race to add more shelter space for migrant teens &amp; children

They are scrambling to find staffers to help CBP &amp; ICE handle the the disaster created by their open border policies

Holding cells are crammed beyond capacity

https://t.co/yYHllmkJRC",2021-03-13 17:08:29,en
78,90651198,GregAbbott_TX,Greg Abbott,"Biden adviser admits immigration policy 'may have driven' migrant surge, encouraged 'smugglers' 

Spiking numbers of illegal crossings suggest the surge in illegal migrants risks turning into a tidal wave by the time peak season hits later this year. https://t.co/pQiy5Zrytv",2021-03-13 12:33:05,en
79,90651198,GregAbbott_TX,Greg Abbott,"The federal govt uses outdated population figures to calculate the number of vaccines sent to Texas &amp; it has cost the state thousands of doses.

They use a 5-year avg. of census data from 2014-18.

But TX has added significant population since that time.

https://t.co/2OQqITSmic",2021-03-13 06:37:51,en
80,90651198,GregAbbott_TX,Greg Abbott,"Today Texas set a new one-day record by giving 270,523 COVID vaccine shots to Texans.

More than 55% of seniors have received a shot and more than 28% of Texans between 50-64 have received a shot.

COVID hospitalizations continue to decline &amp; are at the lowest level in 5 months.",2021-03-12 21:05:49,en
81,90651198,GregAbbott_TX,Greg Abbott,"Late—but great— news for Border Patrol agents who put their lives on the line to secure our country.

After outrage, the Biden Admin is now providing a mass vaccination clinic planned for Texas Border Patrol agents.

⁦@CBPRGV⁩ ⁦@CBPSouthTexas⁩ https://t.co/wEBY6mkwKp",2021-03-12 20:05:21,en
82,90651198,GregAbbott_TX,Greg Abbott,"Today almost 200,000 more Texans got a COVID vaccine shot.

Not only have more than 53% of our seniors received a shot, but also more than 25% of the group from 50-65 have received a shot.

Covid hospitalizations declined once again-this time to the lowest level since October 18.",2021-03-12 04:57:21,en
83,90651198,GregAbbott_TX,Greg Abbott,"More state troopers &amp; National Guard are headed to the border as part of Operation Lone Star.

Texas is working with the Border Patrol to fill the gap created by the federal government's open border policies.

@TexasGuard @TxDPS 

https://t.co/2ZoMPOfvPt",2021-03-11 15:28:50,en
84,90651198,GregAbbott_TX,Greg Abbott,"The @UFC is considering an event in Texas.

Bring it.

That would be awesome!
  https://t.co/PEeWWBFROa via @MMAFighting",2021-03-11 03:56:35,en
85,90651198,GregAbbott_TX,Greg Abbott,"With committee approval, the Texas Legislature is one step closer to making carryout cocktails permanent.

Cheers!

https://t.co/KrQzxUreBe",2021-03-11 03:21:39,en
86,90651198,GregAbbott_TX,Greg Abbott,"More than 225,000 Texans got a COVID vaccine shot today and well over 7 million shots have been given in Texas.

Hospitalizations are the lowest since mid-October.

The positivity rate is 6.64% -- the lowest since late Sept.

More than 52% of seniors have received a vaccine.",2021-03-11 00:11:25,en
87,90651198,GregAbbott_TX,Greg Abbott,"Texas is now expanding the COVID vaccine eligibility to include all Texans 50 and older--beginning March 15th. 

Most seniors have already received a shot.

Seniors who have not received a shot &amp; want one will still be prioritized.

Always voluntary. https://t.co/oTAgnOk485",2021-03-10 22:00:17,en
88,90651198,GregAbbott_TX,Greg Abbott,"Happy Birthday to my friend &amp; a great legend who calls Texas home, @chucknorris! https://t.co/mk89xQR11m",2021-03-10 17:40:03,en
89,90651198,GregAbbott_TX,Greg Abbott,"The Texas Division of Emergency Management, Texas A&amp;M Forest Service &amp;  the TX Intrastate Fire Mutual Aid System prepositioned resources in response to a critical risk of wildfires in the Panhandle, Western Plains, Trans Pecos, &amp; the South Texas Plains.

https://t.co/y5YsV1AeNb",2021-03-10 04:01:59,en
90,90651198,GregAbbott_TX,Greg Abbott,"More than 220,000 Texans got a COVID vaccine shot today.

More than 51% of seniors have received a shot.

The positivity rate has dropped for 15 straight days &amp; is now down to 6.64%.

Keep up the great work to crush COVID in Texas.",2021-03-10 03:24:46,en
91,90651198,GregAbbott_TX,Greg Abbott,"Today I met with Border Patrol Officers

Last year they apprehended about 90,000 people crossing the border illegally in the RGV.

This year that number already exceed 100,000.

I deployed @TexasGuard &amp; DPS to crack down on cartels &amp; human smuggling.

https://t.co/lxpnjsZYAW",2021-03-10 00:55:56,en
92,90651198,GregAbbott_TX,Greg Abbott,"The Biden Admin. has created a disaster on the border. 

Record 3,200 migrant children stuck in Border Patrol custody + many who are not children. 

The federal government must fix this immediately. 

I’ll be there with Texas solutions today.  https://t.co/fNjK3KwGJj",2021-03-09 15:17:47,en
93,90651198,GregAbbott_TX,Greg Abbott,"Texas State Senator Paul Bettencourt filed 7 election integrity bills in the Texas Senate.

This legislation will take steps to ensure that every eligible voter gets to vote &amp; every ineligible voter is denied the ability to engage in voter fraud.

TX will have secure elections. https://t.co/9PTHUW3YRh",2021-03-09 04:39:01,en
94,90651198,GregAbbott_TX,Greg Abbott,"Texas wins award for top-performing state in job creation and capital investment.

Thanks to all the hard working Texans who make this happen.

https://t.co/rVGdVJTdql via @kiii3news",2021-03-09 03:39:11,en
95,90651198,GregAbbott_TX,Greg Abbott,"The TX Legislature is working around the clock to ensure that our power system remains strong

As one example this story details 7 bills filed by the Texas House to strengthen Texas' Grid after February's winter storm

The TX Senate is filling bills too

https://t.co/NphOU8w8AT",2021-03-09 02:34:15,en
96,90651198,GregAbbott_TX,Greg Abbott,"Covid hospitalizations declined again today

The positivity rate is the lowest since late September &amp; has been on a downward trajectory for months.

The number of reported fatalities is the lowest in more than 2 months.

COVID has not gone away, but we can continue to crush it.",2021-03-08 23:29:05,en
97,90651198,GregAbbott_TX,Greg Abbott,"Ahead of schedule, Texas now has given vaccine shots to more than 50% of seniors.

This is important because that age group represents the overwhelming majority of COVID hospitalizations &amp; fatalities.

Both should continue to improve with increased vaccinations of seniors.",2021-03-08 18:59:17,en
98,90651198,GregAbbott_TX,Greg Abbott,"This week Texas is slated to get more than 1,385,000 COVID vaccines.

We urge all seniors &amp; educators who want one to get one.

COVID-19 vaccine sign-up info: https://t.co/H5IxJkZVyC

 Also, Texans can call 2-1-1 for referral to a local provider. 

Always voluntary.",2021-03-08 04:47:26,en
99,90651198,GregAbbott_TX,Greg Abbott,"Good news continues on COVID improvements:

-the COVID positivity rate is 7.09%--the lowest in 5 months.

-Hospitalizations continue to decline--at 4,721 they are the lowest since Oct. 19th.

Vaccinations rates continue to increase.

Always voluntary, never forced.",2021-03-07 20:48:12,en
100,90651198,GregAbbott_TX,Greg Abbott,"Rocket producer SpaceX will open a high-tech factory in Austin, Texas, according to a recent job posting, the latest of Elon Musk’s projects to begin operations in the Lone Star State. 

More details in this story: https://t.co/2gViQoEpza

@SpaceX @elonmusk https://t.co/u19QZavFZj",2021-03-07 17:45:47,en
101,90651198,GregAbbott_TX,Greg Abbott,"Thanks Texans for  continued strong support through the recent storm.

Texans know that we will reform electric power agencies &amp; the grid to ensure we never again experience what happened in February.

We will winterize the grid &amp; mandate communication.

https://t.co/jn4lC77X8t https://t.co/uEBmhNUdyg",2021-03-07 17:21:15,en
102,90651198,GregAbbott_TX,Greg Abbott,"Today Texas  launched Operation Lone Star to respond to the border crisis.

It deploys Nat'l Guard + DPS Officers + air, ground, marine, &amp; tactical border security assets to deny Mexican Cartels &amp;  smugglers the ability to move drugs &amp; people into Texas.

https://t.co/r68J2laDpH",2021-03-07 01:19:33,en
103,90651198,GregAbbott_TX,Greg Abbott,"Today more than 228,000 Texans got a vaccine shot--the 2nd most administered in one day.

Hospitalizations declined below 5,000 &amp; are at the lowest level since October 20th.

The Covid positivity rate is the lowest since October 11th &amp; has been under 10% &amp; declining for 7 days.",2021-03-06 21:42:26,en
104,90651198,GregAbbott_TX,Greg Abbott,"The Alamo fell to enemy forces on this day in 1836.

The battle was lost, but the war was not.

Texas prevailed.

It’s a reminder of the grit, resolve &amp; perseverance of Texans from our very beginning.

We are challenged, but always overcome.

The Cenotaph will remain unmoved. https://t.co/5w3lsLZtdp",2021-03-06 17:47:48,en
105,90651198,GregAbbott_TX,Greg Abbott,"Today...

-more than 200,000 Texans received a vaccination shot

-COVID hospitalizations declined, as did the number of active COVID cases

-ALL 22 hospital regions in Texas are out of the danger zone

Keep up the great work to crush COVID in Texas.",2021-03-06 04:55:21,en
106,90651198,GregAbbott_TX,Greg Abbott,"I joined @SenBryanHughes to announce a bill that would prevent social media companies like Twitter &amp; Facebook from censoring conservative speech &amp; beliefs.

Silencing conservative views is un-American, it's un-Texan and it's about to be illegal in Texas.

https://t.co/JsPam2XyqD",2021-03-06 02:35:19,en
107,90651198,GregAbbott_TX,Greg Abbott,Thanks @SamsungAustin. https://t.co/83Yc6VbZRJ,2021-03-05 16:10:14,en
108,90651198,GregAbbott_TX,Greg Abbott,"I am joining @SenBryanHughes to announce a bill prohibiting social media companies from censoring viewpoints.

Too many social media sites silence conservative speech and ideas and trample free speech.

It's un-American, Un-Texan, &amp; soon to be illegal.

https://t.co/zSdirRa1pj",2021-03-05 04:52:19,en
109,90651198,GregAbbott_TX,Greg Abbott,"MORE good news:

COVID hospitalizations and the positivity rate both declined today.

We administered 180,914 vaccinations today and have far exceeded 6 million vaccinations altogether.

Always voluntary, never forced.",2021-03-05 01:19:24,en
110,90651198,GregAbbott_TX,Greg Abbott,My statement about the Biden administration assimilating Covid positive illegal immigrants in states across the country https://t.co/PqImAihYkp,2021-03-04 20:15:39,en
111,90651198,GregAbbott_TX,Greg Abbott,"Today...Texas has the lowest COVID hospitalizations since October 24th.

The positivity rate is the lowest since October 14th--and has steadily declined for 2 straight months.

We gave a daily record of vaccinations: 229,490.

In the last week we gave 1,220,577 vaccine shots.",2021-03-04 03:12:26,en
112,90651198,GregAbbott_TX,Greg Abbott,All Texas school employees &amp; childcare workers can now get the COVID vaccine.  https://t.co/sJRdsUetdf,2021-03-04 00:39:12,en
113,90651198,GregAbbott_TX,Greg Abbott,"The Biden Administration is recklessly releasing hundreds of illegal immigrants who have COVID into Texas communities. 

The Biden Admin. must IMMEDIATELY end this callous act that exposes Texans &amp; Americans to COVID.",2021-03-03 22:40:15,en
114,90651198,GregAbbott_TX,Greg Abbott,"ANOTHER new daily record in vaccines administered.

Today Texas reports more than 229,000 in a single day.

The high vaccination numbers focused on our senior population will continue to reduce hospitalizations. 

We are able to contain COVID and safely allow Texas to open 100%",2021-03-03 16:52:49,en
115,90651198,GregAbbott_TX,Greg Abbott,"-More than 7 million vaccinations will be given by next week.
-We do about 1 million a week.
-We gave 216,000 shots today alone.
-More than 50% of the seniors will be vaccinated.
-Hospitalizations &amp; the positivity rate are lowest in 4 months.
-All Texans know the safe practices. https://t.co/meJXrhcxnC",2021-03-03 02:52:18,en
116,90651198,GregAbbott_TX,Greg Abbott,"I just announced Texas is OPEN 100%. 

EVERYTHING. 

I also ended the statewide mask mandate.",2021-03-02 20:24:32,en
117,90651198,GregAbbott_TX,Greg Abbott,"Get ready.

Big announcement in 15 minutes.",2021-03-02 19:23:36,en
118,90651198,GregAbbott_TX,Greg Abbott,"Today Texas will report a new one day record for the number of people receiving vaccines—more than 216,000.

We are now providing more than 1 million Vaccines a week.

This is a big reason why hospitalizations are at the lowest level in four months.

Always voluntary.

#txlege",2021-03-02 16:36:33,en
119,90651198,GregAbbott_TX,Greg Abbott,"Thank you Texans for your support.

I will have some exciting news for you tomorrow. https://t.co/xX15LUwsoN",2021-03-02 02:27:36,en
120,90651198,GregAbbott_TX,Greg Abbott,"Texas is #1, AGAIN.

Texas won the Governor’s Cup for 2020.

It goes to the top state for job creation &amp; economic development.

This means more prosperity for Texans.

Texas has won this award 9 years in a row.

Thanks to local communities for their help 

https://t.co/NKZfeW8aiv",2021-03-01 20:37:07,en
121,90651198,GregAbbott_TX,Greg Abbott,"‘Save Our Seniors’ — Texas’ plan to vaccinate homebound older people, rolls out across the state Monday. 

We are using the National Guard to help local communities connect with seniors and provide them a vaccine. 

⁦@TexasGuard⁩
 https://t.co/Zev7wsgfD5",2021-03-01 07:52:43,en
122,90651198,GregAbbott_TX,Greg Abbott,"Trump dashes Democrat hopes that the Republican Party will divide. 

""We're not starting new parties. 

""We have the Republican Party. 
It's going to unite and be stronger than ever before."" https://t.co/BsUbywnLen",2021-02-28 23:31:50,en
123,90651198,GregAbbott_TX,Greg Abbott,"Large-scale smuggling of people across the border is increasing.

I've ordered the Dept. of Public Safety to deploy officers, and use every legal tool possible, to crack down on these smuggling operations.

@TxDPS 
#txlege

https://t.co/8KW6FTwNbQ via @mysa",2021-02-28 17:53:25,en
124,90651198,GregAbbott_TX,Greg Abbott,"Texas should get more than 200,000 initial doses of newly approved Johnson &amp; Johnson vaccine.

It requires just one shot.

That is in addition to almost 1.5 million vaccine doses from Pfizer and Moderna this week.

Always voluntary.

https://t.co/dxfzYrPXRu via @KHOU",2021-02-28 04:56:15,en
125,90651198,GregAbbott_TX,Greg Abbott,"Today Texas surpassed 5 million vaccines administered.

Those numbers will increase rapidly with the 1.5 million vaccines received this week + the weekly increases in vaccines sent from Washington. 

Also a new vaccine will be approved effective next week.

Always voluntary.",2021-02-26 17:24:48,en
126,90651198,GregAbbott_TX,Greg Abbott,"Today I was in Corpus Christi to announce a Statewide ‘Save Our Seniors’ program to vaccinate homebound seniors across Texas.

The National Guard will support our mission to help vaccinate seniors &amp; those who are most at risk of COVID. 

⁦@TexasGuard⁩ https://t.co/ML3d8HKijj",2021-02-26 03:23:07,en
127,90651198,GregAbbott_TX,Greg Abbott,"A federal judge in Texas extends a nationwide ruling preventing the Biden administration from halting deportation of undocumented immigrants.

This order is essential to ensure the immigration laws are enforced.

https://t.co/4ZyYkD71zh via @bpolitics",2021-02-25 04:58:59,en
128,90651198,GregAbbott_TX,Greg Abbott,"GEUS: Customers won't see energy cost spikes.

I'm seeing a lot of headlines like this.

This is the right move by local utilities and power providers.

https://t.co/v4XyTrr0MB",2021-02-24 05:05:04,en
129,90651198,GregAbbott_TX,Greg Abbott,"31 more Texas counties have been added to the major disaster declaration.

This will help speed the recovery in regions across the state.

https://t.co/A804Hb4wrM",2021-02-23 05:30:54,en
130,90651198,GregAbbott_TX,Greg Abbott,"Today I joined the Texas Air Guard, the Texas National Guard &amp; the US military to distribute water to our fellow Texans.

About 3.5 million bottles of water have been delivered.

Thanks to the countless Texans who are pitching in to help out others in need.

⁦@TexasGuard⁩ https://t.co/wUNC51OYO2",2021-02-22 04:13:05,en
131,90651198,GregAbbott_TX,Greg Abbott,"Texas will get almost 1 million COVID vaccine doses this next week.

About 600,000 first doses &amp; more than 350,000 second doses.

We will catch up for delays during the winter weather.

We should administer more than 5 shots million before March.

 Always voluntary never forced.",2021-02-21 23:33:19,en
132,90651198,GregAbbott_TX,Greg Abbott,"Texans shouldn't have to face a spike in their energy costs.

To quickly address this issue I held an emergency meeting today with legislative leaders to begin crafting solutions. 

We are working to fix this fast.

#txlege

https://t.co/qYrQq1J5ho",2021-02-21 03:25:31,en
133,90651198,GregAbbott_TX,Greg Abbott,"As of this afternoon there are no residential power outages due to lack of power generation.

If any residence doesn’t have power it is due to downed power lines or the need for the power company to manually reconnect.

If you don’t have power contact your local power provider.",2021-02-18 23:09:32,en
134,90651198,GregAbbott_TX,Greg Abbott,"UPDATE: About 1,600,000 homes have had power restored today.

Current power generation is restoring an additional 200,000 homes every hour.",2021-02-18 01:28:05,en
135,90651198,GregAbbott_TX,Greg Abbott,We are ordering an investigation into ERCOT and immediate transparency by ERCOT. https://t.co/Mt2GPlaFuE,2021-02-16 19:46:05,en
136,90651198,GregAbbott_TX,Greg Abbott,"UPDATE: 400,000 more homes had power restored this morning.

Expect more during the day.",2021-02-16 18:01:31,en
137,90651198,GregAbbott_TX,Greg Abbott,"The Texas National Guard always steps forward to serve and protect the people of Texas when needed.

Now they are deployed across the state to help move vulnerable Texans to warm shelters.

Thanks @TexasGuard.

https://t.co/DwXqsy2fWu",2021-02-16 04:35:58,en
138,90651198,GregAbbott_TX,Greg Abbott,Here is the information from ERCOT: https://t.co/Mud1cxhklP,2021-02-15 22:49:49,en
139,90651198,GregAbbott_TX,Greg Abbott,RT @HaydenJSparks: .@GregAbbott_TX has announced that the state is deploying more resources to help respond to the lack of power. Among oth…,2021-02-15 22:17:04,en
140,90651198,GregAbbott_TX,Greg Abbott,"NEW:  The Public Utilities Commission now tells me that about 500,000 residential customers are having power restored at this time.

They said to expect even more this evening. https://t.co/mfi9SumNNJ",2021-02-15 21:53:34,en
141,90651198,GregAbbott_TX,Greg Abbott,"Good news. Results are on the way. 

About 200,000 residential customers are coming back on line now. 

More are expected in the coming hours. https://t.co/8AlqYOycT8",2021-02-15 21:02:41,en
142,90651198,GregAbbott_TX,Greg Abbott,"The Texas power grid has not been compromised.

The ability of some companies that generate the power has been frozen. 

This includes the natural gas &amp; coal generators.

They are working to get generation back on line. 

ERCOT &amp; PUC are prioritizing residential consumers. https://t.co/wDiDXN17Fu",2021-02-15 19:35:35,en
143,90651198,GregAbbott_TX,Greg Abbott,"I have gathered information all day from ERCOT &amp; the Public Utilities Comm. &amp; will provide a detailed update shortly.

Many power generation companies facilities froze overnight and shut down their ability to generate power.

They are working to get power back on line.

More soon",2021-02-15 19:29:15,en
144,90651198,GregAbbott_TX,Greg Abbott,"Looks like defunding police didn't go well in Minneapolis.

Now they're spending $6.4M to recruit more police officers.

It won't go well in Texas either.

That's why I want legislation preventing cities from defunding police.

#BackTheBlue 
#txlege

https://t.co/NkOru45fvO",2021-02-14 22:54:10,en
145,90651198,GregAbbott_TX,Greg Abbott,"Today Texas surpassed 4,000,000 Covid vaccinations.

That comes just 8 days after we passed 3,000,000.

Thanks to all healthcare &amp; frontline workers helping to achieve this success.

More vaccines are coming soon with the opening of Super Sites.

Always voluntary, never forced",2021-02-14 19:30:55,en
146,90651198,GregAbbott_TX,Greg Abbott,"On #ValentinesDay 40 years ago I proposed to Cecilia on this bridge at the River Walk in San Antonio. 

She remains my Valentine to this day.❤️ https://t.co/PiHaxhR47s https://t.co/l8fIGNn0D7",2021-02-14 18:09:31,en
147,90651198,GregAbbott_TX,Greg Abbott,Happy #ValentinesDay https://t.co/YiWpRhrrRW,2021-02-14 16:03:23,en
148,90651198,GregAbbott_TX,Greg Abbott,"Our hearts are broken by the loss of this Dallas police officer killed in the line of duty by a drunk driver while the officer was working the scene of an accident.

Please keep his family in your prayers.

#BackTheBlue 

https://t.co/EbhkK3HnE7",2021-02-14 04:46:25,en
149,90651198,GregAbbott_TX,Greg Abbott,"Tomorrow is #ValentinesDay. 

Don’t tell The First Lady of Texas, but I got her roses from @RuibalsPlants in Dallas.

Small businesses like Ruibal’s are the cornerstone of the TX economy. 

I encourage Texans to buy small &amp; buy local to support our small business community. https://t.co/7oQpyhwrZk",2021-02-14 01:16:11,en
150,90651198,GregAbbott_TX,Greg Abbott,"Texas Department of Transportation teams in every region of the state are working 24/7 to make roads as safe as possible.

Despite their efforts, the snow &amp; ice &amp; extreme cold will mean that not all roads will be safe.

If you have to drive, be careful.

@TxDOT https://t.co/FyHU2iEt4S",2021-02-14 00:28:49,en
151,90651198,GregAbbott_TX,Greg Abbott,"Here is how one Texan is protecting his outdoor faucet from the cold winter weather.

⁦@Whataburger⁩ of course. https://t.co/YZpfoRlYoU",2021-02-14 00:08:45,en
152,90651198,GregAbbott_TX,Greg Abbott,"Happy birthday number 24 to my daughter Audrey. 

My favorite thing in life has been watching her grow to become such a wonderful young woman. https://t.co/mczmZ7FngB",2021-02-13 17:46:44,en
153,90651198,GregAbbott_TX,Greg Abbott,"Dallas-Fort Worth area could see near-blizzard conditions this weekend.

Much of Texas will face historic low temperature that will last for days.

Roads will be very dangerous.

Some areas may experience power outages.

Take precaution to stay safe.

https://t.co/d5gdKcrQYO",2021-02-13 04:09:55,en
154,90651198,GregAbbott_TX,Greg Abbott,"I've issued a disaster declaration in all 254 counties in response to severe winter weather impacting Texas.

State resources are available to help local officials respond. The State Operations Center will operate 24 hours a day.

Heed local warnings.

https://t.co/P3ah3HFTqb",2021-02-13 02:05:10,en
155,90651198,GregAbbott_TX,Greg Abbott,"Texas Republicans Push to Protect Businesses from COVID-Related Lawsuits. 

#txlege
 https://t.co/fY3kJYOAFx",2021-02-12 23:10:59,en
156,90651198,GregAbbott_TX,Greg Abbott,"This is such a horrific tragedy.

Cecilia &amp; I keep in our prayers all the victims &amp; their families.

Harsh winter weather will continue to hit Texas in the coming days. Please use extra caution on the roads to prevent further accidents &amp; loss of life. 

https://t.co/jKzLGX9mFl",2021-02-12 04:34:55,en
157,90651198,GregAbbott_TX,Greg Abbott,"Today I met with small business owners in Dallas to discuss ways to help them grow jobs in Texas.

It included @RuibalsPlants⁩ owners &amp; staff!

Their TOP request: cut regulations. 

That is a top priority for me and the Texas Legislature. https://t.co/k0WQl5m1Pv",2021-02-12 02:21:12,en
158,90651198,GregAbbott_TX,Greg Abbott,"Congratulations to these 26 Texas Public Schools on being nominated for 2021 National Blue Ribbon Honors. 

They are examples of excellence.  https://t.co/8gfB0ToqMW",2021-02-12 00:05:37,en
159,90651198,GregAbbott_TX,Greg Abbott,"Texas is deploying State Mobile Vaccine Teams to 5 underserved counties.

These are in addition to the counties we served last week.

More counties will be added in coming weeks.

We are focusing on vulnerable seniors. 

Always voluntary, never forced.

https://t.co/YoBpmOEECg",2021-02-11 22:43:05,en
160,90651198,GregAbbott_TX,Greg Abbott,"Pay-for-performance is changing Dallas schools--and teachers are reaping the benefits.

Pay is increasing, and the best teachers are retained at a much higher rate while more of its low-performing teachers have departed.

Students are the real winners.

https://t.co/F1OMcilnpJ",2021-02-11 20:24:00,en
161,90651198,GregAbbott_TX,Greg Abbott,"Texas has vaccinated more people in the last 7 days than any 7 day stretch during the pandemic.

With the addition of increased vaccinations at the new FEMA Super Sites + the new Johnson &amp; Johnson vaccine, our vaccination numbers will soar even more.

https://t.co/pT3QQXe3wC",2021-02-11 04:44:17,en
162,90651198,GregAbbott_TX,Greg Abbott,"I Swear, Judge, ‘I Am Not a Cat,’ 

Too funny.

https://t.co/k2t7zTZcno via @vice",2021-02-10 03:16:51,en
163,90651198,GregAbbott_TX,Greg Abbott,"Today I met with Dept. of Public Safety director McCraw to discuss border security.

Because of federal government open border policies Texas must step up efforts to ensure laws are enforced.

The ⁦@TxDPS⁩ will work with the ⁦@TexasGuard⁩ to better secure our state. https://t.co/jXotDVFXDs",2021-02-10 02:17:24,en
164,90651198,GregAbbott_TX,Greg Abbott,"Cecilia and I are saddened by the loss of Congressman Ron Wright. 

We enjoyed having him and his family at the Governor’s Mansion for a Christmas party 2 years ago. 

He was an outstanding Representative and always the life of the party.

RIP https://t.co/bswtjFYMdc",2021-02-09 00:51:27,en
165,90651198,GregAbbott_TX,Greg Abbott,"Texas is #1, AGAIN!

For the 19th consecutive year, the @uscensusbureau ranked Texas the top exporting state in America. 

We also led the nation in tech exports for the 8th year in a row.

No state can match the economic might of Texas. https://t.co/5O740r34y0",2021-02-08 20:14:08,en
166,90651198,GregAbbott_TX,Greg Abbott,Texas Governor Abbott working on legislation to prevent social media platforms from 'canceling conservative speech'  https://t.co/Kzem3LC0IL,2021-02-08 18:12:49,en
167,90651198,GregAbbott_TX,Greg Abbott,"Texas is working with FEMA to create some Super Sites for vaccinations.

Initially it would likely be 2 sites with 5000-6000 additional vaccinations per day, 7 days a week for 8 weeks. 

It would likely start in Houston &amp; Dallas -- with possible expansion to other locations.",2021-02-08 16:07:19,en
168,90651198,GregAbbott_TX,Greg Abbott,"RT @EmmanuelAcho: The streaker must’ve been a #Chiefs fan, because even he couldn’t get into the Buccaneers end zone. #SuperBowl 

 https:/…",2021-02-08 03:17:04,en
169,90651198,GregAbbott_TX,Greg Abbott,"Texas is poised to lead a strong economic recovery.

The Dallas Fed projects a gain of over 500,000 jobs in TX this year. That would be the largest annual increase ever.

“Texas is the shining example that the pandemic has not hit every place the same""

https://t.co/XAjBdkooTy",2021-02-08 03:03:35,en
170,90651198,GregAbbott_TX,Greg Abbott,"599,273. That is how many vaccinations Texas has administered JUST from Thursday to Sunday this week.

That includes 138,765 vaccines administered today.

Thanks to the front line workers achieving these results.

Always voluntary, never forced.",2021-02-07 21:53:42,en
171,90651198,GregAbbott_TX,Greg Abbott,"We are working with Sen. Hughes on legislation to prevent social media providers like Facebook &amp; Twitter from cancelling conservative speech.

https://t.co/7uo9sO0X9L via @wfaa",2021-02-07 21:35:06,en
172,90651198,GregAbbott_TX,Greg Abbott,"Among the 10 most populous states, only Texas posted a gain in the labor force, according to data from the U.S. Bureau of Labor Statistics. 

We are poised for powerful economic growth this year.

https://t.co/KeiFBBWaum",2021-02-06 23:35:52,en
173,90651198,GregAbbott_TX,Greg Abbott,"Today Texas set a new one-day record for the number of vaccinations administered: 179,910. 

Also today we surpassed 3,000,000 vaccinations administered.

More vaccines will arrive in the coming weeks.

Always voluntary.",2021-02-06 21:45:50,en
174,90651198,GregAbbott_TX,Greg Abbott,"Visiting the World Famous Fort Worth Zoo today. 

Especially proud of the Texas section.

So many Texans enjoying the outdoor experience.  

@FortWorthZoo https://t.co/ttVcslaLUH",2021-02-06 20:51:27,en
175,90651198,GregAbbott_TX,Greg Abbott,"This is an example why I want to make Texas a Second Amendment Sanctuary State —&gt;

Gun control bill from Rep. Sheila Jackson Lee would create national firearm registry, require licensing. 

We must erect a complete barrier to gun regulations like this.  https://t.co/gKtGnISqzf",2021-02-06 17:49:16,en
176,90651198,GregAbbott_TX,Greg Abbott,"Biden's immigration policy is threatening safety in Texas. 

A prisoner convicted of child sex assault is set for release today, but has an ICE detainer that should have him deported.

BUT, Biden is releasing him into our community.

I'm asking the Texas AG to take legal action.",2021-02-05 18:32:52,en
177,90651198,GregAbbott_TX,Greg Abbott,"Dude. Just stop. 

Because, as the saying goes, don’t mess with Texas. https://t.co/qJb6F13943",2021-02-05 07:31:30,en
178,90651198,GregAbbott_TX,Greg Abbott,"Reinstatement of Austin's homeless camping ban one step closer to being on May ballot.

We can provide compassionate pathways for the homeless.

But compassion doesn't mean allowing anyone to urinate, defecate &amp; spread drug needles wherever they lie.

https://t.co/STbzYoes3i",2021-02-05 04:24:52,en
179,90651198,GregAbbott_TX,Greg Abbott,"Texas was #1 in the U.S. for commercial real estate development in 2020.

It added more than $65 billion to the Texas economy &amp; more than 428,000 jobs.

No other state came close.

It's examples like this that I say Texas is brimming with promise.

https://t.co/BmKPUptgkZ",2021-02-05 03:21:48,en
180,90651198,GregAbbott_TX,Greg Abbott,"The number of Texans with at least one vaccine dose surpasses the number of confirmed COVID-19 cases. 

Plus, more than 2,000,000 Texans have recovered from COVID. 
 https://t.co/MBBpUbI7oC",2021-02-05 02:20:40,en
181,90651198,GregAbbott_TX,Greg Abbott,"Today Texas set a new one-day record for the number of vaccinations administered: 152,948.

We were the 1st state to vaccinate 1,000,000 people.

In a few days we will surpass 3,000,000 vaccinations administered.

More vaccines will arrive in the coming weeks.

Always voluntary.",2021-02-04 19:31:52,en
182,90651198,GregAbbott_TX,Greg Abbott,https://t.co/Y3X5LpcJ88,2021-02-03 06:59:29,und
183,90651198,GregAbbott_TX,Greg Abbott,"This is so cool. 

THIS is what Texas is all about!

Congrats @MichaelDell https://t.co/yIrD1NVuUS",2021-02-02 07:36:21,en
184,90651198,GregAbbott_TX,Greg Abbott,"“When the Permian Basin needed to see a leader step up and tell our residents that he has our back, that is what Abbott did.”

I will always fight for the hardworking Texans who create jobs &amp; provide the energy we need to keep America energy independent.  https://t.co/hUJsE8M55V",2021-01-31 18:06:03,en
185,90651198,GregAbbott_TX,Greg Abbott,"This is CRAZY!

Pres. Biden is giving COVID vaccines to terrorists at Gitmo—while hard working Texans are waiting for more shots from the federal government. 

 We need more shots! 

Stop using them on terrorists who killed Americans.   https://t.co/JxypMqj55h",2021-01-31 17:36:16,en
186,90651198,GregAbbott_TX,Greg Abbott,"Locked-down 'Blue State Blues' present dire contrast to GOP-run Florida, Texas

There are good reasons why people are flocking to Texas and why we added 64,000 new jobs in the last monthly report

Innovation not regulation &amp; taxes

⁦@IngrahamAngle⁩

https://t.co/O9nDHsmzaT",2021-01-30 21:07:50,en
187,90651198,GregAbbott_TX,Greg Abbott,"Happy Birthday # 3 to Peaches! 🎉

She is the younger sister of ⁦@TexasPancake⁩. https://t.co/qjlVSx9CNk",2021-01-30 20:44:07,en
188,90651198,GregAbbott_TX,Greg Abbott,"Texas’ most reliable economist expects ‘very strong’ recovery for state in second half of 2021.
 
Count on it.

The Texas economy is about to skyrocket.

https://t.co/HHuXl7leXt",2021-01-30 05:55:02,en
189,90651198,GregAbbott_TX,Greg Abbott,"Today I signed an Executive Order empowering the state to use use every tool possible to prevent the Biden Administration from killing energy jobs in Texas.

I will have the backs of the blue collar workers who depend on those jobs for a paycheck.  https://t.co/ozLfiQpyU3",2021-01-29 02:02:36,en
190,90651198,GregAbbott_TX,Greg Abbott,"Today Texas set a new daily record for vaccinations—more than 133,000.

AND, just 2 weeks ago Texas was the 1st state to give more than 1 million vaccines.

Today we significantly surpassed the 2 million mark—2,056,962.

The numbers will continue to increase.

Always voluntary.",2021-01-28 17:18:09,en
191,90651198,GregAbbott_TX,Greg Abbott,"Texas is sending mobile vaccination teams to rural areas of the state to help administer coronavirus vaccines.

Texas National Guard personnel will help give the shots beginning on Thursday in 5 counties at first &amp; then add to the list.

@TexasGuard 

https://t.co/50MTN839F6",2021-01-28 03:29:39,en
192,90651198,GregAbbott_TX,Greg Abbott,"I just spoke with Emilian Sosa about his mom. 

We are helping his mom right now. 

With the help of Nim Kidd, the Chief of the Texas Division of Emergency Management &amp; Dr. Zerwas, the equipment his mother needs was located.  

She should be in good medical care. 

@TDEM https://t.co/dzgRby52ms",2021-01-27 22:59:55,en
193,90651198,GregAbbott_TX,Greg Abbott,"We are starting this session like the last one—the Lt. Governor, Speaker &amp; Governor coming together to collaborate on an effective agenda to make Texas even better. 

Plus, of course, ⁦@TexasPancake⁩. 

Thanks to ⁦@DanPatrick⁩ &amp; ⁦@DadePhelan⁩ 

#txlege https://t.co/yBeQxlhyir",2021-01-27 15:28:31,en
194,90651198,GregAbbott_TX,Greg Abbott,"Today I announced legislative proposals to protect protect businesses from coronavirus-related lawsuits.

I'm also seeking laws that reduce regulations, streamline the permitting process &amp; expand broadband access to every area of Texas.

https://t.co/KScKRFqBSb",2021-01-27 04:13:14,en
195,90651198,GregAbbott_TX,Greg Abbott,"The Texas National Guard returned home earlier this week—but not before proudly flying the flag of their home state. 

We are grateful for their service at home and abroad. 

⁦@TexasGuard⁩ https://t.co/uQVXlYjKL3",2021-01-27 00:05:44,en
196,90651198,GregAbbott_TX,Greg Abbott,"A  Federal judge temporarily blocks President Biden's attempt to halt deportations of illegal immigrants  who already have a final order of removal from the US.

The President's act abandoned the obligation to enforce immigration laws.

https://t.co/coIuz9sStW",2021-01-26 21:06:12,en
197,90651198,GregAbbott_TX,Greg Abbott,"Texas set a new one day record for Covid vaccinations—more than 114,000 in a single day. 

These numbers should continue to increase—especially with the coming addition of the Johnson &amp; Johnson vaccine. 

As always these are voluntary and never forced.",2021-01-26 20:17:18,en
198,90651198,GregAbbott_TX,Greg Abbott,"Rural Texas counties lead the country in vaccination rates.

They represent 8 of the top 11 counties in America including the #1 &amp; #2 ranked counties. 

Thanks to the many Frontline healthcare workers who are achieving this success. https://t.co/M02z2Y9DvW",2021-01-25 19:55:57,en
199,90651198,GregAbbott_TX,Greg Abbott,"Amarillo is leading the nation in COVID-19 vaccination rates.

They set up an efficient &amp; effective process.

They are a model for all communities across the state to follow 

https://t.co/5DZIVXXZy2",2021-01-25 18:02:11,en
200,90651198,GregAbbott_TX,Greg Abbott,"Texas gun, ammo sales skyrocket. 

People are shooting ‘faster than they can make it’ 

https://t.co/SKTdtM8xIu",2021-01-25 15:42:30,en
201,90651198,GregAbbott_TX,Greg Abbott,"Working with the Texas Dept. of Public Safety, I have issued the Texas Homeland Security Strategic Plan 2021-2025.

We will do everything possible to keep Texans safe &amp; secure from any threat.

@TxDPS

https://t.co/rHDcm0Zfrc",2021-01-25 04:03:49,en
202,90651198,GregAbbott_TX,Greg Abbott,"Cheers, Texas!

Last session, I signed a law allowing beer-to-go sales in Texas.

Let’s expand that this session and more broadly make alcohol-to-go an official law in Texas. 

Stay thirsty my friends. 

#NationalBeerCanAppreciationDay https://t.co/aq2leds13D",2021-01-25 00:28:10,en
203,90651198,GregAbbott_TX,Greg Abbott,"Texas To Fully End Taxpayer Funding Of Planned Parenthood By Feb. 3.

Innocent lives will be saved.

 https://t.co/W7NO3axryV",2021-01-24 22:12:08,en
204,90651198,GregAbbott_TX,Greg Abbott,"Defunding police is reckless &amp; endangers lives.

We will never turn our back on our law enforcement officers.

We will defund cities that tried to defund police
 
Texas will remain a law &amp; order state.

#BackTheBlue 

https://t.co/rXp53VhaSu #FoxNews",2021-01-23 22:14:40,en
205,90651198,GregAbbott_TX,Greg Abbott,"Crime Stoppers of Houston Fully Supports Gov. Abbott's Bail Bond Reform Priorities.

Crime Stoppers noticed that criminals charged with murder had been released on multiple felony bonds, bond forfeiture or a personal bond.

This must end

@CrimeStopHOU 

https://t.co/cZF8bAagtg",2021-01-23 17:47:37,en
206,90651198,GregAbbott_TX,Greg Abbott,"Today, Texas administered more than 100,000 vaccines in a single day for the first time.

Vaccine volumes are expected to continue to increase.

Our providers are not only working faster, they are also covering more regions in the state.

Always voluntary, never forced.",2021-01-23 01:12:56,en
207,90651198,GregAbbott_TX,Greg Abbott,"Samsung eyes Texas for new $10 billion chipmaking plant.

Not a done deal yet but this is another example of the potential explosive economic growth that Texas sees on its horizon.

Texas led US for economic development in 2020.

2021 off to great start.

https://t.co/qVofBT7w9J",2021-01-22 17:31:17,en
208,90651198,GregAbbott_TX,Greg Abbott,"President Biden is trying to halt deportations of illegal aliens who already have a final order of removal from the U.S. 

This abandons the obligation to enforce federal immigration laws.

Texas is fighting this attempt to grant blanket amnesty.

https://t.co/9Zafo9151y",2021-01-22 04:40:26,en
209,90651198,GregAbbott_TX,Greg Abbott,I have instructed General Norris to order the return of the Texas National Guard to our state. @TexasGuard,2021-01-22 04:00:59,en
210,90651198,GregAbbott_TX,Greg Abbott,"Texas is a law-and-order state, and we’re going to keep it that way.

#TexasBacksTheBlue https://t.co/mEUrpsJ94g",2021-01-21 19:06:28,en
211,90651198,GregAbbott_TX,Greg Abbott,"I congratulate Joe Biden on his Inauguration as President, and pray that he is guided by God and follows the Constitution as he assumes leadership of the greatest country in the history of the world. May we forever remain that way.",2021-01-20 23:52:39,en
212,90651198,GregAbbott_TX,Greg Abbott,"If Austin doesn't reinstate the ban on homeless camping the state will do it for them.

Contrary to what Austin leaders think no one has a right to urinate &amp; defecate wherever they want.

Homelessness promoted by Austin has also endangered public safety.

https://t.co/aH4DSJAKpR",2021-01-20 22:00:44,en
213,90651198,GregAbbott_TX,Greg Abbott,"This week Texas will distribute its largest shipment of COVID vaccines to date. 

More than 1.3 million doses have already been administered. 
 
This week we’ll add 843,000 doses.
 
Texas has administered 78% of all doses allocated so far.
 https://t.co/rQBTq1TmI6",2021-01-19 21:42:24,en
214,90651198,GregAbbott_TX,Greg Abbott,"This is the most offensive thing I've ever heard.

No one should ever question the loyalty or professionalism of the Texas National Guard. @TexasGuard 

I authorized more than 1,000 to go to DC.

I'll never do it again if they are disrespected like this.

https://t.co/STZDMz7PGm",2021-01-19 01:03:17,en
215,90651198,GregAbbott_TX,Greg Abbott,"Today we honor the life and legacy of Dr. Martin Luther King Jr. 

May his vision for freedom, equality, and opportunity for all live forever. #MLKDay2021 https://t.co/csqigm9fpQ",2021-01-18 17:06:22,en
216,90651198,GregAbbott_TX,Greg Abbott,"Biden transition official tells migrant caravans: 'Now is not the time' to come to US. 

Immigration should only be allowed if it follows US law. 

Texas will enhance our border security efforts. 

We must protect Texas jobs for Texas families.  https://t.co/a0jBhkJyIM",2021-01-17 23:36:37,en
217,90651198,GregAbbott_TX,Greg Abbott,"Supreme Court rejects plea from Fort Worth hospital to remove Baby Tinslee from life support. 

Next month she will turn 2. 

Texas will continue to advance laws that protect life. 

https://t.co/ftFl5onFRs",2021-01-17 18:31:00,en
218,90651198,GregAbbott_TX,Greg Abbott,"Texas leads America in Vaccines distributed.

We are now expanding Vaccine Hubs from 28 to 79 across the state &amp; adding more shots. The links below show you where to find them.

Vaccine providers are also available in smaller locations.

Always voluntary, never forced. https://t.co/UxNghUhIdO",2021-01-17 17:17:07,en
219,90651198,GregAbbott_TX,Greg Abbott,"Our country was founded on religious liberty, and I will always fight to protect our first freedom as Americans, and as Texans.

#NationalReligiousFreedomDay https://t.co/3TduI7A0tS",2021-01-16 22:10:07,en
220,90651198,GregAbbott_TX,Greg Abbott,"A new crop of Texas-led lawsuits awaits Joe Biden's White House.

Texas will take action whenever the federal government encroaches on state's rights, or interferes with constitutionally rights, or private property rights or the right to earn a living.

https://t.co/ciFeXAu8rz",2021-01-16 20:58:51,en
221,90651198,GregAbbott_TX,Greg Abbott,"Northside Independent School District will soon start vaccinating staff members.
 
https://t.co/JOT1X4P0Y1",2021-01-16 05:23:51,en
222,90651198,GregAbbott_TX,Greg Abbott,"Texas continues to lead America for the number of vaccines administered.

We also rank #1 among the 20 largest states for the percentage of doses administered.

Thanks to all the front line healthcare workers who are achieving these results. 

Always voluntary, never forced. https://t.co/gtwT9s06X8",2021-01-16 01:08:12,en
223,90651198,GregAbbott_TX,Greg Abbott,"NRA may be moving to Texas. 

From their letter:

“Texas values the contributions of the NRA, celebrates our law-abiding members, and joins us as a partner in upholding constitutional freedom.”

Welcome to Texas—a state that safeguards the 2nd Amendment https://t.co/CCoP5DmGMI",2021-01-15 21:23:08,en
224,90651198,GregAbbott_TX,Greg Abbott,Excellent work! https://t.co/yCOtgGxVJH,2021-01-15 03:02:51,en
225,90651198,GregAbbott_TX,Greg Abbott,"TX is leading the nation once again!

✅ 1st state to administer 1 MILLION #COVID19 vaccines
✅ More doses administered than any other state
✅ No. 1 for % of doses administered— among top 20 states for distribution

We have a long road ahead of us, but TX is up to the challenge. https://t.co/yus8FD2jPY",2021-01-15 00:17:41,en
226,90651198,GregAbbott_TX,Greg Abbott,"Here's how to sign up to get a COVID-19 vaccine at any Hub in Texas.

You can use one of the Hubs or a community based provider on the list.

Texas leads the nation in the number of vaccines administered.

We get additional supplies each week.

https://t.co/j1rR3WMWvl via @ktbs",2021-01-14 05:04:29,en
227,90651198,GregAbbott_TX,Greg Abbott,"A woman accused of voter fraud in San Antonio has been arrested &amp; charged with illegal voting, unlawfully assisting people voting by mail &amp; unlawfully possessing a ballot.

 She faces up to 20 years in prison.

Texas doesn't tolerate election fraud.

https://t.co/6Y9mL6VB51",2021-01-13 22:48:06,en
228,90651198,GregAbbott_TX,Greg Abbott,"Elon Musk knows what’s up. 

Some people think that people like him moving from CA to Texas will turn Texas blue. 

That’s false.

He consistently makes comments like this that push back against liberal political correctness.

He’s a true believer in freedom &amp; less government. https://t.co/20QyM7OnFf",2021-01-13 06:36:50,en
229,90651198,GregAbbott_TX,Greg Abbott,"Texas has administered more doses of the Covid vaccine than any other state.

We rank #2 among the top 20 states for the percentage of shots used.

Our numbers will continue to improve because we are just now using the large scale vaccination locations. 

All as of today. https://t.co/2NlU7jEnB1",2021-01-13 06:20:23,en
230,90651198,GregAbbott_TX,Greg Abbott,"The Supreme Court rejected a Democratic bid to force universal vote-by-mail in Texas, leaving intact a state law. 

We won’t compromise election integrity in Texas with voting schemes that are subject to fraud. 

We will protect elections in Texas.  https://t.co/fGKA0cYWjM",2021-01-13 06:04:03,en
231,90651198,GregAbbott_TX,Greg Abbott,"""Now more than ever, Texans need the Legislature to succeed this session. 

But equally important, AMERICA needs Texas to lead the way. 

We will chart a course towards a healthier, safer, freer, and more prosperous future for every Texan.""

https://t.co/ndu4BfQ9gF",2021-01-13 04:41:18,en
232,90651198,GregAbbott_TX,Greg Abbott,"Let's make alcohol-to-go an official law in Texas.

https://t.co/ndu4BfQ9gF",2021-01-13 04:36:44,en
233,90651198,GregAbbott_TX,Greg Abbott,"This proposed law to limit the Castle Doctrine that currently allows homeowners to defend themselves has 0% chance of passing. 

Even if it did pass it has a 100% certainty of being vetoed. 

We will protect 2nd Amendment rights—not limit them. 

#2A

https://t.co/XjjT41ycaw",2021-01-13 03:24:11,en
234,90651198,GregAbbott_TX,Greg Abbott,"Flying over Texas today reminded me of flying over Alaska. 

A lot of snow. 

The difference is that it probably will all be melted by tomorrow. https://t.co/m7kphk8aYv",2021-01-11 17:05:42,en
235,90651198,GregAbbott_TX,Greg Abbott,"Golden retrievers love the snow. 

⁦@TexasPancake⁩ and Peaches are having a ball today. 

*Turn sound on https://t.co/PQJOZuLnpO",2021-01-10 22:51:52,en
236,90651198,GregAbbott_TX,Greg Abbott,A rare &amp; beautiful sight — the Governor’s Mansion &amp; Texas Capitol are blanketed in snow. https://t.co/TuiIqaXEx6,2021-01-10 20:29:54,en
237,90651198,GregAbbott_TX,Greg Abbott,"Canceling conservative speech is hostile to the free speech foundation America was built on.

There is no reason why social media organizations that pick &amp; choose which speech they allow to be protected by the liability protections in 47 US Code Section 230.

230 must be repealed",2021-01-10 18:24:16,en
238,90651198,GregAbbott_TX,Greg Abbott,"Texans, be safe this weekend.

A winter storm is crossing much of our state &amp; some areas may see snow or sleet.

Many roads may be dangerous.

Texas has placed state resources on standby.

Go to https://t.co/1AGfJYp11z to stay informed about roads.

https://t.co/uEEQcT8ABB",2021-01-09 23:39:23,en
239,90651198,GregAbbott_TX,Greg Abbott,"Today America lost Tommy Lasorda.

He was a dear friend and a legend in major league baseball.

⁦@MLB⁩ https://t.co/c8aF8T9VTZ",2021-01-08 19:39:13,en
240,90651198,GregAbbott_TX,Greg Abbott,"Texas' First Lady announced the Governor's Response Against Child Exploitation (GRACE) initiative will host a statewide interfaith Week of Prayer to End Human Trafficking from January 11-17. 

This coincides with Human Trafficking Prevention Month.

https://t.co/GAA2zCNTHM",2021-01-08 04:33:30,en
241,90651198,GregAbbott_TX,Greg Abbott,RT @TheStalwart: Texas is crushing California and NY in terms of usage of the number of vaccines its been allocated https://t.co/8U4PdU7lN0…,2021-01-05 20:18:44,en
242,90651198,GregAbbott_TX,Greg Abbott,Denison Independent School District is working with the Texoma Medical Center to get teachers and staff members vaccinated beginning Wednesday and Thursday. https://t.co/w9YdP8pZQG,2021-01-05 19:33:12,en
243,90651198,GregAbbott_TX,Greg Abbott,"The pace of vaccines is picking up.

Just this one location in Arlington will do about 4,500 today.

One of the Amarillo locations will do 3-5,000 a day.

Similar results are being reported across the state.

These numbers don't count nursing homes.

https://t.co/6upddlrzR2",2021-01-05 18:27:37,en
244,90651198,GregAbbott_TX,Greg Abbott,"LET'S GO GEORGIA REPUBLICANS!!! @GaRepublicans 

You are the bulwark to protect our freedoms.

Prevent the Democrats from tilting the Senate toward socialism.

Elect Senators @KLoeffler &amp; @Perduesenate 

God Bless Georgia.",2021-01-05 00:15:24,en
245,90651198,GregAbbott_TX,Greg Abbott,"This Tarrant Co. location is just one of dozens of providers in that county.

Many counties have centralized vaccine locations plus many other providers.

Separately, CVS &amp; Walgreens provide vaccines to nursing homes &amp; LTC centers.

More vaccines are delivered each day or week. https://t.co/uyOu5cx59x",2021-01-04 22:48:43,en
246,90651198,GregAbbott_TX,Greg Abbott,"Stories like this are surfacing across the state:

COVID Vaccinations Continue En Masse Across DFW.

The number of Texans receiving the vaccine increases by the thousands every day.
 
Tarrant Co. is processing approximately 160 people every single HOUR.

https://t.co/sw9gzU1kLF",2021-01-04 22:09:47,en
247,90651198,GregAbbott_TX,Greg Abbott,"The Texas Capitol is now open.

Work begins in earnest next week.",2021-01-04 19:26:18,en
248,90651198,GregAbbott_TX,Greg Abbott,"Tax friendly Texas could see even more growth in 2021.

Some are predicting 2021 could be the Lone Star State's best year yet for businesses and individuals.

I agree.

The Texas economy &amp; jobs growth will see rapid expansion this year. 

https://t.co/Q6r1KaLBPC via @ktbs",2021-01-03 19:41:50,en
249,90651198,GregAbbott_TX,Greg Abbott,"Texas will seek swift justice for the shooter. 

We thank law enforcement for their response. 

Keep the harmed in your prayers. 

https://t.co/Asyb74lt9L",2021-01-03 18:22:00,en
250,90651198,GregAbbott_TX,Greg Abbott,"China clamps down in hunt for coronavirus origins.

More than a year since first person was infected with the coronavirus, an AP investigation shows the Chinese government is strictly controlling all research into its origins.

China must be accountable.  https://t.co/6ntvP8Wa7c",2021-01-03 17:46:07,en
251,90651198,GregAbbott_TX,Greg Abbott,"Congratulations to Texas A&amp;M on the big victory in the #OrangeBowl 

They will surely finish season among the top 4. 

#GigEm #Aggies @TAMU",2021-01-03 04:40:41,en
252,90651198,GregAbbott_TX,Greg Abbott,"You can always spot people new to Texas.

They put a period after the Dr in Dr Pepper.",2021-01-03 02:43:28,en
253,90651198,GregAbbott_TX,Greg Abbott,"We won't allow this California style lawlessness in Texas.

We will prioritize supporting-not defunding-our police force.

The State of Texas will begin work this month to fix this.

Everyone in our state deserves to be safe from crime.

We will restore law &amp; order in Texas. https://t.co/WyCyEOMccd",2021-01-02 22:38:20,en
254,90651198,GregAbbott_TX,Greg Abbott,"Across the U.S. many areas with large populations of Latinos &amp; Asian descent, including ones with the highest numbers of immigrants, had a surge in turnout &amp; a shift to the right, often a sizable one. 

They aren’t buying the socialism sold by Democrats.  https://t.co/jbOeo4uH4O",2021-01-02 20:20:22,en
255,90651198,GregAbbott_TX,Greg Abbott,"Austin ISD receives doses of COVID-19 vaccine for staff, vaccinations set to begin Saturday.

Vaccinations numbers are really going up across the state now that we are providing them in nursing homes and to Texans age 65 and over.

Always voluntary.

https://t.co/z1nazrV9fl",2021-01-02 19:50:15,en
256,90651198,GregAbbott_TX,Greg Abbott,Now upheld by the Supreme Court of Texas. https://t.co/T0slNENCtI,2021-01-02 03:29:16,en
257,90651198,GregAbbott_TX,Greg Abbott,"Happy New Year. 

2021 will be fabulous. 

Let’s roll. https://t.co/N6sK1XXJ9X",2021-01-01 05:53:14,en
258,90651198,GregAbbott_TX,Greg Abbott,"To Texas restaurants. 

A formal statement. 

“The Governor’s statewide executive order allows food establishments to be open for in-person dining on New Years Eve as authorized by the Texas Alcoholic Beverage Commission.  They should remain open. Happy New Year!”

Cheers!",2021-01-01 01:39:28,en
259,90651198,GregAbbott_TX,Greg Abbott,"Amarillo Public Health opens COVID-19 vaccination clinic at Civic Center.

They are providing vaccines for people 65 &amp; older or those under 65 with chronic health conditions.

This is a great model to ensure vaccines are provided as quickly as possible.

https://t.co/owHmbTBE1k",2020-12-31 16:49:07,en
260,90651198,GregAbbott_TX,Greg Abbott,"This shutdown order by Austin isn't allowed. Period.

My executive order stops cities like Austin from arbitrarily shutting down businesses. 

The city has a responsibility to enforce existing orders, not make new ones. https://t.co/rm00K1bQQl",2020-12-30 04:53:45,en
261,90651198,GregAbbott_TX,Greg Abbott,"One thing that has made America the greatest country in the history of the world is that on this day in 1845 it added TEXAS to the United States of America.

The rest, is history.

God bless Texas! https://t.co/IG3pAM7LCt",2020-12-30 01:47:35,en
262,90651198,GregAbbott_TX,Greg Abbott,"A significant portion of vaccines distributed across Texas might be sitting on hospital shelves as opposed to being given to vulnerable Texans

The state urges vaccine providers to quickly provide all shots. We get plenty more each week

Always voluntary

https://t.co/jjY0jbEMsx",2020-12-29 22:38:34,en
263,90651198,GregAbbott_TX,Greg Abbott,"San Antonio should be the home of the US Space Command. 

https://t.co/ibEs1hZpfP",2020-12-29 22:22:43,en
264,90651198,GregAbbott_TX,Greg Abbott,"Charles Schwab to Officially Move Headquarters to Denton County, Texas on Jan. 1.

Welcome to Texas @CharlesSchwab.

I've talked to Chuck, I know Chuck.

He wants to keep Texas, Texas.

https://t.co/fMjP0edpB1",2020-12-29 19:10:44,en
265,90651198,GregAbbott_TX,Greg Abbott,"@JJWatt preaching. 

You will like him even more after watching this video. https://t.co/0DD3dexSAR",2020-12-28 10:31:10,en
266,90651198,GregAbbott_TX,Greg Abbott,"in 2020, Texas was the state that businesses were most likely to move to.

They like the business friendly climate Texas provides.

This will provide a boost to job growth in 2021. 

Texas remains the #1 state for business.  https://t.co/SRJ4ILW095",2020-12-27 17:57:33,en
267,90651198,GregAbbott_TX,Greg Abbott,"RT @Eric_A_Beckman: Texas Restaurants OPEN for Business. 

As a CA native, (6 yrs in TX) super grateful for the GREAT STATE OF TEXAS! 
My m…",2020-12-26 19:56:23,en
268,90651198,GregAbbott_TX,Greg Abbott,"Next to get Vaccines are Texans who are either over 64 or over 15 with a chronic medical condition that causes increased risk for severe illness from COVID.

These groups are most likely to be hospitalized or lose their life to Covid.

Always voluntary.

https://t.co/Q59IvAUKTK",2020-12-26 19:17:02,en
269,90651198,GregAbbott_TX,Greg Abbott,"Political correctness is being ended at the University of Texas at Austin. 

UT agreed to disband its absurd PC police and end policies that suppress speech on campus.

This is consistent with the campus free speech law I signed last session.  https://t.co/qXKot20r49",2020-12-26 16:13:08,en
270,90651198,GregAbbott_TX,Greg Abbott,TEXAS https://t.co/uc9mLel4ai,2020-12-26 00:39:43,en
271,90651198,GregAbbott_TX,Greg Abbott,Merry Christmas Texas! https://t.co/yUvQInFZ9I,2020-12-25 21:11:37,et
272,90651198,GregAbbott_TX,Greg Abbott,"Today's shipment/deliveries of Covid vaccines was more than 375,000 doses.

Next week we're slated to receive 362,875 more doses.

Texas gets well over 300,000 doses every week--well over a million a month &amp; increasing.

Vaccines are safe &amp; easy &amp; always voluntary, never forced.",2020-12-24 23:28:30,en
273,90651198,GregAbbott_TX,Greg Abbott,"A new report from Texas Health &amp; Human Services Dept. shows at least 6 babies were born alive during abortion attempts.

I already signed laws protecting these babies &amp; the unborn.

More must be done.

https://t.co/qHN5fcfsa8",2020-12-24 22:46:06,en
274,90651198,GregAbbott_TX,Greg Abbott,"Who said Austin is locked down?

Christmas is being celebrated in Austin and in Texas.

Everyone already knows the safe things to do. https://t.co/zsC4WIYiXT",2020-12-24 03:56:06,en
275,90651198,GregAbbott_TX,Greg Abbott,Time to re-up this! https://t.co/7qK3GQPL55,2020-12-23 04:36:07,en
276,90651198,GregAbbott_TX,Greg Abbott,"I have appointed Judge Jesse McClure of Harris County’s 339th District Court to be a judge on the Texas Court of Criminal Appeals--the highest court in Texas for criminal matters.

He's a top legal mind who applies the rule of law.

https://t.co/JRzSM7F9Ix",2020-12-23 04:10:35,en
277,90651198,GregAbbott_TX,Greg Abbott,"Can Texas students be required to get a COVID-19 vaccine? 

No. 

In Texas vaccines are always voluntary. 

https://t.co/N4OHlKGHhS",2020-12-21 19:55:46,en
278,90651198,GregAbbott_TX,Greg Abbott,"Just in time for Christmas:

The Legislative Council has sent draft language for a proposed law that would transfer control of the Austin Police Department to the Texas Department of Public Safety. 

One way or another we will pass a law to keep Austin safe.",2020-12-21 18:03:43,en
279,90651198,GregAbbott_TX,Greg Abbott,"The Texas Capitol will open to the public beginning January 4th. 

Welcome back.",2020-12-21 17:04:57,en
280,90651198,GregAbbott_TX,Greg Abbott,"It looks like Elon Musk is extending another of his companies into Texas.

He already has @Tesla &amp; @SpaceX operations here.

Now he’s expanding his boring company in Texas—which is a tunnel-building construction business.

More news later.

@elonmusk 

 https://t.co/wOgq27WKoL",2020-12-20 20:52:37,en
281,90651198,GregAbbott_TX,Greg Abbott,"More than a million COVID vaccines will be delivered in Texas by the end of December.

More arrive next month.

In addition to healthcare workers, vaccines will go to Texans most at risk of losing their life to Covid.

Always voluntary, never forced.

https://t.co/aUsdRNoCFC",2020-12-20 20:03:45,en
282,90651198,GregAbbott_TX,Greg Abbott,"Do the right thing: 

Put the Texas A&amp;M Aggies in the @CFBPlayoff 

@TAMU #Aggies",2020-12-20 05:06:24,en
283,90651198,GregAbbott_TX,Greg Abbott,"EVERYTHING is moving to Texas. 

Now the Rose Bowl. 

We can send them some Tyler roses. https://t.co/LbAZ7oAWhw",2020-12-20 03:54:35,en
284,90651198,GregAbbott_TX,Greg Abbott,"Congratulations to @DrewSpringer on the overwhelming victory tonight for Texas Senate District 30.

We look forward to working with you to secure our border, support police, protect unborn, cut taxes, safeguard 2nd Amendment rights, fund schools &amp; open up businesses in Texas.",2020-12-20 02:15:38,en
285,90651198,GregAbbott_TX,Greg Abbott,"Thanks to law enforcement for putting this child predator behind bars.

Child predators belong behind bars—forever.

We don’t need them roaming the streets and in the communities of Texas. https://t.co/MuonQp8nd1",2020-12-19 03:50:57,en
286,90651198,GregAbbott_TX,Greg Abbott,"U.S. Attorney says “defunding the Austin Police Department” is contributing to the dramatic increase in violent crimes in Austin.

The state will fix this.

Texas will pass a law this session supporting law enforcement and defunding cities that defund police.

#BackTheBlue https://t.co/OmWqBUiLwj",2020-12-18 17:48:47,en
287,90651198,GregAbbott_TX,Greg Abbott,"Yesterday I joined @VP in the @WhiteHouse Situation Room to discuss our ongoing #COVID19 response and vaccine distribution plans in the Lone Star State.

Thanks to the Trump administration for the successful operation warp speed. https://t.co/AjDxDOkf4Y",2020-12-15 23:00:31,en
288,90651198,GregAbbott_TX,Greg Abbott,"These are front line healthcare workers in ICU units at a major hospital in Houston. 

They just got their COVID vaccine and feel like the world has changed. 

Soon, everyone who wants one will get one. 

Always voluntary. Never forced. https://t.co/pNu4SQPfVX",2020-12-15 21:51:40,en
289,90651198,GregAbbott_TX,Greg Abbott,Texas golf range https://t.co/wZzg1aR681,2020-12-15 05:49:47,en
290,90651198,GregAbbott_TX,Greg Abbott,"Election fraud is very real and happens in different ways. 

In Texas we prosecute it. 

Last Friday charges were brought against several people in an election fraud scheme in Houston. 

https://t.co/L0DbOsGtH7",2020-12-13 22:10:24,en
291,90651198,GregAbbott_TX,Greg Abbott,"Remember – Democrats voted to penalize Americans if they did not buy insurance. 

Now they want to give it away free to people who come here illegally.

We must work together to prevent this insanity.",2020-12-13 17:31:50,en
292,90651198,GregAbbott_TX,Greg Abbott,"The COVD vaccine will arrive in Texas within 48 hours &amp; will be distributed immediately.

Texas is slated to receive more doses THIS MONTH than the total number of Texans who have tested positive for COVID.

Vaccines are voluntary, never forced.

https://t.co/8NLDrWlKO9",2020-12-12 18:03:45,en
293,90651198,GregAbbott_TX,Greg Abbott,My niece getting some rest while preparing for an FFA show. https://t.co/ka7umja59g,2020-12-12 01:57:55,en
294,90651198,GregAbbott_TX,Greg Abbott,"BREAKING: Oracle just announced they have moved their Headquarters to Austin. 

Texas is truly the land of business, jobs, and opportunity. 

We will continue to attract the very best.",2020-12-11 22:05:10,en
295,90651198,GregAbbott_TX,Greg Abbott,"This same Democrat legislator who wants to curtail the Castle Doctrine also wants to allow all votes to be cast by mail.

I have a veto ready for that. 

Even some Democrats in TX admit that mail in ballots are susceptible to fraud.

We will stop voter fraud, not make it easier. https://t.co/3tXZLlCwMw",2020-12-11 18:33:25,en
296,90651198,GregAbbott_TX,Greg Abbott,"Thank you @realDonaldTrump for approving a major disaster declaration for counties affected by Hurricane Laura. 

This will help those communities recover faster and better. 

Thanks for all you do for Texas. 

https://t.co/Ackcn4AAyh",2020-12-11 02:33:12,en
297,90651198,GregAbbott_TX,Greg Abbott,"BREAKING: FDA Advisory Panel Approves Pfizer-BioNTech Covid-19 Vaccine. 

A favorable recommendation paves the way for FDA to grant emergency authorization.  https://t.co/C4UuaVSSiq",2020-12-10 22:54:13,en
298,90651198,GregAbbott_TX,Greg Abbott,"South Texas. The Gateway to Mars. 

Thanks @elonmusk. https://t.co/bDtAXaOdqr",2020-12-10 02:13:09,en
299,90651198,GregAbbott_TX,Greg Abbott,"I’ve deployed the Texas Dept. of Public Safety to help Houston Combat Violent Crime &amp; Road Rage Shootings. 

We will provide troopers, analysts. helicopters, and whatever is needed to help restore safety in Houston. 

@TxDPS 

https://t.co/O2b1KsP9Gq",2020-12-10 00:28:16,en
300,90651198,GregAbbott_TX,Greg Abbott,"Let me be clear. 

The Castle Doctrine will not be reduced. 

We won’t force Texas homeowners to retreat. 

Especially with the crazy “defund police” ideas, homeowners need to protect themselves now more than ever. 

We will protect 2nd Amendment rights. https://t.co/DgtxWE6y0S",2020-12-09 22:18:59,en
301,90651198,GregAbbott_TX,Greg Abbott,"COVID vaccines should arrive in less than a week.

Texas has 7,200 providers signed up to administer COVID-19 vaccines.

In Texas, vaccines are always voluntary, never forced.

https://t.co/aTav45E9Id",2020-12-09 00:34:11,en
302,90651198,GregAbbott_TX,Greg Abbott,God Bless Texas.,2020-12-08 18:39:38,en
303,90651198,GregAbbott_TX,Greg Abbott,"#OTD 79 years ago, #PearlHarbor was attacked and 2,403 American lives were lost.

We remember their service and sacrifice to our great nation. We will never forget this day that lives in infamy. https://t.co/aHHKxxBsVD",2020-12-07 18:24:54,en
304,90651198,GregAbbott_TX,Greg Abbott,"Today we launched a COVID-19 rapid testing pilot program for front line workers of small businesses. 

This will help employees of small businesses return sooner and safer.  https://t.co/RQsJJjiNAb",2020-12-07 17:38:49,en
305,90651198,GregAbbott_TX,Greg Abbott,"Texas Dept. of Public Safety cracks down on gangs &amp; drug crimes.

They joined Federal &amp; local agencies to arrest 17 people linked to trafficking crystal meth &amp; heroin, firearm charges &amp; vehicles stolen in Lubbock transported to El Paso.

@TxDPS 

https://t.co/DuWNWuYVzq",2020-12-06 23:05:11,en
306,90651198,GregAbbott_TX,Greg Abbott,"Business expansion &amp; new jobs are growing in small towns as well as large cities in Texas.

United Alloy opens new facility bringing over 40 jobs to Seguin.

“We encourage those looking for good culture &amp; life supporting wages to apply now” said the Co. https://t.co/fRt5CZrCBl",2020-12-06 21:37:21,en
307,90651198,GregAbbott_TX,Greg Abbott,"Nearly 70 people in Harris Co. have been killed by someone free on felony bonds.

THIS is EXACTLY why reforming the bail &amp; bond laws is a top priority this next session.

We want to keep those dangerous criminals behind bars.

https://t.co/yW0axZN2yH",2020-12-06 04:34:37,en
308,90651198,GregAbbott_TX,Greg Abbott,"Cecilia, Audrey &amp; gave the National Finals Rodeo a Texas-size welcome to Arlington. 

We are proud the @LasVegasNFR chose Texas to host their event this year. 

@PRCA_ProRodeo 

https://t.co/vfgIMHejxJ",2020-12-06 00:13:43,en
309,90651198,GregAbbott_TX,Greg Abbott,"Georgia Republicans, if you don’t vote in the upcoming election for the United States Senate then Nancy Pelosi and Chuck Schumer will be running the United States.

Overwhelm the polls with a tidal wave of votes to prevent the socialist agenda from hijacking America. https://t.co/zJ6mMI8bLU",2020-12-05 15:00:08,en
310,90651198,GregAbbott_TX,Greg Abbott,"20 North Texas Hospitals Set To Receive First Shipment Of COVID-19 Vaccine In Little More Than 1 Week.

Hospitals across the state will be receiving doses.

I will discuss details of this plan at the White House on Tuesday.

https://t.co/iW5W7prEtE",2020-12-05 05:08:01,en
311,90651198,GregAbbott_TX,Greg Abbott,"Elon Musk reportedly told friends he plans to move to Texas.

Texas is the best state for business.

Texas has no state income tax, while California’s is the highest in the country.

It just got better because Texas made an income tax unconstitutional.

 https://t.co/cxGpOEevLp",2020-12-05 02:40:01,en
312,90651198,GregAbbott_TX,Greg Abbott,"BREAKING: Hewlett-Packard is relocating its Headquarters to Houston, Texas.

Welcome to Texas!

Texas remains the best place in America to do business.

Jobs, Jobs, Jobs.",2020-12-01 21:33:12,en
313,90651198,GregAbbott_TX,Greg Abbott,"The first 'mass air shipment' of Pfizer's Covid vaccine arrives as airlines prepare for more.

Texas already has more than 4,000 providers signed up to distribute it. We expect to have more than 6,000 in two weeks.

Will add more with the Moderna vaccine

https://t.co/BLWhgxXM0p",2020-11-30 22:41:20,en
314,90651198,GregAbbott_TX,Greg Abbott,"“The Lord is a refuge for the oppressed, a stronghold in times of trouble.” Psalm 9:9",2020-11-30 02:52:41,en
315,90651198,GregAbbott_TX,Greg Abbott,"United Airlines began operating charter flights to position doses of Pfizer’s Covid-19 vaccine for quick distribution if the shots are approved by regulators.

Texas is ready to distribute these vaccines in the coming days.

https://t.co/jwbSJMnCID via @WSJ",2020-11-28 23:03:43,en
316,90651198,GregAbbott_TX,Greg Abbott,"Austin—don’t even try to defend taxpayer-funded lobbying. 

It is indefensible that you tax residents to get money that you use to hire lobbyists to support legislation to allow you to tax even more.  https://t.co/y2uaDjXBvg",2020-11-28 21:29:56,en
317,90651198,GregAbbott_TX,Greg Abbott,"As many parts of Texas face potential flash flooding, I've deployed state emergency crews to help local communities.

Follow weather alerts &amp; heed local warnings.

https://t.co/YwkFjBwhNd Abbott Rosters State Resources In Anticipation Of Flash Flooding#.X8Kx9YCxNKI.twitter",2020-11-28 20:32:22,en
318,90651198,GregAbbott_TX,Greg Abbott,"COVID hospitalizations in El Paso have been going down for about 2 weeks now.

The number of people in El Paso testing positive for COVID has been declining also.

The positivity rate for all of Texas has declined for 14 consecutive days.

https://t.co/PbfHuzz37H",2020-11-27 21:42:45,en
319,90651198,GregAbbott_TX,Greg Abbott,"Cecilia and I wish you a very Happy Thanksgiving.

We are grateful that God shed his grace on our great nation and that through each trial and tribulation we have faced that grace has continued to elevate America to ever higher pinnacles.

God Bless America.",2020-11-26 19:24:50,en
320,90651198,GregAbbott_TX,Greg Abbott,"This is the right and righteous decision.

Texas has always exempted churches and religious organizations from COVID restrictions because of the  First Amendment.

Freedom of Religion still persists through COVID.

Thanks to @SCOTUS for upholding this sacred principle. https://t.co/u7RvlYvxO4",2020-11-26 06:27:46,en
321,90651198,GregAbbott_TX,Greg Abbott,"Thanks to  American Legislative Exchange Council for being named Best Governor. 

All 50 governors were ranked on tax &amp; education policies, union regulations, welfare spending, handling of COVID-19 funds and their state's overall state spending levels.

 https://t.co/PH53cejmDN",2020-11-26 01:25:30,en
322,90651198,GregAbbott_TX,Greg Abbott,"God Bless Texas!

Today in Texas history, in 1835, the first navy of Texas of was established. https://t.co/GAjmAfev67",2020-11-26 00:34:06,en
323,90651198,GregAbbott_TX,Greg Abbott,"Comments like this by Obama is exactly why Hispanics are increasingly voting Republican.

Some Democrats think they can criticize the values &amp; religious beliefs of Hispanics but still get their vote by using the race card.

That disrespects Hispanics’ intelligence &amp; independence https://t.co/NmkLMQlMnx",2020-11-25 23:59:32,en
324,90651198,GregAbbott_TX,Greg Abbott,"To help El Paso, the state created a new healthcare location where people with COVID can get treated with the new antibody therapy drug.

It speeds the healing process, keeps people out of hospitals &amp; will save lives.

We started today with 1,000 doses.

https://t.co/FxwGbblGhq",2020-11-25 04:08:50,en
325,90651198,GregAbbott_TX,Greg Abbott,"States are working with Federal officials to distribute almost 40 million COVID vaccines by end of THIS YEAR!

This is a remarkable medical achievement.

In Texas, no one is forced to get a vaccine. It's always voluntary. 

https://t.co/j4t6ikF1dv via @KHOU",2020-11-25 00:49:22,en
326,90651198,GregAbbott_TX,Greg Abbott,"I’m making this guy an Honorary Texan!

Dude didn’t even lose his cigar! https://t.co/AC4wyAiHGZ",2020-11-24 05:34:06,en
327,90651198,GregAbbott_TX,Greg Abbott,"Texas is slated to receive a sizable allotment of COVID vaccines in December &amp; much more in Jan. &amp; Feb.

Health care workers, frontline workers &amp; the most vulnerable will be first in line.  

No one is forced to get a vaccine. It's always voluntary.

https://t.co/fhoNODI9gF",2020-11-24 02:59:33,en
328,90651198,GregAbbott_TX,Greg Abbott,"The first US coronavirus immunizations could arrive on Dec. 12.

This is an extraordinary feat of scientific advancement in what must be record speed. 

Infections, hospitalizations, &amp; fatalities will soon decline. https://t.co/D07GzBsBhn",2020-11-23 04:06:33,en
329,90651198,GregAbbott_TX,Greg Abbott,"Texas added more than 118,000 new jobs last month.

It's the 6th month in a row that Texas added new jobs.

During that time Texas added more than 780,000 new jobs. 

With the arrival of vaccines next month, the 2021 job growth will be outstanding.

https://t.co/xdEXVpy5eA",2020-11-23 00:54:51,en
330,90651198,GregAbbott_TX,Greg Abbott,"San Antonio--known as Military City USA--is the perfect location for the Space Command headquarters.

Let's make this happen America.

https://t.co/B0FsHuvzgO",2020-11-22 16:47:55,en
331,90651198,GregAbbott_TX,Greg Abbott,"BREAKING: FDA grants emergency use authorization for the Regeneron COVID treatment that healed Pres. Trump.

This adds to the Eli Lilly medicine that we began distributing this week to help patients avoid hospitalization &amp; reduce burdens on hospitals.

https://t.co/3pipzKk5La",2020-11-22 04:56:15,en
332,90651198,GregAbbott_TX,Greg Abbott,"The State is providing $420 Million to Texas schools to reimburse them for online learning costs.

This covers costs incurred by public schools that purchased Wi-Fi hotspots and eLearning devices such as laptops, tablets and Chromebooks.

 https://t.co/AtH7mm3fnh via @KHOU",2020-11-20 18:44:02,en
333,90651198,GregAbbott_TX,Greg Abbott,"3 pieces of good news in Texas' fight against COVID.

Medicines are delivered this week--&amp; every week going forward--to heal those who get Covid.

Vaccines to prevent Covid are expected soon.

Medical teams are being surged to areas that need it most.

https://t.co/fmwXmHtbh6",2020-11-20 03:21:53,en
334,90651198,GregAbbott_TX,Greg Abbott,"Crime is increasing in Dallas &amp; I instructed the TX Dept. of Public Safety to work with the Dallas Police Dept. to do what is needed to keep the community safe. 

That includes Texas Rangers, State Troopers, Anti-Gang units &amp; patrol helicopters &amp; planes.
https://t.co/oLbedFwNoR",2020-11-18 22:00:01,en
335,90651198,GregAbbott_TX,Greg Abbott,"Pfizer picks Texas for COVID-19 vaccine pilot delivery program. 

Pfizer announced last week that its COVID-19 vaccine was shown to be 90% effective. 

Texas is prepared for swift distribution of this life saving vaccine. 

https://t.co/Rb6b6BN8FV via @KVUE",2020-11-17 17:57:56,en
336,90651198,GregAbbott_TX,Greg Abbott,"Today @TexasFLCA and I laid to rest Maria de la Luz ""Lucy"" Phalen, my mother-in-law.

Lucy was a first generation American, a teacher and truly was “the light” that shined on the lives of so many. 

With fond memories of her boundless love, we say goodbye — for now. https://t.co/i1z3aefvFZ",2020-11-17 04:48:48,en
337,90651198,GregAbbott_TX,Greg Abbott,"Human smuggling attempts at the Texas border result in 74 arrests.

This operation was a collaboration of the @CBP, the Texas Dept. of Public Safety @TxDPS, &amp; local law enforcement.

Together, we work to secure our border.

https://t.co/3xq9qX1UAL",2020-11-17 00:06:43,en
338,90651198,GregAbbott_TX,Greg Abbott,"The Moderna Vaccine announced today was found to be highly effective at preventing Covid.

President Trump’s Operation Warp Speed is yielding phenomenal results that will save millions of lives.

This adds to the drug therapies we are distributing today.  https://t.co/JHgxVyzpQr",2020-11-16 15:43:08,en
339,90651198,GregAbbott_TX,Greg Abbott,"The new drug to treat COVID patients is arriving this weekend &amp; will be distributed to hospitals Monday.

An Infectious disease specialist from UT Health-San Antonio says the drug can be a game-changer.

It should reduce hospitalizations &amp; speed recovery

https://t.co/GYL2pHzD5V",2020-11-15 05:17:28,en
340,90651198,GregAbbott_TX,Greg Abbott,"Republican increases in Hispanic votes in South Texas should be enduring. Here’s why:

They—like Republicans—are against Democrat progressive policies of the green new deal, defunding police, taking your guns &amp; late term abortions. 

Keep Texas Great.
 https://t.co/ZfedNR9PRB",2020-11-14 20:43:15,en
341,90651198,GregAbbott_TX,Greg Abbott,Happy #Diwali  to all those celebrating the Festival of Lights around the world and in the great State of Texas.,2020-11-14 20:28:48,en
342,90651198,GregAbbott_TX,Greg Abbott,"COVID-19 antibody therapy medicine will be distributed next week to hospitals across Texas.
 
It has been shown to prevent hospitalizations in some patients when used before they become very sick.
 
There will be no cost to patients.

https://t.co/NCv6pj7zjU",2020-11-13 23:59:22,en
343,90651198,GregAbbott_TX,Greg Abbott,"A few years ago, I met Remmer Machamer, a young volunteer from Central Texas.
 
This year he is 300+ wreaths short of his goal for @WreathsAcross America.
 
Join me in supporting Remmer and our veterans by ensuring that no grave goes uncovered. ⬇️

https://t.co/Ywu6JPseK5 https://t.co/Vvm62US27K",2020-11-13 21:45:26,en
344,90651198,GregAbbott_TX,Greg Abbott,"The Krystal Jean Baker Act that I signed into law last year has helped Texas DPS solve more than 250 open investigations in its first year. 

This law gets criminals off the street and brings justice for victims and their families. 

https://t.co/4BFeiUQJMu",2020-11-13 19:44:41,en
345,90651198,GregAbbott_TX,Greg Abbott,Happy Birthday to my wonderful wife and the fabulous First Lady of Texas. https://t.co/44bZDbhRFk,2020-11-13 14:59:16,en
346,90651198,GregAbbott_TX,Greg Abbott,"Texas is not a battleground state--Republicans won up &amp; down the ballot.

BUT, South Texas is now a battleground region.

Several historically Democratic south Texas counties with high Latino populations voted for Trump over Biden.

A big issue was jobs

https://t.co/fFIyW2Nixx",2020-11-12 19:10:05,en
347,90651198,GregAbbott_TX,Greg Abbott,"So proud of these high school students around the Houston area who built homes &amp; an entire neighborhood to help homeless veterans.

Perfect example of Texas hospitality.

https://t.co/Om5xBhC8i6 via @ABC13Houston",2020-11-12 01:02:12,en
348,90651198,GregAbbott_TX,Greg Abbott,"Here'a a good story about a great business in Texas.

Texas paid $4,900,125 in unemployment benefits to IKEA employees in Texas who were furloughed due to COVID.

Now that IKEA stores have reopened the IKEA foundation paid that exact amount to the state

https://t.co/VoTQtn9fIh",2020-11-11 21:28:32,en
349,90651198,GregAbbott_TX,Greg Abbott,"We celebrate #VeteransDay with gratitude for all who have served—including my brother (below) who served in the Navy for 20 years.

America is the land of the free because we are the home of the brave.

Our Veterans served in the mightiest military in the history of the world. https://t.co/cYVmrD6NOf",2020-11-11 18:38:49,en
350,90651198,GregAbbott_TX,Greg Abbott,"The person accused of killing a Houston Police Officer has been arrested. 

He was out on bail from a prior arrest. 

He deserves swift Texas justice.  https://t.co/Ubj0pWyzcI",2020-11-11 15:33:07,en
351,90651198,GregAbbott_TX,Greg Abbott,"Latinos increasingly vote Republican.

For the 1st time since Reconstruction a Republican presidential candidate won Zapata Co. in the RGV.

I get more than 40% of the Latino vote.

They like their energy jobs.

They believe in God &amp; oppose abortion.

https://t.co/vu7THlzNf9",2020-11-11 03:46:05,en
352,90651198,GregAbbott_TX,Greg Abbott,"Covid cures are coming.
The FDA approved medications that reduce symptoms &amp; prevent hospitalizations. A similar medicine-the one taken by Trump-should be approved soon.
The Covid vaccine should arrive later this month.
TX will distribute them immediately.

https://t.co/3BdrmxjzFq",2020-11-11 00:24:04,en
353,90651198,GregAbbott_TX,Greg Abbott,"Texas may become the financial nerve center of America--of the world.

I will meet with the Nasdaq &amp; other trading exchanges about a potential move.

Like so many businesses they want to flee high taxes.

In Texas we made an income tax unconstitutional.

https://t.co/qHtrfT47W5",2020-11-10 05:01:18,en
354,90651198,GregAbbott_TX,Greg Abbott,"I joined these Marines &amp; Combat Marine Outdoors to thank them for their service &amp; to wish the Marines a happy birthday.

November 10th is the 245 anniversary  of the Marine Corps which began in 1775.

America has the mightiest military in the world. 

https://t.co/07FuBnxS0E https://t.co/YbQGISveRk",2020-11-10 03:23:35,en
355,90651198,GregAbbott_TX,Greg Abbott,"Austin experiences highest number of homicides in 20 years.

This is why it is absurd that Austin is defunding police.

It is also why Texas will act to roll back that defunding and consider taking over policing some areas of Austin.

 https://t.co/jq9WY4yd2M",2020-11-09 17:22:41,en
356,90651198,GregAbbott_TX,Greg Abbott,"This evening @TexasFLCA and I are mourning the loss of Maria de la Luz ""Lucy"" Phalen, my mother-in-law.

Lucy was a first generation American and a force to be reckoned with. Her unending love showered on everyone who crossed paths with her.

She will be dearly missed. https://t.co/sbx9huxOqk",2020-11-08 04:57:29,en
357,90651198,GregAbbott_TX,Greg Abbott,"I will not let Texas become a nuclear waste ground. 

https://t.co/1dyhL5G30t",2020-11-07 04:59:31,en
358,90651198,GregAbbott_TX,Greg Abbott,"Election fraud is real.

In Texas, we investigate and prosecute it.

Today a Limestone County social worker was charged with 134 felony counts involving election fraud.

All states must take election fraud seriously to ensure confidence in elections.

https://t.co/NpeQodIyDi",2020-11-06 23:36:15,en
359,90651198,GregAbbott_TX,Greg Abbott,@KatiePavlich Actually we did. He fled CA because of their policies. He loves Texas governance. I reminded him the only way it stays that way is for him and his family to vote to keep Texas red. The last thing he wants is for Texas to become like CA.,2020-11-06 07:20:33,en
360,90651198,GregAbbott_TX,Greg Abbott,"Texas swiftly processed more than 11 million votes &amp; quickly announced winners across 2 time zones.

To ensure transparency we allow poll watchers from each party to participate in the voting &amp; tally processes.

What is happening in some states undermines trust in elections.",2020-11-06 05:04:57,en
361,90651198,GregAbbott_TX,Greg Abbott,"Joe Rogan now lives in Texas. 

Tonight he visited the Governor’s Mansion. 

He may be a new resident but you can tell he fits right in. 

⁦@joerogan⁩ https://t.co/YwmCaF0z6b",2020-11-06 03:02:19,en
362,90651198,GregAbbott_TX,Greg Abbott,"‘Groundhog Day here in Texas’: Biggest red state stays red.

Texas Democrats have gone 26 years without winning a statewide race. That is the longest losing streak of its kind in America. 

Texans appear to like it that way!

 https://t.co/2dgKeiILQx via @Valley Morning Star",2020-11-05 03:29:50,en
363,90651198,GregAbbott_TX,Greg Abbott,"Biggest losers in this election are the pollsters.

Every election the get it wrong.

They should never be believed again.",2020-11-04 12:49:15,en
364,90651198,GregAbbott_TX,Greg Abbott,"Republicans have increased the number of Republican Governors in America. 

Thanks to all the terrific candidates and the hard work by the @RGA.",2020-11-04 05:48:53,en
365,90651198,GregAbbott_TX,Greg Abbott,"Texas DID stay Red. 

Thanks to all the volunteers &amp; candidates who worked so hard to make this happen. 

Every statewide race and the Texas House and Senate remain Republican. 

God Bless Texas. https://t.co/vTIU7Lklyt",2020-11-04 04:15:46,en
366,90651198,GregAbbott_TX,Greg Abbott,"Does CBRE’s headquarters relocation to Dallas signal there are more coming?  

Yes!

Contact with leading businesses and employers in America has accelerated in the past few months.

2021 may be the best year ever for new jobs in Texas.

https://t.co/q85yM4pvui",2020-11-03 19:15:15,en
367,90651198,GregAbbott_TX,Greg Abbott,"Tonight I’m dialing in to our Tele-Town Hall with 300,000 Texas Republican voters from across the state urging them to hit the polls TOMORROW to vote Republican up and down the ballot.

Together, we WILL #KeepTexasRed. https://t.co/3eU76PcBWw",2020-11-03 01:05:52,en
368,90651198,GregAbbott_TX,Greg Abbott,"WATCH: @JoeBiden is BAD on oil &amp; BAD for Texas. ❌
 
Texans can't afford Biden's plan to ""transition"" from oil &amp; gas. It would devastate TX's economy &amp; take paychecks &amp; benefits from Texas families.

VOTE Republican up &amp; down the ballot! 

#KeepTexasRed

https://t.co/6CrON2eymz",2020-11-02 18:08:05,en
369,90651198,GregAbbott_TX,Greg Abbott,"We've organized an unprecedented effort to re-elect Republicans to the Texas House of Representatives &amp; to prevent outsiders from other states from buying the election.

We will keep the House &amp; some incumbent Democrat House members will lose.

#txlege
  https://t.co/UezdSRKYM6",2020-11-01 22:04:40,en
370,90651198,GregAbbott_TX,Greg Abbott,"Nope. Not gonna happen. 

Democrats’ dreams will be crushed again. 

Texas is staying Red!!!

#KeepTexasRed  https://t.co/Wsovqwt5L2",2020-11-01 17:15:03,en
371,90651198,GregAbbott_TX,Greg Abbott,RT @StephanieKlick: Keeping Texas red!,2020-10-31 20:05:04,en
372,90651198,GregAbbott_TX,Greg Abbott,"RT @justinaholland: Thank you @GregAbbott_TX for LEADING like Republicans should. Helping @stevefortx, @AngieChenButton, @leachfortexas, @M…",2020-10-31 19:24:12,en
373,90651198,GregAbbott_TX,Greg Abbott,"A perfect day in San Antonio to knock on doors &amp; get out the vote for Texas House Representative Steve Allison. ⁦@stevefortx⁩

He has cut taxes, funded schools, increased teacher pay &amp; supports law enforcement. 

We were joined by Senator ⁦@DonnaCampbellTX⁩ https://t.co/M5BhYZcwuF",2020-10-31 17:31:35,en
374,90651198,GregAbbott_TX,Greg Abbott,"Four brilliant constitutional conservative justices making history on the Texas Supreme Court. 

Yesterday I administered the Oath of Office to the newest member—Rebeca Huddle (on the right).

These justices apply the law as written rather than imposing their own agenda. https://t.co/nzKwXlWxXQ",2020-10-31 16:21:52,en
375,90651198,GregAbbott_TX,Greg Abbott,"Businesses continue to choose Texas for their headquarters.

Texas welcomes the HQ of CBRE--a Fortune 500 company. 

https://t.co/b6wXPlRuHc via @DallasBizNews",2020-10-30 03:54:02,en
376,90651198,GregAbbott_TX,Greg Abbott,"Teachers across Texas received pay raises this year as a result of House Bill 3.
 
Teachers with more than 5 years of experience got an average pay raise of over $5,200 &amp; those who’ve taught up to five years got an average pay raise of more than $3,800. https://t.co/DLRgIDk7EK",2020-10-29 22:46:04,en
377,90651198,GregAbbott_TX,Greg Abbott,"Today we remember Houston Police Sgt. Harold Preston.

He was killed in the line of duty by an illegal immigrant who had been arrested multiple times &amp; should never have been on the streets of Houston.

We are grateful for Sgt. Preston’s service. He will never be forgotten. https://t.co/iZqiP1H39i",2020-10-29 17:00:36,en
378,90651198,GregAbbott_TX,Greg Abbott,"My office has contacted the Texas Attorney General's office about this video.

An investigation will determine if voter fraud has occurred.

If so, it will be prosecuted.

Voter fraud won't be tolerated in Texas.

https://t.co/n5ufAhTUaL",2020-10-28 18:28:53,en
379,90651198,GregAbbott_TX,Greg Abbott,"Today I was joined in Houston by leaders of the Texas Senate &amp; House to sign the #BackTheBlue pledge.

We will pass laws that support law enforcement &amp; defund cities that defund police. 

We will keep communities safe.

#txlege

https://t.co/ESOIvkoSOP",2020-10-28 18:18:08,en
380,90651198,GregAbbott_TX,Greg Abbott,"21 people from Texas &amp; Louisiana were arrested in Beaumont for human trafficking.

Texas has some of the toughest laws in America that crack down on human trafficking.

We thank local law enforcement for taking action needed to #EndHumanTrafficking.

https://t.co/uC6fhLQXkC",2020-10-27 20:25:59,en
381,90651198,GregAbbott_TX,Greg Abbott,ACB https://t.co/sXPMPPu8VH,2020-10-27 00:46:42,und
382,90651198,GregAbbott_TX,Greg Abbott,"Texas is providing almost $300 million for Public Safety Initiatives across the state.

This includes funding to crack down on gangs &amp; human trafficking &amp; it funds border security efforts and bullet proof resistant vests for police.

https://t.co/txL7tn7p2L",2020-10-26 16:13:58,en
383,90651198,GregAbbott_TX,Greg Abbott,"To the contrary it is Biden who is trying to distort his own position on oil.

Time &amp; again he &amp; Democrats have shown hostility to the hardworking men &amp; women who produce the energy we use &amp; who keep America energy independent.

Pres. Trump will ensure jobs for energy workers. https://t.co/GrwceaROFQ",2020-10-26 03:34:43,en
384,90651198,GregAbbott_TX,Greg Abbott,"Texas Republicans passed a law to protect patients with pre-existing conditions from losing access to healthcare insurance.

They also banned costly surprise medical bills.

On healthcare issues Texas Republicans are working for Texas families

#txlege 

 https://t.co/657vH8oagK",2020-10-26 00:28:55,en
385,90651198,GregAbbott_TX,Greg Abbott,"Thanks Texas for the strong support you are showing.
We will continue keeping Texas great.

Do you approve or disapprove of the way Governor Greg Abbott is handing his job as Governor?
 
Approve       54%
Disapprove  34%

Best numbers of anyone polled.

https://t.co/zrzRk5XMX7",2020-10-25 21:30:01,en
386,90651198,GregAbbott_TX,Greg Abbott,"Excellent news. 

“Tomorrow, we will vote to confirm the next Associate Justice of the Supreme Court.”

America will add a constitutionalist to @SCOTUS https://t.co/TfPFRJqgZ4",2020-10-25 20:28:19,en
387,90651198,GregAbbott_TX,Greg Abbott,"Angie Chen Button &amp; I are knocking on doors today, talking with voters, reminding them that Angie has cut taxes, increased teacher pay, and supports law enforcement. 

We need ⁦@AngieChenButton⁩ re-elected to keep the Texas House of Representatives Red. 

#txlege https://t.co/rRaDvNPCSU",2020-10-24 17:05:49,en
388,90651198,GregAbbott_TX,Greg Abbott,"Republicans support law enforcement officers who put their lives on the line every day.

We need them to keep our communities safe.

Democrats want to defund &amp; “reimagine” policing. 

That leads to chaos and mayhem like in Portland &amp; Seattle.

We won’t let that happen in Texas. https://t.co/WC9QuSDQjB",2020-10-24 15:30:10,en
389,90651198,GregAbbott_TX,Greg Abbott,"This shows Mail ballot vote fraud in Texas.

“Investigators said Mohamed opened a post office box under the name of a nursing home then “forged at least 84 voter registration applications” and sent those ballots to that post office box.”

We must end it.  https://t.co/kaZBsoXoRp",2020-10-23 22:17:08,en
390,90651198,GregAbbott_TX,Greg Abbott,"We are campaigning for Republican Texas House of Representative candidates across the state. 

We must kept the Texas House red. 

#txlege https://t.co/4wdQbKb1O4",2020-10-23 20:54:36,en
391,90651198,GregAbbott_TX,Greg Abbott,"Biden wants to ""transition"" away from the oil industry.

He just killed paycheck earned by hardworking families in Texas.

Joe just wants to transition away from Texas.

Remember that on election day..

#Debates2020 #DebateTonight https://t.co/o6GaPCNQNE",2020-10-23 02:46:31,en
392,90651198,GregAbbott_TX,Greg Abbott,"This video shows liberal Democrats are pouring money into Texas House of Representative races to defeat Republicans like Angie Chen Button. @AngieChenButton 

Don't let it happen!

Vote Republican for Texas House to Keep Texas, Texas.

 https://t.co/7ZMuKEFE9I via @YouTube",2020-10-22 18:52:57,en
393,90651198,GregAbbott_TX,Greg Abbott,"Texas is proud to this this year’s #WorldSeries. 

#WorldSeries2020 https://t.co/NSjOc67Gfl",2020-10-22 01:27:55,en
394,90651198,GregAbbott_TX,Greg Abbott,"Congratulations to Tim Porter on winning @SBAgov’s prestigious National Small Business Person of the Year award.

Tim is a veteran and the CEO of a thriving business in San Antonio.

Thank you for helping keep Texas the best state in the nation. https://t.co/Eoa1JEr3k0",2020-10-21 21:32:31,en
395,90651198,GregAbbott_TX,Greg Abbott,"Today I knocked on doors in Tarrant County &amp; talked to voters about re-electing State Rep. @GoldmanCraig.

When they learned his Democrat opponent wants to raise taxes they were ready to vote on the spot.

Keep taxes low. Vote Craig Goldman.

Vote Republican up &amp; down the ballot https://t.co/KD1bfmJ5mi",2020-10-21 17:51:46,en
396,90651198,GregAbbott_TX,Greg Abbott,"U.S. Border Patrol in Texas, with the help of local law enforcement, arrested nearly 300 suspected illegal immigrants in a span of 18 hours. 

About 90 were from countries other than Mexico. 

Texas will work with ⁦@CBP⁩ to secure the border. 

https://t.co/E2zUcKzxoQ",2020-10-21 16:56:56,en
397,90651198,GregAbbott_TX,Greg Abbott,"Law enforcement officers put their lives on the line every day to keep our communities safe.

This tragic loss is a grave reminder of the dangers they face.

Please lift up their families in prayer.

And remember to #BackTheBlue 

https://t.co/YWoAuMmmda",2020-10-20 21:24:13,en
398,90651198,GregAbbott_TX,Greg Abbott,"Mobs are rioting in streets, destroying businesses &amp; harming residents.

And YET, Democrats are defunding police.

We need to support our police.

And we must elect Republican Judges who will enforce the law &amp; get tough on criminals.

https://t.co/am9ln3bWyR via @YouTube",2020-10-20 17:45:10,en
399,90651198,GregAbbott_TX,Greg Abbott,"Conservative Groups announce which state has the most conservative Governor.

The verdict: Texas.

The criteria include tax policy, state spending, handling of COVID-19 funds, union regulations, health &amp; welfare spending, &amp; education policies.

#txlege https://t.co/juKZaUe1J2",2020-10-20 16:39:19,en
400,90651198,GregAbbott_TX,Greg Abbott,"Austin Police Chief's report shows robberies in Austin increased over the past year. Other violent crimes increased in that time too: aggravated assaults were up 18% &amp; murders were up 40%.

Austin is wrong to defund police.

Texas will take action.

https://t.co/WWWZO6jS3b",2020-10-20 03:47:16,en
401,90651198,GregAbbott_TX,Greg Abbott,"“Gov. Greg Abbott spends millions to help down-ballot Republicans in Texas”

We are helping Republicans win up and down the ballot — and may even increase the number of Republicans in the Texas House. 

#txlege 

https://t.co/ugwQ3Pqu1i via @TexasTribune",2020-10-19 14:39:05,en
402,90651198,GregAbbott_TX,Greg Abbott,"Property tax rate reductions still coming.

Allen ISD lowers property tax rate  7th year in a row.

Since 2013 the district has lowered its property tax rates amounting to a roughly $890 reduction in property taxes for the average homeowner in Allen ISD

https://t.co/Nilw7YIAEC",2020-10-19 00:29:46,en
403,90651198,GregAbbott_TX,Greg Abbott,"Texas Is Ranked The Best State For Business Again – That’s Eight In-A-Row.

Business executives agree that there's no place like Texas. 

https://t.co/wzovGstyip @kicker1025",2020-10-14 18:52:50,en
404,90651198,GregAbbott_TX,Greg Abbott,"Dallas homicides are on track to surpass last year's record-breaking rate. 

And yet Dallas has cut police over time that is needed to deal with violent crime like this. 

My reforms will prevent cities from defunding police. 

We need to #BackTheBlue.  https://t.co/TZfBZ8RobB",2020-10-13 16:12:33,en
405,90651198,GregAbbott_TX,Greg Abbott,"“Texas Governor Greg Abbott Has Made Voting Easier, Not Harder, to vote.”

“Claims to the contrary are intellectually dishonest or plain lazy. Either way, they are falsehoods.”

The Federal Court of Appeals agrees.  https://t.co/OrVj0Mc771",2020-10-13 13:51:10,en
406,90651198,GregAbbott_TX,Greg Abbott,"The Federal Court of Appeals upholds my proclamation about mail-in ballots saying that it actually expanded access to voting by allowing drop-offs before election day.

Critics were clearly clueless about the legality of my action &amp; simply voiced prejudicial political opinions. https://t.co/zKMX4CpBrg",2020-10-13 06:30:40,en
407,90651198,GregAbbott_TX,Greg Abbott,"24 Republican governors call on Senate to quickly confirm Amy Coney Barrett to U.S. Supreme Court.

She's extraordinarily well qualified.

Let's get this done!

@SCOTUS

https://t.co/mDodu538UJ",2020-10-13 03:04:19,en
408,90651198,GregAbbott_TX,Greg Abbott,"Austin Police Association says understaffing causes 911 calls to go hours without a response.

This is caused by Austin's cuts to police funding &amp; it endangers lives in Austin.

The State must consider laws that take over policing parts of Austin.

https://t.co/UvCspyc0aC",2020-10-12 15:43:19,en
409,90651198,GregAbbott_TX,Greg Abbott,"Appeals court allows my mail ballot drop-off order to stay in place.

Critics falsely claimed that my order limited voting. To the contrary it EXPANDED voting by adding more days.

TX law has always allowed only 1 county location for MAIL-IN ballots.

https://t.co/mDmmMnmdzw",2020-10-11 20:51:01,en
410,90651198,GregAbbott_TX,Greg Abbott,"Support Grows for Confirming Barrett for Supreme Court, Poll Finds.

Not surprising. She’s extremely qualified &amp; has already recently been confirmed by the Senate for the U. S. Court of Appeals.

The Senate is right to advance her confirmation.  https://t.co/mlYATqa7kf",2020-10-11 20:27:17,en
411,90651198,GregAbbott_TX,Greg Abbott,RT @TeamBettencourt: @US5thCircutCt stays another misguided lower court federal judge activist ruling on appeal by @KenPaxtonTX. @GregAbbot…,2020-10-11 04:03:22,en
412,90651198,GregAbbott_TX,Greg Abbott,What. A. Game. #HookEm https://t.co/y9M4XcN0CM,2020-10-10 19:59:06,en
413,90651198,GregAbbott_TX,Greg Abbott,Always great to visit with our brave law enforcement officers. #BackTheBlue https://t.co/py8nxOM5rm,2020-10-10 18:29:51,en
414,90651198,GregAbbott_TX,Greg Abbott,"We have ourselves a #RedRiverShootOut 

But we have the bigger gun! https://t.co/cYioaC6wKE",2020-10-10 17:46:19,en
415,90651198,GregAbbott_TX,Greg Abbott,"Welcome to the #RedRiverShowdown ! 

It’s a great day to #BeatOU https://t.co/SGLv2RNjh4",2020-10-10 17:20:22,en
416,90651198,GregAbbott_TX,Greg Abbott,"Republicans are going to win. 

Up and down the ballot. 

All across the state. 

#KeepTexasRed https://t.co/jPa9ZmlDlg",2020-10-10 14:57:08,en
417,90651198,GregAbbott_TX,Greg Abbott,"I have added Dept. of Public Safety patrols to the UT area after a string of robberies &amp; crimes in the West Campus area.

We won't allow the Austin City Council's refusal to support law enforcement to endanger the university community.

@TxDPS 

https://t.co/BUHrXsugXO",2020-10-10 02:17:20,en
418,90651198,GregAbbott_TX,Greg Abbott,"I’m in. 

Texas will beat @OU_Football just like 2 years ago. 

I’ll wager the best BBQ in America—knowing that I’ll be the one eating it. 

#HookEm #BeatOU https://t.co/ubwGsSeViu",2020-10-09 19:06:43,en
419,90651198,GregAbbott_TX,Greg Abbott,"Voter fraud is real. 

It must be stopped. 

Texas officials are cracking down on it:

Carrollton Mayoral Candidate has been Arrested &amp; Charged With 100+ Counts Of Voter Fraud.  https://t.co/IsWewr7wFa",2020-10-09 03:45:02,en
420,90651198,GregAbbott_TX,Greg Abbott,"American heroes here:

Navy sailors who stopped a shooter at the Corpus Christi Naval Air Station were awarded for their valor. 

⁦@USNavy⁩  https://t.co/F3rhAMkXRQ",2020-10-08 21:25:45,en
421,90651198,GregAbbott_TX,Greg Abbott,It sure would be good to watch my Facebook page about an hour from now.,2020-10-07 19:09:40,en
422,90651198,GregAbbott_TX,Greg Abbott,"I've been talking with the Nasdaq stock exchange about moving some of their operations to Texas.

They want to flee high taxes.

I let them know that we just passed a constitutional amendment banning an income tax in Texas.

@Nasdaq 

https://t.co/04y28dnhAZ",2020-10-07 02:14:53,en
423,90651198,GregAbbott_TX,Greg Abbott,"Five human trafficking victims rescued, 46 arrests made in massive Houston-wide sting operation. 

#HumanTrafficking wont be tolerated in Texas. 

#EndHumanTrafficking  https://t.co/jDHChQUimq",2020-10-06 01:20:58,en
424,90651198,GregAbbott_TX,Greg Abbott,"Texans have continued to keep COVID under control. 

The hospitalizations, number of new positive cases, and positivity rate remain contained. Today was one of the lowest for fatalities in a long time. 

I will be announcing more openings soon. 

Cheers! https://t.co/fJhTgSRx9t",2020-10-05 20:15:58,en
425,90651198,GregAbbott_TX,Greg Abbott,"All the best to you Kayleigh on a quick recovery. 

Our prayers are with you for God’s healing powers. 

You are tough and have overcome so much. 

This too will be overcome. 

@PressSec https://t.co/awetgne6QG",2020-10-05 16:34:11,en
426,90651198,GregAbbott_TX,Greg Abbott,"Looks like ⁦@realDonaldTrump⁩ is making a swift recovery from COVID. 

So many prayers answered.  https://t.co/VjN1774R0z",2020-10-04 22:22:34,en
427,90651198,GregAbbott_TX,Greg Abbott,"Lifting up prayers for @realDonaldTrump and @FLOTUS. 

May God’s healing powers touch them, strengthen them, and raise them up.",2020-10-02 06:05:51,en
428,90651198,GregAbbott_TX,Greg Abbott,"Property crime rising in Austin.

This is the kind of thing that happens when cities defund and deemphasize police.

Residents are left to fend for themselves.

My plan puts an end to this by requiring cities to fund law enforcement.

#BackTheBlue  https://t.co/WJjqsl8uuq",2020-10-01 14:15:32,en
429,90651198,GregAbbott_TX,Greg Abbott,"Smart take: 

Senate is right to move swiftly to confirm Amy Coney Barrett to the Supreme Court

⁦@Scotus⁩  https://t.co/EXUpU9H7Qs",2020-09-30 22:43:01,en
430,90651198,GregAbbott_TX,Greg Abbott,"ELECTION ALERT: Texas House Dist. 67. in Collin &amp; Dallas Counties.

Democrat candidate made comments hostile to police.

His campaign reportedly wrote: ""The police are a terrorist organization. Defund and dismantle them now.""

Support police: Re-elect Jeff Leach @leachfortexas https://t.co/GaOv5ZvrHC",2020-09-30 20:46:34,en
431,90651198,GregAbbott_TX,Greg Abbott,"My heart aches for the parents of the little boy killed by a rare amoeba in Lake Jackson, Texas.

It steels our resolve to use every tool we have to help Lake Jackson clean its water system to ensure this never happens again.

https://t.co/YXpOvjMevB",2020-09-30 03:28:00,en
432,90651198,GregAbbott_TX,Greg Abbott,"Security officer who killed White Settlement church shooter won’t face charges.  

This is exactly right. 

He was defending parishioners — two of whom had already been shot. 

This is why the 2nd Amendment is needed—to defend against murderous attacks.  https://t.co/ZFtSWCCsuK",2020-09-29 15:43:39,en
433,90651198,GregAbbott_TX,Greg Abbott,RT @chucklindell: BREAKING: 5th US Circuit Court of Appeals issues STAY temporarily blocking Friday's lower court order requiring Texas to…,2020-09-28 22:36:23,en
434,90651198,GregAbbott_TX,Greg Abbott,"We are proud of these 700 Texas National Guard soldiers who deployed for a Middle East operation.

Thank you for your service!

@TexasGuard 

https://t.co/r6wsroUXDy",2020-09-28 03:10:16,en
435,90651198,GregAbbott_TX,Greg Abbott,"Today I issued a disaster declaration in Brazoria Co. after a deadly amoeba was found in Lake Jackson, Texas.

More announcements on this soon.

https://t.co/Fzr1vup9pw via @ABC13Houston",2020-09-28 02:12:54,en
436,90651198,GregAbbott_TX,Greg Abbott,"God bless the families who have sacrificed so much for our nation. 

#GoldStarMothersandFamilysDay https://t.co/grTtKDEVFC",2020-09-27 18:48:40,en
437,90651198,GregAbbott_TX,Greg Abbott,"Amy Coney Barrett will be an outstanding @SCOTUS Justice. She has proven legal brilliance, exceptional character &amp; unflinching commitment to the Constitution. The Senate should swiftly confirm her to @SCOTUS  just as it recently confirmed her to the 7th Circuit Court of Appeals.",2020-09-27 18:14:14,en
438,90651198,GregAbbott_TX,Greg Abbott,"Former Lubbock District Attorney agrees that my plan to crack down on rioters will help prevent crime.

Urge your candidate for state office to support these common sense measures to reduce riots and keep communities safe.

https://t.co/Jyinr9Vjwq",2020-09-26 03:52:04,en
439,90651198,GregAbbott_TX,Greg Abbott,"https://t.co/kHIK0hJp0T

Coming to a precinct near you.",2020-09-26 00:20:25,en
440,90651198,GregAbbott_TX,Greg Abbott,"Today is #nationaldaughtersday and I’m so proud of mine and the remarkable young woman she has become. 

All the best to all daughters. 

May their future be bright. https://t.co/5Rl4BmgTT8",2020-09-25 14:37:52,en
441,90651198,GregAbbott_TX,Greg Abbott,"This is good governing:  

Mesquite will cut property taxes, and with smart budgeting they will have funds to hire MORE police officers. 

Thanks Mesquite, Texas, for being such a good example.  https://t.co/ecUyCNJ6Os",2020-09-24 23:43:45,en
442,90651198,GregAbbott_TX,Greg Abbott,"A Gregg County Texas commissioner &amp; 3 others were arrested today on election fraud charges.

The Commissioner was indicted on 23 felonies, including election fraud &amp; fraudulent use of vote-by-mail ballots as part in an alleged vote-harvesting scheme.

https://t.co/ztlxxrui56",2020-09-24 22:30:49,en
443,90651198,GregAbbott_TX,Greg Abbott,"""Why New York’s in a Depression and Texas Isn’t""

Because, Texas!

https://t.co/pZeybKeIUJ via @bopinion",2020-09-24 22:22:15,en
444,90651198,GregAbbott_TX,Greg Abbott,"Texas is cracking down on rioting.

The Constitution permits ""peaceable"" protests -- but it doesn't provide the right to riot, rob, loot, set fires or physically harm anyone or any property.

We propose 6 laws that punish rioters &amp; protect communities.

https://t.co/20Mb4YQJPv",2020-09-24 21:13:50,en
445,90651198,GregAbbott_TX,Greg Abbott,"Texas Historical Commission rejects plan to move the Alamo Cenotaph..

“The Cenotaph should be located where the blood flowed,” said the commission Chairman John Nau.

""Monuments to the fallen are placed where they fell.”

https://t.co/dpHQE1FQWu",2020-09-23 04:09:20,en
446,90651198,GregAbbott_TX,Greg Abbott,"One of the 10 Most Wanted Fugitives in Texas was captured. 

He is reportedly affiliated with the Bloods gang and was wanted for aggravated robbery and aggravated assault with a deadly weapon. 

Thanks to law enforcement for this arrest. 
 https://t.co/eYPySJrzTK",2020-09-22 17:41:47,en
447,90651198,GregAbbott_TX,Greg Abbott,"TikTok deal will bring 25,000 jobs to Texas.

⁦@realDonaldTrump⁩ touted a deal between ⁦@tiktok_us⁩, Oracle &amp; Walmart, saying that the partnership could bring 25,000 jobs to Texas if the companies can prove there will be ""zero security risk."" https://t.co/8ktYIIwQ8U",2020-09-22 01:22:21,en
448,90651198,GregAbbott_TX,Greg Abbott,"San Antonio teachers could see a six-figure salary starting this Fall.

This program helps recruit and retain the very best teachers.  

https://t.co/zwuqcF0zpc",2020-09-21 02:56:37,en
449,90651198,GregAbbott_TX,Greg Abbott,"Texas is helping communities across the coast prepare for #TropicalStormBeta.

Some regions from Victoria to Beaumont can expect heavy flooding.

We are providing water rescue teams across the Gulf Coast to help save lives.

Please heed local warnings.

https://t.co/eJ68dADHWM",2020-09-20 17:49:30,en
450,90651198,GregAbbott_TX,Greg Abbott,"Today I talked to @realDonaldTrump about the @tiktok_us deal. 

I let him know that if he approves the deal Texas would be the perfect place for the HQ. 

We’ll see. 👀

#TikTok",2020-09-19 18:13:00,en
451,90651198,GregAbbott_TX,Greg Abbott,"Houston-area school districts report ‘pretty positive’ results, no big outbreaks after reopening. 

Districts that brought children back to school are avoiding the kind of outbreaks that stoked the most fear headed into the new school year. https://t.co/KplYicowvX",2020-09-18 18:35:59,en
452,90651198,GregAbbott_TX,Greg Abbott,"Tesla's Austin site plan outlines plans for a huge &amp; spectacular facility.

Construction equipment as been hard at work for weeks at the site where Tesla will build electric vehicles &amp; may cast an even larger vision.

@Tesla

https://t.co/cX4ADDBtF6",2020-09-18 01:32:45,en
453,90651198,GregAbbott_TX,Greg Abbott,"I applaud San Antonio for passing a budget that boosts police spending rather than cutting law enforcement spending like some other cities. 

Having well-trained law enforcement is essential to safe communities.  https://t.co/4tmFrZwFqy",2020-09-17 22:18:35,en
454,90651198,GregAbbott_TX,Greg Abbott,"Department of Public Safety Troopers rescue their 500th child since 2009. 

⁦@TxDPS⁩  https://t.co/DxZWU9DKBq",2020-09-16 18:38:07,en
455,90651198,GregAbbott_TX,Greg Abbott,"Experts: Proposed state takeover of Austin police legal, but unprecedented.

Well, these are unprecedented times with cities disrespecting &amp; defunding law enforcement.

We will do what is necessary to keep the Capital City safe.

#BackTheBlue 

https://t.co/ypMRecHvNW",2020-09-16 00:20:52,en
456,90651198,GregAbbott_TX,Greg Abbott,"Texas is sending first responders to Louisiana as Sally becomes a hurricane. 

Pray for our neighbors. 

Texas will do all it can to help. 

https://t.co/GK6TL8g400",2020-09-15 01:10:55,en
457,90651198,GregAbbott_TX,Greg Abbott,"Join Texans who are signing the #TexasBacksTheBlue pledge.

Show America that we won’t allow Texas cities to defund police.

That would invite crime &amp; mayhem like we’ve seen in LA, Portland, Seattle &amp;  NY. 

Get the pledge at https://t.co/zzFZl2BX13 

https://t.co/3y5GtDRAnW",2020-09-14 14:20:48,en
458,90651198,GregAbbott_TX,Greg Abbott,"RT @DallasGOP: “The last thing they should do is defund law enforcement, and yet.... that’s what Dallas City Council voted to do in announc…",2020-09-13 19:48:29,en
459,90651198,GregAbbott_TX,Greg Abbott,"Texas is providing firefighters and equipment to help California battle the raging fires that are causing such devastating damages.

Texas is ready to answer the call for help when disaster strikes - whether in the Lone Star State or across the country.

https://t.co/7867gnnUD6",2020-09-11 17:31:46,en
460,90651198,GregAbbott_TX,Greg Abbott,"Today we remember the thousands of innocent lives that were lost as tragedy struck American soil 19 years ago today. 

Let us also pay tribute to our heroic first responders who risked their lives to save others. 

#NeverForget https://t.co/QkEivYoky4",2020-09-11 15:50:43,en
461,90651198,GregAbbott_TX,Greg Abbott,"The World Series will be played this year in...
...Arlington, Texas.

At @GlobeLifeField.

Home of the @Rangers.

https://t.co/sXRRXOrmUA via @luxury",2020-09-10 01:02:13,en
462,90651198,GregAbbott_TX,Greg Abbott,"Billboard on I-35 warns 'Enter at your own risk!' after Austin votes to defund police.

#TexasBacksTheBlue

https://t.co/4RFhUfap10",2020-09-09 20:46:31,en
463,90651198,GregAbbott_TX,Greg Abbott,"Some want to defund our police — but we can’t allow it. 

I’m calling on every Texan &amp; every candidate for public office to join me in signing a pledge AGAINST defunding police tomorrow at 2 PM CT.

Download the pledge at https://t.co/XSAg8PLKH2 &amp; share using #TexasBacksTheBlue https://t.co/C25910tLSO",2020-09-09 15:16:37,en
464,90651198,GregAbbott_TX,Greg Abbott,"This year’s National Finals Rodeo will move from Las Vegas to Globe Life Field in Arlington, Texas.

This event belongs in Texas!

#NFRLiveFinal 

 https://t.co/1svZc2aSVp via @reviewjournal",2020-09-09 01:00:50,en
465,90651198,GregAbbott_TX,Greg Abbott,"Family visits at Texas nursing homes and assisted living facilities are resuming.

More will be announced in the next week.

Reuniting family members is one of the most important steps we can take when opening up.

https://t.co/ZbcXIGO5w0",2020-09-09 00:29:33,en
466,90651198,GregAbbott_TX,Greg Abbott,"Texas named #1 state in America for business investment and infrastructure investment.

We are just getting started.

https://t.co/cBXJ4iQdhu",2020-09-09 00:10:34,en
467,90651198,GregAbbott_TX,Greg Abbott,"Texas teachers could see double-digit pay raises under new program to retain top performers.

Teachers can receive 'life-changing' raises of up to $32,000.

 https://t.co/bBv4QQLCGb #FoxNews",2020-09-07 23:25:53,en
468,90651198,GregAbbott_TX,Greg Abbott,"Dallas leads the country in employees returning to the office.

Other Texas cities doing well too.

Texas will continue to lead in returning to work if we continue the effective strategies to slow the spread of COVID.

More announcements soon.

https://t.co/l6FIiYAq7f",2020-09-07 18:02:18,en
469,90651198,GregAbbott_TX,Greg Abbott,"Texas is rolling out an expanded plan to fight human trafficking -- adding 68,345 front-line workers in that effort. 

#EndHumanTrafficking 

https://t.co/0Jbm12scSx",2020-09-07 02:39:34,en
470,90651198,GregAbbott_TX,Greg Abbott,"This is the right approach:

Dallas mayor opposes cuts to police overtime.

Instead he wants to defund City Hall bureaucracy.

https://t.co/3gOBoG7OY9",2020-09-06 01:09:46,en
471,90651198,GregAbbott_TX,Greg Abbott,"This proposal for the state to takeover the Austin Police Department is one strategy I'm looking at. 

We can't let Austin's defunding &amp; disrespect for law enforcement to endanger the public &amp; invite chaos like in Portland and Seattle.

#BackTheBlue 

https://t.co/nPiRYXhx5j",2020-09-03 21:33:59,en
472,90651198,GregAbbott_TX,Greg Abbott,"Any defunding of law enforcement must start at the top.

Any mayor or governor that supports defunding police should lose their security detail.

As Austin reshapes police, will Mayor Adler's security detail be a casualty?

https://t.co/m0mXnZ4bRQ",2020-09-02 22:31:01,en
473,90651198,GregAbbott_TX,Greg Abbott,"Texas Supreme Court temporarily blocks Harris County from sending mail-in ballot applications to all its voters. 

What the Democrats are trying is simply against the law. 

It could lead to election fraud and must be stopped. 

https://t.co/ETkOuvVIW3 via @TexasTribune",2020-09-02 18:56:32,en
474,90651198,GregAbbott_TX,Greg Abbott,"One of the best things about the opening of dove season in Texas is sharing it with your kids. 

Here’s my daughter—a keen shooter—a few years ago. https://t.co/8FnWqxCy7u",2020-09-01 18:42:21,en
475,90651198,GregAbbott_TX,Greg Abbott,"Remarks by President Trump August 31, 2020 about importance of law enforcement to reduce chaos in cities:

""I spent a lot of time in Texas. And I was with the Governor of Texas, Greg Abbott. He was explaining they wouldn’t put up with it for a minute.""

https://t.co/ss50x0DCgg",2020-09-01 07:42:47,en
476,90651198,GregAbbott_TX,Greg Abbott,"I said last month that Texas wouldn’t have anymore lockdowns—despite demands from mayors &amp; county judges insisting on lockdowns.

Since my last orders in July, Covid numbers have declined—most importantly hospitalizations.

I hope to provide updates next week about next steps. https://t.co/EmmankcMMO",2020-09-01 00:58:32,en
477,90651198,GregAbbott_TX,Greg Abbott,"Texas sues Harris County to stop it from sending all voters applications for mail-in ballots.

By law, only qualified voters who ask for mail in ballots can receive them.

Harris County's scheme can lead to voter fraud &amp; compromise election results.

https://t.co/YxOOk6mB9q",2020-08-31 21:49:28,en
478,90651198,GregAbbott_TX,Greg Abbott,Thanks @POTUS for@visiting Texas. https://t.co/lWIR0tFPqV,2020-08-30 17:27:06,en
479,90651198,GregAbbott_TX,Greg Abbott,"Tell @JudgeClayJ that the LAST thing he should do is give himself and other Dallas County elected officials a pay raise.

He stands to make more than $200,000 a year.

https://t.co/hjyAFuDn0l",2020-08-30 17:03:10,en
480,90651198,GregAbbott_TX,Greg Abbott,"Thank you @realdonaldtrump for joining us in Texas as we respond to #HurricaneLaura. 

Your swift aid is helping Texans navigate through this storm and begin our recovery efforts. 

We will rebuild Southeast Texas together. https://t.co/MPjv8kGUs5",2020-08-30 00:23:27,en
481,90651198,GregAbbott_TX,Greg Abbott,"Thanks to San Antonio and so many communities across Texas for helping our neighbors from Louisiana who fled #HurricaneLaura. 

San Antonio has sheltered more than 4,500 hurricane evacuees. 

https://t.co/PBkrX3Nud6",2020-08-29 17:40:06,en
482,90651198,GregAbbott_TX,Greg Abbott,"It appears to be open season for Gangs, Organized Crime, and Drunk Drivers in Austin.

Austin's defund police budget took an ax to these units.

Texas won't take it.

If we have to, the state will take over law and order in Austin. 

https://t.co/mcSQ0oLY9m",2020-08-29 02:59:02,en
483,90651198,GregAbbott_TX,Greg Abbott,"This is why Trump will win. 

Most Americans despise this depraved, intolerant conduct. 

Americans are seeing too much of this in streets across the country. 

They will vote to against this abhorrent conduct and for Trump who will not tolerate it. https://t.co/5J23yt70JX",2020-08-28 05:31:59,en
484,90651198,GregAbbott_TX,Greg Abbott,"RT @maggie_glynn1: .@wesrap &amp; I about to take off from Beaumont with @GovAbbott, @JohnCornyn to tour the damage in East Texas after #Hurric…",2020-08-27 16:53:54,en
485,90651198,GregAbbott_TX,Greg Abbott,"Thanks to the U. S. Coast Guard for the tour around the area hit by #HurricaneLaura. 

It shows us where we need to focus resources.  

Texas is ready to help communities rebuild. https://t.co/sFrvpHu8iK",2020-08-27 16:44:39,en
486,90651198,GregAbbott_TX,Greg Abbott,"RT @wesrap: This morning— Gov @GregAbbott_TX will visit East Texas “later this morning to meet with local officials and survey the damage,”…",2020-08-27 14:16:30,en
487,90651198,GregAbbott_TX,Greg Abbott,"As #HurricaneLaura comes ashore the @TexasGuard is ready.

Texas Task Forces 1 &amp; 2 @txtf1 and the Texas Parks &amp; Wildlife @TPWDnews are prepared for water rescues.

Texas Department of Public Safety @TxDPS  will patrol the area to assist local law enforcement.

Then, we rebuild. https://t.co/ScnIbe2tBf",2020-08-27 02:19:59,en
488,90651198,GregAbbott_TX,Greg Abbott,"Thanks to the tremendous Volunteers &amp; First Responders who are stepping up to help Texans respond to #HurricaneLaura.

Their relentless efforts save lives and restore communities.  

They make Texas stronger, more united, more resilient. 

https://t.co/rSn42x9Ot7",2020-08-26 03:20:10,en
489,90651198,GregAbbott_TX,Greg Abbott,"The Texas National Guard is headed to coastal counties in response to Tropical Storms Marco &amp; Laura. 

They have high-water vehicles and rescue helicopters to help Texans in need. 

 Be prepared. Be safe.  https://t.co/XrRfWZb2QH",2020-08-25 01:24:36,en
490,90651198,GregAbbott_TX,Greg Abbott,"Texas thanks @FEMA &amp; @realDonaldTrump for swiftly granting my Federal Emergency Declaration request.

This helps our communities quickly respond oncoming tropical storm Marco &amp; Hurricane Laura.

Texans along the coast should heed local warnings.

https://t.co/RpT855lRFo",2020-08-24 18:25:25,en
491,90651198,GregAbbott_TX,Greg Abbott,"One thing for sure at the Republican Convention...

...they will recite ALL the words in the Pledge of Allegiance...

...including -- One Nation, Under God.

#RNCConvention2020 @GOPconvention https://t.co/ZxBv4iOLHE",2020-08-24 02:38:14,en
492,90651198,GregAbbott_TX,Greg Abbott,"Congrats to @UTRGV's Cristina Villalobos on winning the prestigious Presidential Award for Excellence in Science, Mathematics and Engineering Mentoring, one of just 15 professors to receive the White House honor this year.

#UTRGV doing great things.

https://t.co/AlvUbwg2zr",2020-08-23 22:56:23,en
493,90651198,GregAbbott_TX,Greg Abbott,"A teacher in a Texas public school comparing police officers to the KKK is beyond unacceptable. 

It’s the opposite of what must be taught. 

The teacher should be fired. 

I’m asking the Texas Education Agency to investigate and take action. https://t.co/DsCdp4fFaB",2020-08-23 17:30:22,en
494,90651198,GregAbbott_TX,Greg Abbott,"Texas has applied for a federal program that would give Texans who are out of work due to COVID an extra $300 in benefits per week.
 
If approved by the Federal Government - as expected - the benefits will be retroactively effective the week ending Aug. 1 https://t.co/qULq7z0l7K",2020-08-20 15:45:29,en
495,90651198,GregAbbott_TX,Greg Abbott,"Texas will defund cities that try to defund their police. 

We support law enforcement in Texas. 

#BackTheBlue 

https://t.co/ux4mekXYaW #FoxNews",2020-08-20 03:25:41,en
496,90651198,GregAbbott_TX,Greg Abbott,"Local schools districts have the discretion over when and how to begin the school year, not county judges.

Lina Hidalgo doesn’t have any authority whatsoever over the ability of schools, public or private, to be able to open. https://t.co/1YVqau4fOK",2020-08-20 01:39:44,en
497,90651198,GregAbbott_TX,Greg Abbott,"Under my plan any city that defunds police will have their property tax revenue capped at current levels. 

Cities can’t cut law enforcement &amp; then turn around and increase taxes on the residents they just endangered. 

More announcements soon.

#txlege

https://t.co/jSMj2i7QTy",2020-08-18 17:43:25,en
498,90651198,GregAbbott_TX,Greg Abbott,"Prayers up for these 3 officers shot in the line of duty while responding to 911 call at Texas home.

#BackTheBlue 

https://t.co/ZR2DVCq8hL via @ABC13Houston",2020-08-17 00:50:15,en
499,90651198,GregAbbott_TX,Greg Abbott,"A Texas Army National Guard Soldier died Thursday during a training exercise at Fort Hood.

Our hearts and prayers go out to his family.

We are so grateful for the service of all our @TexasGuard members and we deeply mourn this loss.

https://t.co/hq6kLgwbI6",2020-08-16 18:27:51,en
500,90651198,GregAbbott_TX,Greg Abbott,"Tesla moving swiftly to break ground on the new gigafactory in Travis County.

This giant site is paving the path to thousands of new jobs in Texas.

@Tesla

https://t.co/iQXxhkHmUP",2020-08-15 23:42:52,en
501,90651198,GregAbbott_TX,Greg Abbott,"This week I visited the Grand Candela Memorial site remembering the victims of the Walmart shooting in El Paso. 

I laid yellow roses and a rosary at the site in their memory.

We are forever #ElPasoStrong.

https://t.co/dDkM6OBXvz",2020-08-15 21:50:04,en
502,90651198,GregAbbott_TX,Greg Abbott,"Happy Anniversary to my wonderful wife. 

Today we celebrate the 39th anniversary of our wedding. 

This picture is from our first anniversary. 

Many more ahead. https://t.co/M1qgepVA4P",2020-08-15 16:23:56,en
503,90651198,GregAbbott_TX,Greg Abbott,Defunding law enforcement is not the answer. https://t.co/nwxtUTmpF8,2020-08-14 00:58:17,en
504,90651198,GregAbbott_TX,Greg Abbott,Best wishes for a quick recovery Senator. https://t.co/CjkJk8Gjgn,2020-08-13 01:41:31,en
505,90651198,GregAbbott_TX,Greg Abbott,"How Houston Defied Doomsday COVID Predictions.

“I really do think that the mandatory wearing a face mask in public was the catalyst to get things turned around,” Harris Health CEO Dr. Porsa told National Review.

https://t.co/4jFVOKBH7r",2020-08-12 23:15:53,en
506,90651198,GregAbbott_TX,Greg Abbott,"The Texas Department of Public Safety arrested a 14th person accused of crimes during riots in Austin in May. 

⁦@TxDPS⁩  https://t.co/JEHR20260M",2020-08-12 20:31:57,en
507,90651198,GregAbbott_TX,Greg Abbott,"Looking for some good news?

How about this from Tom Green County in Texas.

County Proposes LOWERING Your Taxes. 

https://t.co/pvn2kYizBL via @San Angelo LIVE!",2020-08-12 03:17:57,en
508,90651198,GregAbbott_TX,Greg Abbott,"Texas nursing facilities are receiving $1.1 billion for quality improvements.

This will focus on things like infectious disease control to make our nursing homes safer from COVID-19.

https://t.co/dbIONWLSvE",2020-08-09 20:17:57,en
509,90651198,GregAbbott_TX,Greg Abbott,"Our hearts and prayers go out to the families of the three Texas Parks &amp; Wildlife workers who died in a West Texas helicopter crash while working.

Their service to our state is cherished &amp; will never be forgotten.

@TPWDnews  

https://t.co/3QA9HzeCeD via @6abc",2020-08-09 18:07:38,en
510,90651198,GregAbbott_TX,Greg Abbott,"San Antonio native becomes the first African American to lead the Air Force.

@usairforce 

https://t.co/MEyYxgRRSH",2020-08-07 03:09:13,en
511,90651198,GregAbbott_TX,Greg Abbott,"U.S. Space Command headquarters belongs in Texas.

https://t.co/6VyoXz3quo",2020-08-07 02:23:11,en
512,90651198,GregAbbott_TX,Greg Abbott,"Whataburger on wheels showing appreciation for teachers with its first food truck. 

Spicy ketchup please. 

⁦@Whataburger⁩  https://t.co/itnpiTbzbu",2020-08-06 20:05:05,en
513,90651198,GregAbbott_TX,Greg Abbott,"Amarillo High teacher earns highest national recognition for math and science teachers. 

Texas has the best. 

https://t.co/nj1VDdbuCL",2020-08-06 15:02:15,en
514,90651198,GregAbbott_TX,Greg Abbott,"Law enforcement matters. 

Defunding and not supporting it has consequences. https://t.co/hUEqghrUZV",2020-08-06 01:27:30,en
515,90651198,GregAbbott_TX,Greg Abbott,"Texas is delivering on its commitment to provide care for Rio Grande Valley residents. 

Today, McAllen Convention Center started to take first patients with COVID-19. 

A similar facility is opening in Harlingen.  

#RGV  https://t.co/V3wqqVAu81",2020-08-04 22:21:32,en
516,90651198,GregAbbott_TX,Greg Abbott,"Texas on pace for record number of firearms background checks. 

Texans embrace their Second Amendment right.  https://t.co/WfyKPRayD8",2020-08-04 18:23:57,en
517,90651198,GregAbbott_TX,Greg Abbott,"Today we remember the 23 innocent lives that were lost during a senseless and hateful attack in El Paso one year ago. 

The State of Texas is committed to ensuring acts of domestic terrorism never happen again.

We are #ElPasoStrong.",2020-08-04 03:04:07,en
518,90651198,GregAbbott_TX,Greg Abbott,Thanks to @realDonaldTrump for extending Title 32 status and funding for the @TexasGuard. This will help Texas continue to respond to #COVID19 as we work to mitigate the spread and protect Texans.,2020-08-04 02:41:46,en
519,90651198,GregAbbott_TX,Greg Abbott,"Our hearts &amp; prayers go out to Marines From Texas Killed In Training Accident In California.

We remain forever grateful for their service.

#SemperFi 

https://t.co/cFhwvHa67j via @ABC13Houston",2020-08-03 18:58:55,en
520,90651198,GregAbbott_TX,Greg Abbott,"State revenue actually was higher last month than it was the same month last year.

Texas sales tax collections went up in July —  and were higher than one year ago.

https://t.co/97qKP3GdPT via @TexasTribune",2020-08-03 18:40:35,en
521,90651198,GregAbbott_TX,Greg Abbott,"Texas &amp; local school districts are providing $400 million for needy students to have computers &amp; internet service for online learning this  school year.

That includes 1 million laptops &amp; 480,000 internet WiFi hotspots from all 3 major cell providers.

https://t.co/gBfnNzXU1W",2020-08-03 03:04:51,en
522,90651198,GregAbbott_TX,Greg Abbott,"Dallas-area construction jobs bounce back big.

Building sector jobs in Dallas were higher this June than last year.
 
In the Dallas area, there were 1,400 more construction sector employees than in June 2019. 
 
The Austin area had even bigger gains.

https://t.co/PDwt0MaBSH",2020-08-03 02:39:47,en
523,90651198,GregAbbott_TX,Greg Abbott,"Victoria is another COVID hotspot where we are surging medical resources. 

Working with the federal government, medical staff from the U.S. Department of Defense Medical team are in Victoria to provide DeTar hospital with needed assistance.

https://t.co/AHVT5b5SpI",2020-08-03 02:23:48,en
524,90651198,GregAbbott_TX,Greg Abbott,"In a letter to El Paso County Judge Ricardo Samaniego I authorized Texas flags across El Paso to be lowered to half-staff in remembrance of the victims of the mass shooting that claimed 23 lives at an El Paso Walmart store.

They will never be forgotten.

https://t.co/umDPVcDu9U",2020-08-01 22:37:29,en
525,90651198,GregAbbott_TX,Greg Abbott,"6 people now face criminal charges arising from protesting at the Texas Capitol.

Thanks to Texas Dept. of Public Safety &amp; other law enforcement agencies for their efforts.

@TxDPS

https://t.co/ta0HE3prw4 via @bmtenterprise",2020-08-01 22:00:46,en
526,90651198,GregAbbott_TX,Greg Abbott,"I had the opportunity to visit with Starr County Judge Eloy Very to learn what he needs to respond to COVID.

Texas immediately provided the requested medical equipment and hospital beds.

We will continue to surge supplies to help the #RGV.

https://t.co/3gT9GFXyD9",2020-07-31 01:36:27,en
527,90651198,GregAbbott_TX,Greg Abbott,"14 Dallas family members get COVID-19 after virus denier’s party, 1 dead and another on life support.

COVID is still spreading rapidly across Texas.

It must be taken seriously.

https://t.co/ZpmnWPERvB",2020-07-30 23:47:39,en
528,90651198,GregAbbott_TX,Greg Abbott,"RIP Herman Cain. 

Herman Cain Dies After Being Hospitalized for Covid-19.  https://t.co/fltY3DkmQe",2020-07-30 15:18:31,en
529,90651198,GregAbbott_TX,Greg Abbott,"Justice David Bridges was an outstanding jurist and a dear friend of mine and so many Texans.

We join his family in mourning his tragic death, while also celebrating his remarkable life.

Flags to be lowered to half-staff as tribute.

https://t.co/1cAS2KfxJn",2020-07-30 02:39:20,en
530,90651198,GregAbbott_TX,Greg Abbott,"Texas is providing hospital beds, medical staff, supplies and equipment to convert the McAllen Convention Center into a healthcare facility to help Rio Grande Valley leaders combat COVID.

We thank McAllen for providing the location &amp; #RGV local leaders for their collaboration. https://t.co/Rqlu4bSXGJ",2020-07-30 00:48:55,en
531,90651198,GregAbbott_TX,Greg Abbott,@HumbleISD_AMS @HumbleISD Go Tigers,2020-07-30 00:37:44,en
532,90651198,GregAbbott_TX,Greg Abbott,"Texas named as 'Best Business Climate in America' for 2020. 

Texas remains America’s economic leader. 

#txlege  https://t.co/bAsQkaxh4b",2020-07-29 23:09:31,en
533,90651198,GregAbbott_TX,Greg Abbott,"Horrific flooding in Hidalgo County caused by #HurricaneHanna. 

I’m in the #RGV today with the Texas Division of Emergency Management to see how Texas can help. 

⁦@TDEM⁩ https://t.co/VayJSue4Ft",2020-07-28 19:49:08,en
534,90651198,GregAbbott_TX,Greg Abbott,Surveying flood damage in the #RGV caused by #HurricaneHanna. https://t.co/bdspd4YxFB,2020-07-28 19:32:16,en
535,90651198,GregAbbott_TX,Greg Abbott,"Dip in COVID cases suggests mask order paying off.

But a decrease in daily COVID cases shouldn’t be cause to relax mask wearing &amp; other precautions says Lamar University public health expert.

Instead it just shows that these precautions are working.

https://t.co/ktNCIjUNim",2020-07-28 03:39:52,en
536,90651198,GregAbbott_TX,Greg Abbott,"Happy Heavenly Birthday to my dear mother, Doris. 

Her laughter was contagious and her style was impeccable. No one has ever made a better peach pie. 

Her grace through adversity taught me to overcome the accident that left me in a wheelchair. 

She is forever missed. https://t.co/3Am95tLA8c",2020-07-28 01:02:15,en
537,90651198,GregAbbott_TX,Greg Abbott,"Texas has some of the leading universities in the world helping us combat COVID. 

The federal government has approved $265 million to manufacture coronavirus vaccine at Texas A&amp;M facility. 

⁦@TAMU⁩ #GigEm  https://t.co/USzSjdIrix",2020-07-27 22:51:42,en
538,90651198,GregAbbott_TX,Greg Abbott,"Texas manufacturing sector's recovery continues in July.

""The past two months have marked a significant turnaround""

We can create more jobs while also using safe practices to contain COVID spread.

We can do both: save lives &amp; support livelihoods.

https://t.co/zG7FACG8FN",2020-07-27 20:40:48,en
539,90651198,GregAbbott_TX,Greg Abbott,"Texans are doing great—taking action needed to slow the spread of COVID. 

Let’s continue to beat these other states to crush it. 

COVID hasn’t disappeared. 

We must continue using masks, keeping safe distances &amp; staying home if possible. https://t.co/pNkCKuPNUp",2020-07-27 19:46:17,en
540,90651198,GregAbbott_TX,Greg Abbott,"Texas has heroic emergency responders.

Responding to #HurricaneHanna, the Texas Task-Force 1 water rescue squad rescued 3 from a sinking boat in Corpus Christi.

They operate under the Texas Division of Emergency Management.

@TxTF1 @TDEM 

https://t.co/z3j50vOjPG",2020-07-27 03:03:58,en
541,90651198,GregAbbott_TX,Greg Abbott,"The mask mandate is helping in Texas.

""Epidemiologists and disease modelers say they are cautiously optimistic that the mandate is helping the state turn a corner in its efforts to contain an outbreak that has killed more than 4,500 Texans.""

 https://t.co/FKe7WXOqa7",2020-07-27 00:55:47,en
542,90651198,GregAbbott_TX,Greg Abbott,"FEMA &amp; President Trump have already approved the Texas request relief from #HurricaneHanna.

FEMA is providing reimbursement for mass care, evacuation &amp; shelter support at 75% federal funding.

We will keep our local committees safe &amp; help them rebuild.

https://t.co/fV2FVVuWuY",2020-07-26 21:07:10,en
543,90651198,GregAbbott_TX,Greg Abbott,"This is how Texans respond to hurricanes. 

“It’s raining sideways right now and we can’t “expletive” move. 

But we got @Whataburger. 

So, we good. https://t.co/MCis6YLE4h",2020-07-26 20:05:33,en
544,90651198,GregAbbott_TX,Greg Abbott,"Two Texas companies rank the best in America for customer experience. 

https://t.co/hMdd8vDA7O",2020-07-26 19:37:38,en
545,90651198,GregAbbott_TX,Greg Abbott,"Great job Galveston to slow the spread of COVID. 

You did it by wearing masks, reducing the size of gatherings, staying home when possible &amp; good distancing practices. 

COVID can’t spread if you don’t give it a chance to transmit. 

Don’t let it return. 
Keep crushing it. https://t.co/ybZMgEXlxC",2020-07-26 17:50:33,en
546,90651198,GregAbbott_TX,Greg Abbott,"Texas is deploying resources to help local communities respond to #HurricaneHanna.

The National Guard, Texas Dept. Of Public Safety &amp; Texas Division of Emergency Mgmt deployed high water vehicles, rescue boats &amp; helicopters &amp; medical teams.

Stay safe.

@TexasGuard @TDEM @TxDPS https://t.co/Qv4hacewKm",2020-07-26 00:39:37,en
547,90651198,GregAbbott_TX,Greg Abbott,"Baseball is back in Texas. 
@Rangers @Astros https://t.co/9Qvg87GXQX",2020-07-24 21:33:18,en
548,90651198,GregAbbott_TX,Greg Abbott,"Houston hospitalizations are trending down. 

It’s a start—aided by Texans wearing masks and staying at home when possible. 

COVID hasn’t gone away. 

But we won’t have to shut down if everyone will continue using safe distancing practices. https://t.co/sEnlserr0t",2020-07-24 15:57:23,en
549,90651198,GregAbbott_TX,Greg Abbott,"Chris Hayes was silent as Cuomo set records leading New Yorkers to death. 

Using click bait &amp; lacking compassion he attacks Texas—while ignoring CA. 

Texas is beginning to slow the spread with increased mask use, distance practices &amp; surging medical teams to care for Texans. https://t.co/3cTIN0Q4lE",2020-07-24 14:53:45,en
550,90651198,GregAbbott_TX,Greg Abbott,"The Texas coast is under a tropical storm watch.

Texans near the storm area should expect heavy rain &amp; wind.

Avoid flooded roads &amp; heed local warnings.

The Texas Division of Emergency Management is preparing teams to assist local communities.
@TDEM 

https://t.co/sE3X0TUY9Y",2020-07-24 01:21:15,en
551,90651198,GregAbbott_TX,Greg Abbott,"Texas is surging medical teams to Harlingen, Del Rio, Eagle Pass, Rio Grande City &amp; other areas hit hard by COVID-19.

We are providing ventilators &amp; PPE to Cameron and Hidalgo Counties, including over three million surgical masks.

https://t.co/t0rpMc73gg",2020-07-23 02:41:56,en
552,90651198,GregAbbott_TX,Greg Abbott,"Tesla picks Texas for its Cybertruck factory.

⁦Thanks to ⁦.@elonmusk⁩ &amp; .@Tesla for embracing our great state.

The Gigafactory will employee thousands of Texans &amp; be a cornerstone for next generation innovation.

It’s been fun to get to know you. 
Welcome to Texas. https://t.co/PsnfaEUHaz",2020-07-22 22:10:19,en
553,90651198,GregAbbott_TX,Greg Abbott,"A 30-year-old attended a “COVID party” in Texas to see if COVID was real. 

He got it. 

He died.  https://t.co/tn9Ff1NPDc",2020-07-20 20:58:29,en
554,90651198,GregAbbott_TX,Greg Abbott,"More military teams are headed to Texas to help control COVID-19 spread. 

They are going to the hardest hit areas to help burdened doctors and nurses.  https://t.co/xhLepJsdyD",2020-07-20 20:39:06,en
555,90651198,GregAbbott_TX,Greg Abbott,"Scientific Report shows that the mask mandate is successfully slowing the spread of COVID-19 in North Texas.

The report also shows that a community lock down is not needed as long as masks &amp; other distancing strategies are used.

 https://t.co/uaxrxG33C0",2020-07-20 19:09:18,en
556,90651198,GregAbbott_TX,Greg Abbott,"Texas ranks 3rd best state in America for businesses to survive the COVID pandemic.

https://t.co/icCbKZeH6n via @ABC13Houston",2020-07-20 18:05:23,en
557,90651198,GregAbbott_TX,Greg Abbott,"Texas—working with our federal partners—is providing the Rio Grande Valley the medical care it needs for COVID.

To protect yourself from COVID &amp; save lives wear a mask when going out or stay at home when possible. 

More help for #RGV coming this week. https://t.co/gZ5eQPMaQN",2020-07-19 16:39:53,en
558,90651198,GregAbbott_TX,Greg Abbott,"Texas Department of Public Safety arrest 2 more after May protests at State Capitol. 

⁦@TxDPS⁩  https://t.co/vhM5DTm5jN",2020-07-17 18:50:23,en
559,90651198,GregAbbott_TX,Greg Abbott,"Texas gives school districts more say in reopening schools amid pandemic.

The health &amp; safety of students, teachers &amp; parents is the top priority.

To ensure students receive the education they need Texas is giving local schools districts flexibility.  https://t.co/1NFWYKZwgk",2020-07-17 16:34:03,en
560,90651198,GregAbbott_TX,Greg Abbott,"At this moment 36 years ago I was in a Houston Emergency Room. 

My back was broken &amp; I was paralyzed for life. 

Little did I know that I would one day become Governor of the great state of Texas.

We all face difficult challenges that we can overcome. 

Never give up. https://t.co/C4QcMYB0wr",2020-07-14 23:33:22,en
561,90651198,GregAbbott_TX,Greg Abbott,"Texas based H-E-B named best supermarket in America. 

⁦@HEB⁩  https://t.co/AEdQqj7d5v",2020-07-13 22:01:16,en
562,90651198,GregAbbott_TX,Greg Abbott,"In Texas we honor the brave law enforcement officers who put their lives on the line to keep our communities safe.

We mourn the loss of these courageous officers who gave their all.

Texas is eternally grateful for their service.

#BackTheBlue
#RGV

https://t.co/bD6nfdXZdj",2020-07-13 01:42:38,en
563,90651198,GregAbbott_TX,Greg Abbott,"Two of our finest were killed in the line of duty while working to protect residents in their community.

I've spoken with McAllen Police Chief Victor Rodriguez and offered the full support of the State of Texas.

We unite to #BackTheBlue.
#RGV

https://t.co/lm5DWQJSVC",2020-07-11 23:51:03,en
564,90651198,GregAbbott_TX,Greg Abbott,"The Federal Government is surging a massive amount of medical personnel and resources to regions across Texas to help our communities and hospitals care for COVID-19 patients. 

https://t.co/2O1rAHleCT",2020-07-11 21:32:03,en
565,90651198,GregAbbott_TX,Greg Abbott,"The Texas Department of Public Safety arrested two more people accused of rioting and vandalism during recent protests at the Texas State Capitol.

Peaceful protest is legal.

Rioting &amp; vandalism won't be tolerated.

@TxDPS #txlege

https://t.co/r7wc1xqiDR",2020-07-07 16:14:03,en
566,90651198,GregAbbott_TX,Greg Abbott,"Today we remember the five @DallasPD officers who were ambushed and killed on July 7, 2016.
 
We will never forget their service and sacrifice.
 
May God bless these heroes and all those who risk their lives to keep us safe. #BackTheBlue",2020-07-07 15:47:49,en
567,90651198,GregAbbott_TX,Greg Abbott,"Eric—why is Texas tied for the lowest death rate of the 27 most affected states?

Why have more Texans recovered from COVID than any other state &amp; twice the number of New Yorkers?

Why is CA spiking more than TX even though it shut down harder &amp; longer than TX? https://t.co/CsmUSpNPEr",2020-07-07 05:34:19,en
568,90651198,GregAbbott_TX,Greg Abbott,"President Trump speaking about Mount Rushmore:

 “This monument will never be desecrated. These heroes will never be defaced! Their legacy will never, ever be destroyed!”

What a sight that monument is.

#4thofJuly",2020-07-04 03:08:04,en
569,90651198,GregAbbott_TX,Greg Abbott,"CHINA!!!

AGAIN!!!

This must end.  https://t.co/8dIMyAGHG8",2020-06-29 20:30:11,en
570,90651198,GregAbbott_TX,Greg Abbott,"Jack Wilson is a true Texas hero.

He took down a gunman in a Texas church, preventing countless church worshipers from being slaughtered.

I gave him the Governor's Medal of Courage for putting his life on the line to save others.

Texas needs heroes like Jack Wilson in office. https://t.co/86q8PRaTNb https://t.co/5bXUwvGylX",2020-06-23 02:35:08,en
571,90651198,GregAbbott_TX,Greg Abbott,"Nothing is better than being a father. 

#HappyFathersDay2020 to all the fathers who play such an important role in their children’s lives. https://t.co/kL1liH9rd9",2020-06-21 18:04:02,en
572,90651198,GregAbbott_TX,Greg Abbott,"This has my support!

Restaurants begin push to make alcohol-to-go permanent in Texas.

#txlege

https://t.co/2MjMQBJ9tG",2020-06-21 02:33:37,en
573,90651198,GregAbbott_TX,Greg Abbott,"Today we celebrate #Juneteenth. 

Texas was the 1st state to make Juneteenth a state holiday. 

We celebrate the arrival of the Emancipation Proclamation in Texas &amp; the abolition of slavery.

But this isn't a one day event--we must expand liberty &amp; opportunity EVERY day. https://t.co/C9F9YrJKte",2020-06-19 15:14:58,en
574,90651198,GregAbbott_TX,Greg Abbott,"The Texas economy is the 5th most racially equal in the U.S. 

Texas also has the 3rd lowest poverty rate gap between white and Black people.

We call this a good start. 

Texas always strives to be #1.  https://t.co/Z28BWbe7Xv",2020-06-18 19:58:21,en
575,90651198,GregAbbott_TX,Greg Abbott,"Mattress Mack is a great Texan. 

He is opening a tuition-free charter school that offers vocational training and more. 

Gallery Furniture is dedicating 15,000 square feet of its north Houston location to the Premier High School.

#txlege  https://t.co/4ceTgyTW7w",2020-06-16 19:31:06,en
576,90651198,GregAbbott_TX,Greg Abbott,"Happy birthday to the incredible @USArmy. 

Thank you for your 245 years of dedicated service to our country. 

We appreciate all that you do to protect and defend our nation daily. 

#ArmyStrong https://t.co/yHOnhMNXZo",2020-06-14 12:55:51,en
577,90651198,GregAbbott_TX,Greg Abbott,"Defund government bureaucracy--not law enforcement.
 
https://t.co/lG83NuekgW",2020-06-13 16:43:52,en
578,90651198,GregAbbott_TX,Greg Abbott,"University of Texas researchers are successfully treating severe coronavirus cases with blood from recovered patients. 

This is another step toward moving beyond #COVID19. 

#txlege

 https://t.co/6WVQTJgFxW",2020-06-10 17:22:49,en
579,90651198,GregAbbott_TX,Greg Abbott,"Today I spent time with the #GeorgeFloyd family.

They are wonderful, God loving people.

They will be the centerpiece of helping America bridge our racial divide &amp; ensure equality, justice &amp; fairness for everyone in America—&amp; ensure what happened in Minn. never happens in TX. https://t.co/DKdbjZOCWh",2020-06-08 20:39:34,en
580,90651198,GregAbbott_TX,Greg Abbott,"Seems like Planned Parenthood wants Babies with Disabilities to be killed. 

Hmmm. As if people with disabilities aren’t able to accomplish anything. 

Hmmm! https://t.co/afjVgbMEFk",2020-06-08 05:43:04,en
581,90651198,GregAbbott_TX,Greg Abbott,"The busiest airport in the WORLD for the month of May was our very own DFW.

COVID or Non-COVID, Texas will always be an economic leader.

#txlege 

https://t.co/5cnakpaJKK",2020-06-08 03:08:23,en
582,90651198,GregAbbott_TX,Greg Abbott,"As my twitter account shows the National Guard has been deployed from the beginning of the protests.

The hard working men &amp; women of @TexasGuard are deployed across the state &amp; are fully engaged, working alongside the @TxDPS &amp; local law enforcement . https://t.co/FrZDL4xFbh",2020-06-07 04:47:35,en
583,90651198,GregAbbott_TX,Greg Abbott,"No Limits Texas at the ⁦@TXMotorSpeedway⁩ #Genesys300. 

⁦@IndyCar ⁦@IndyCaronNBC⁩ https://t.co/OMNUNQCDCE",2020-06-07 00:19:34,en
584,90651198,GregAbbott_TX,Greg Abbott,"I almost got away with this steering wheel. 

Turns out he needs it. 

Amazing to see this just pop off the car. 

I need one of these for my wheelchair. 

@TXMotorSpeedway #Genesys300 https://t.co/jaFN6SvS2I",2020-06-06 23:58:45,en
585,90651198,GregAbbott_TX,Greg Abbott,"At the @TXMotorSpeedway tonight for the first professional sporting event in Texas since #COVID19. 

It’s the #Genesys300. 

I’ll be in the pace car to start the race—with the need for speed. 

@IndyCar https://t.co/CtWYI7yiWK",2020-06-06 23:47:21,en
586,90651198,GregAbbott_TX,Greg Abbott,"We pay solemn tribute to the greatest generation, who bravely stormed the beaches of Normandy 76 years ago to change the course of history. 

All gave some, some gave all. #DDay76 https://t.co/dNp5tVrsWa",2020-06-06 13:00:01,en
587,90651198,GregAbbott_TX,Greg Abbott,"BOOM:

May sees biggest jobs increase ever of 2.5 million as economy starts to recover from coronavirus.  https://t.co/5q0TWpQ3YV",2020-06-05 14:51:04,en
588,90651198,GregAbbott_TX,Greg Abbott,"Unemployment claims filed in Bexar County have been cut in half. 

Similar trends can be seen across Texas.

Texans are getting back to work.

Texas will lead the way!

#txlege

https://t.co/jyk13edYL4",2020-06-05 02:28:46,en
589,90651198,GregAbbott_TX,Greg Abbott,"Today Texas had the fewest #COVID19 hospitalizations in the past 6 weeks.

And, we now rank #1 in America for the most recoveries from COVID.

#txlege #coronavirus",2020-06-04 04:39:53,en
590,90651198,GregAbbott_TX,Greg Abbott,"RT @kherman: Abbott: ""We will not be asking the United States military to come into the state of Texas because we know Texans can take care…",2020-06-02 18:46:31,en
591,90651198,GregAbbott_TX,Greg Abbott,"Today Texas had the fewest #COVID19 fatalities since March 30th.

We also had the fewest Texans testing positive for COVID in the past 6 weeks.

And, we have the 2nd most recoveries from COVID in America.

#txlege #coronavirus 

https://t.co/O7SxGBUU76",2020-06-02 03:00:23,en
592,90651198,GregAbbott_TX,Greg Abbott,"Today I joined all 4 U.S. Attorneys in Texas to announce that criminals coming to Texas from out of state to loot or commit crimes that violate federal law will be subject to federal prosecution.

Peaceful protest must be allowed free from agitators.

https://t.co/oEEJuenDaM",2020-06-02 00:00:53,en
593,90651198,GregAbbott_TX,Greg Abbott,https://t.co/Y9x6x6hqLN,2020-06-01 21:15:55,und
594,90651198,GregAbbott_TX,Greg Abbott,https://t.co/brJCeL8c93,2020-05-31 19:12:47,und
595,90651198,GregAbbott_TX,Greg Abbott,"RT @HoustonTX: The mayor also mentions that he spoke with Governor @GregAbbott_TX, who offered support to the city following last night’s p…",2020-05-30 20:30:08,en
596,90651198,GregAbbott_TX,Greg Abbott,https://t.co/fPG1IeH72h,2020-05-30 18:54:49,und
597,90651198,GregAbbott_TX,Greg Abbott,"You heard it here first. 

BOTH the Texas Aggies 
AND the Texas Longhorns will beat LSU this season. 

@AggieFootball @TexasFootball 

#GigEm #HookEm https://t.co/x4r1DJQIvk",2020-05-30 00:09:16,en
598,90651198,GregAbbott_TX,Greg Abbott,"Texas A&amp;M set to reopen campus in the Fall. 

#GigEm ⁦@TAMU⁩  https://t.co/9NROfWFQA8",2020-05-29 23:27:21,en
599,90651198,GregAbbott_TX,Greg Abbott,"This Texas city is the fastest growing in America.

It will be Texas that leads our Nation out of this COVID-caused downturn.

#txlege

https://t.co/5vk0s0UxDl",2020-05-29 20:12:20,en
600,90651198,GregAbbott_TX,Greg Abbott,"Listen to Chuck Norris...

...or else... 

https://t.co/0pDClZTnMO",2020-05-29 03:29:58,en
601,90651198,GregAbbott_TX,Greg Abbott,"Congratulations @CityofDallas for rejecting a property tax increase. 

It’s best for property owners and great for attracting more good paying jobs to your wonderful city.  

You are a model for other cities. 

@Johnson4Dallas #txlege https://t.co/sirVmI728s",2020-05-28 02:26:48,en
602,90651198,GregAbbott_TX,Greg Abbott,"Mall food courts, water parks &amp; driver education programs are able to open under Phase 2 in Texas. 

#txlege  https://t.co/GAiTIvvsWb",2020-05-26 21:28:13,en
603,90651198,GregAbbott_TX,Greg Abbott,"Dallas County reports no coronavirus deaths as cases continue to trend downward.

Stories of improvement like this are surfacing across the state.

Let’s extend this trend by doing all we can to reduce the spread of #COVID19 and open up Texas.

#txlege

 https://t.co/RUKgBl6zfG",2020-05-26 20:18:36,en
604,90651198,GregAbbott_TX,Greg Abbott,"Today Texas had the fewest #COVID19 fatalities since the end of March.

We also had the fewest COVID hospitalizations since the middle of April.

And, we have the 2nd most recoveries from COVID in America.

#txlege
https://t.co/g16vuZXMzR",2020-05-26 03:18:53,en
605,90651198,GregAbbott_TX,Greg Abbott,"The promise of America has been kept by those we honor on Memorial Day. 

Because of those who fought &amp; died for our country, America remains the greatest Nation in the history of the world. 

We never forget. 

#MemorialDay https://t.co/mxV1gFS55H",2020-05-25 18:04:53,en
606,90651198,GregAbbott_TX,Greg Abbott,"Surge response teams are working in 60 Texas communities this weekend to tackle #COVID19 clusters.

These efforts help us corral #coronavirus hot spots.

This allows more Texans to get back to work.

#txlege

https://t.co/G3nR3tjP7B",2020-05-24 19:05:51,en
607,90651198,GregAbbott_TX,Greg Abbott,Hey @SenTedCruz is that a day at the office in Congress? https://t.co/ZYKdK2GsGn,2020-05-24 05:28:34,en
608,90651198,GregAbbott_TX,Greg Abbott,"All the best for LTC Allen West.
All those prayers are gonna be answered. https://t.co/TerVvjkdNX",2020-05-24 03:09:53,en
609,90651198,GregAbbott_TX,Greg Abbott,"In our continuing effort to protect the health and safety of both our residents and staff, we are expanding COVID-19 testing to all residents and employees in our state supported living centers.

#txlege

https://t.co/KGQ8JZzHzK via @TexasTribune",2020-05-23 23:31:25,en
610,90651198,GregAbbott_TX,Greg Abbott,"Great graduation comments by the legend @PatrickMahomes 

#WreckEm @TexasTech https://t.co/YnCPbNTHyg",2020-05-23 16:04:41,en
611,90651198,GregAbbott_TX,Greg Abbott,"Texas Emergency Response teams are deployed to North Texas to help respond to severe weather.

Keep our fellow Texans in your prayers over night.

#txlege https://t.co/qzJAjanpn9",2020-05-23 05:12:07,en
612,90651198,GregAbbott_TX,Greg Abbott,"Texas is Opening Safe, Smart, and Strong.

#txlege

https://t.co/qj6Ijt6VyQ via @YouTube",2020-05-23 03:05:24,en
613,90651198,GregAbbott_TX,Greg Abbott,"Alright, alright, alright. @McConaughey 

#TexansHelpingTexans https://t.co/viuObjajO3",2020-05-22 19:14:14,en
614,90651198,GregAbbott_TX,Greg Abbott,"CVS Health is opening 44 new #COVID19 testing sites across Texas. 

We are further expanding testing capabilities to mitigate the spread of this virus. 

@CVSHealth @cvspharmacy 

https://t.co/cFg3YPkGlD",2020-05-22 13:29:55,en
615,90651198,GregAbbott_TX,Greg Abbott,"Driver's license offices will begin to open next week.

@TxDPS #txlege

https://t.co/HqxhRmHplc",2020-05-21 19:24:43,en
616,90651198,GregAbbott_TX,Greg Abbott,"CONGRATULATIONS to the new @ODNIgov Director John Ratcliffe!

He’s been an outstanding member of Congress. 

His expanded leadership role will be invaluable to America. 

@RepRatcliffe https://t.co/ilmORhoRGg",2020-05-21 18:27:25,en
617,90651198,GregAbbott_TX,Greg Abbott,"Gov. Abbott, DSHS distribute antiviral drug Remdesivir in Lubbock to treat COVID-19.

This is being distributed to hospitals across the state.

More drugs to treat #COVID19 will be added in coming months.

#txlege

https://t.co/6pwcGuW8sN",2020-05-21 02:46:01,en
618,90651198,GregAbbott_TX,Greg Abbott,NCAA allows college football activities to resume.  https://t.co/JlzQEAUfbc,2020-05-20 23:36:54,en
619,90651198,GregAbbott_TX,Greg Abbott,"As we celebrate #NationalEMSWeek, let’s take a moment to honor the tireless efforts from our frontline responders across Texas, especially during these unprecedented times.

Thank you for all that you do in our communities. 

God bless you all. https://t.co/9vOg56hDrI",2020-05-20 21:05:54,en
620,90651198,GregAbbott_TX,Greg Abbott,"Whether we're facing times of challenge or times of prosperity—raising taxes on the people of Texas is never the answer. 

#txlege  https://t.co/uLRGhbQLS2",2020-05-20 05:51:01,en
621,90651198,GregAbbott_TX,Greg Abbott,"RT @AbbottCampaign: Happy birthday to the King of Country, @GeorgeStrait! https://t.co/45X2pXL3GE",2020-05-19 06:06:13,en
622,90651198,GregAbbott_TX,Greg Abbott,"As Texas moves into Phase 2 of opening business, we have the lowest number of #COVID19 deaths since early April and yesterday we had the lowest COVID hospitalizations since mid April.

Texas is ready to get back to work.

#txlege
https://t.co/rhCp35NPOH via @houstonchron",2020-05-18 22:36:30,en
623,90651198,GregAbbott_TX,Greg Abbott,Hmmm... https://t.co/k4S9xlGvdF,2020-05-18 05:41:57,und
624,90651198,GregAbbott_TX,Greg Abbott,"To the brave men and women who answered the call to serve our country: 

Thank you. 

We salute you for keeping America the greatest nation in the history of the world. 

#NationalArmedForcesDay https://t.co/oZQsshhc2y",2020-05-16 13:21:21,en
625,90651198,GregAbbott_TX,Greg Abbott,From a friend. https://t.co/Qq5qLKTbQT,2020-05-15 23:51:19,en
626,90651198,GregAbbott_TX,Greg Abbott,"Texas was the top destination for corporate moves in 2019.

That pace continues in 2020 even during #COVID19.

There will be many more announcements soon.

And many more good paying jobs. 

#txlege
https://t.co/lQw3Qo1ZJb",2020-05-15 20:21:19,en
627,90651198,GregAbbott_TX,Greg Abbott,"Severe weather will threaten many parts of Texas today and tonight. 

Stay alert. Stay safe. 

Listen for local emergency warnings. 

The Texas Division of Emergency Management is preparing teams to assist all regions across Texas. 

#txlege  https://t.co/4clHOHY3NF",2020-05-15 19:43:38,en
628,90651198,GregAbbott_TX,Greg Abbott,"Today we honor our brave law enforcement officers who made the ultimate sacrifice on this #PeaceOfficersMemorialDay.

Texas is forever grateful for their service and sacrifice. 

#BackTheBlue https://t.co/WVTY3b8ArR",2020-05-15 15:18:14,en
629,90651198,GregAbbott_TX,Greg Abbott,"Awesome view above our Capitol today. 

Thanks to the ⁦Air Force Thunderbirds⁩  for honoring our essential workers. 

#txlege ⁦@AFThunderbirds⁩ https://t.co/eMwugugMNs",2020-05-13 21:19:09,en
630,90651198,GregAbbott_TX,Greg Abbott,"Awesome news. 

Texas-based @TitosVodka is giving @Baylor College of Medicine $1M for #COVID19 vaccine research. 

https://t.co/NZQBPqMJXP",2020-05-13 19:31:21,en
631,90651198,GregAbbott_TX,Greg Abbott,"Texas Governor Says He’s Talked To Elon Musk About Moving Tesla.

It's true. Texas is a perfect fit for Tesla.
 https://t.co/12rP75lnDN",2020-05-13 18:22:12,en
632,90651198,GregAbbott_TX,Greg Abbott,"The Texas National Guard is launching a disinfection mission for nursing facilities across Texas.

They are making nursing homes safer for both the residents and staff.

#txlege @TexasGuard

https://t.co/AqkhTk0NOT",2020-05-13 18:09:02,en
633,90651198,GregAbbott_TX,Greg Abbott,"The @AFThunderbirds are flying over San Antonio and Austin today to salute frontline #COVID19 responders.

Thank you to our brave frontline and essential workers for all that you’re doing for your fellow Texans.

Flight details are below.

#InThisTogether #AmericaStrong 🇺🇸 https://t.co/EZeTPkYF6e",2020-05-13 15:14:07,en
634,90651198,GregAbbott_TX,Greg Abbott,"Thanks, Texans, for your ongoing support.

We will keep focusing on opening our economy while also keeping Texas safe from #COVID19.

#txlege

https://t.co/4obKdeQjrl",2020-05-12 19:04:19,en
635,90651198,GregAbbott_TX,Greg Abbott,"The Harvard Global Health Institute shows Texas is ""already doing enough"" #COVID19 tests to begin reopening business.

This analysis goes beyond the uninformed notion that one test number fits all states.

Still, Texas is ramping up testing.

#txlege

https://t.co/MAaU98CmLF",2020-05-12 04:02:08,en
636,90651198,GregAbbott_TX,Greg Abbott,"National Guard COVID-19 testing helps Gov. Abbott safely reopen Texas.

Thanks to @TexasGuard.

#txlege #COVID19

https://t.co/dfye7wYeK8 via @callerdotcom",2020-05-12 02:47:12,en
637,90651198,GregAbbott_TX,Greg Abbott,"Thank you to all who serve and protect our communities. 

We stand with our brave law enforcement officers. 

#NationalPoliceWeek #BackTheBlue https://t.co/FhdgyazBwT",2020-05-11 23:41:01,en
638,90651198,GregAbbott_TX,Greg Abbott,"All nursing home residents and staff will be tested for COVID-19.

These are the Texans who are most vulnerable to the #coronavirus.

Containing #COVID19 in nursing homes will save lives and reduce the spread of the virus.

#txlege

https://t.co/r9NymTaoMa",2020-05-11 22:30:38,en
639,90651198,GregAbbott_TX,Greg Abbott,"Elon Musk could save billions in taxes if Tesla moves its headquarters to Nevada or Texas. 

Just saying.  https://t.co/z1sxLGJ5qG",2020-05-11 20:28:50,en
640,90651198,GregAbbott_TX,Greg Abbott,"Major League Baseball may start its season during the 4th of July weekend. 

⁦@MLB⁩  https://t.co/GVfQSyMpHN",2020-05-11 19:02:21,en
641,90651198,GregAbbott_TX,Greg Abbott,"Help honor our teachers.

Is there a Texas teacher you think deserves special recognition?

Send them a Superstar Teacher certificate by clicking on the link &amp; filling out the form below ⬇

https://t.co/O2eTISfaH1",2020-05-11 02:07:46,en
642,90651198,GregAbbott_TX,Greg Abbott,"The State more than triples aid to the San Antonio Food Bank to help feed the hungry. 

#txlege #COVID19  https://t.co/9Bne5J9VdD",2020-05-10 23:06:39,en
643,90651198,GregAbbott_TX,Greg Abbott,#HappyMothersDay to a wonderful mom and a fabulous First Lady. https://t.co/N91HKVB4RJ,2020-05-10 15:50:36,en
644,90651198,GregAbbott_TX,Greg Abbott,"Nearly $635 million was sent this week to rural healthcare providers in Texas to respond to #COVID19. 

Thanks to the US Health &amp; Human Services for their support. 

⁦@HHSGov⁩ #txlege #coronavirus https://t.co/a0iqnnbaFD",2020-05-10 03:15:58,en
645,90651198,GregAbbott_TX,Greg Abbott,👀 https://t.co/Z7MyiSza4p,2020-05-09 19:57:50,und
646,90651198,GregAbbott_TX,Greg Abbott,"Thanks Senator @Kseliger to you and to Representatives @FourPriceTX, John Smithee, and @KingForTexas for all you are doing to help corral #COVID19 around the Amarillo area that stem from some meat processing plants.

Working together, we will get this contained.

#txlege https://t.co/7xWZ13bgnw",2020-05-08 21:20:14,en
647,90651198,GregAbbott_TX,Greg Abbott,"Texas is working with the Dallas ISD to launch a statewide effort to provide Internet service to students who lack it.

We want to ensure all students can access education on line.

#txlege 

https://t.co/SG6lw8BDyd",2020-05-08 20:52:54,en
648,90651198,GregAbbott_TX,Greg Abbott,"The @AFThunderbirds will honor frontline #COVID19 responders &amp; essential workers with flights over Austin &amp; San Antonio next Tuesday. 

#AmericaStrong #InThisTogether

https://t.co/Y2bhqmgQAN",2020-05-08 19:44:17,en
649,90651198,GregAbbott_TX,Greg Abbott,"Today is the 75th anniversary of the Nazi surrender in Europe.

We honor the heroes whose sacrifices led to victory in 1945.

Long live freedom. #VEDay75 https://t.co/bgzN25jAkQ",2020-05-08 16:42:15,en
650,90651198,GregAbbott_TX,Greg Abbott,"Today we celebrate &amp; honor military spouses who support our brave servicemen &amp; women. 

Thank you for the sacrifices you make everyday for our country. 

#MilitarySpouseAppreciationDay 🇺🇸 https://t.co/UXyNSg5lPT",2020-05-08 15:29:30,en
651,90651198,GregAbbott_TX,Greg Abbott,"“Texas has been phenomenal,” Trump said.

We appreciate the President and his team being available 24/7 to help Texas fight against #COVID19 and to put us in a position to open up business.

Texans will prevail.

#txlege

https://t.co/Ti4aqTPIjK",2020-05-07 20:18:17,en
652,90651198,GregAbbott_TX,Greg Abbott,"Throwing Texans in jail whose biz's shut down through no fault of their own is wrong.

I am eliminating jail for violating an order, retroactive to April 2, superseding local orders.

Criminals shouldn’t be released to prevent COVID-19 just to put business owners in their place.",2020-05-07 14:32:39,en
653,90651198,GregAbbott_TX,Greg Abbott,"No one should forfeit their liberty and be sent to jail for not wearing a mask. 

I’ll make further announcements about this and related issues in the morning. 

#txlege

https://t.co/1Ff8cXbdV0",2020-05-07 03:26:53,en
654,90651198,GregAbbott_TX,Greg Abbott,"Happy #NationalNursesDay. 

I wouldn’t be Governor of Texas today if it weren’t for the nurses who helped me after my back was broken in half. 

THANK YOU nurses for all that you do, especially for serving on the frontlines in our efforts to combat #COVID19. 

God bless you all. https://t.co/FAs5NqoAjw",2020-05-07 00:31:02,en
655,90651198,GregAbbott_TX,Greg Abbott,See the statements from @TXAG and me on the jailing of Dallas Salon Owner Shelley Luther. https://t.co/wyOOllGXgj,2020-05-06 17:48:03,en
656,90651198,GregAbbott_TX,Greg Abbott,"Texas National Guard is offering free COVID-19 testing Wednesday in San Angelo.

#COVID19 #coronavirus #txlege 

https://t.co/2ck1RIZGOd via @foxsanangelo",2020-05-06 15:03:01,en
657,90651198,GregAbbott_TX,Greg Abbott,"Today the @BlueAngels are saluting our brave frontline #COVID19 responders and essential workers in DFW and Houston starting at 11 AM CT.

Flight paths can be found below.

#InThisTogether #AmericaStrong https://t.co/6x8UpkVg7c",2020-05-06 14:55:49,en
658,90651198,GregAbbott_TX,Greg Abbott,"Graduation ceremonies are such special occasions--whether it's kindergarten, high school, or in between.

Texas is providing schools with options to help families capture these special memories.

#txlege

https://t.co/jQ35pL0EjE via @KVUE",2020-05-06 03:36:31,en
659,90651198,GregAbbott_TX,Greg Abbott,"Open Texas continues as Hair and Nail Salons can open on May 8 and Gyms can open on May 18. 

That and more announced today. 

Everyone must still do their part to slow the spread of #COVID19. 

#txlege  https://t.co/VHdUJV5sE4",2020-05-05 22:25:46,en
660,90651198,GregAbbott_TX,Greg Abbott,"Happy #NationalTeachersDay to our incredible educators.

With the challenge of #COVID19, we appreciate all that you’re doing to create innovative solutions for distance learning.

Thank YOU teachers for your tireless efforts to teach the next generation of leaders. https://t.co/lYlFRJCWKg",2020-05-05 17:51:33,en
661,90651198,GregAbbott_TX,Greg Abbott,"The “King of Country” is taking over my Facebook Live this morning.

Join @GeorgeStrait at 10 AM CT for a Texas-sized story time for children &amp; parents. 

Watch live: https://t.co/N56HClDNhC https://t.co/O4OqoZhatc",2020-05-05 14:17:48,en
662,90651198,GregAbbott_TX,Greg Abbott,"We are doing #COVID19 tests in every part of the state.

Later this week we will be in Paris, Texas. 

#txlege

https://t.co/Y2z6fu5sjC via @TheParisNews",2020-05-04 21:01:54,en
663,90651198,GregAbbott_TX,Greg Abbott,"Thanks Texans for supporting our approach to the #coronavirus pandemic.

We will continue the combination of opening our economy while emphasizing your safety.

We must continue to slow the spread. 

#txlege 
https://t.co/m7wKauJbbC via @https://twitter.com/Tylerpaper",2020-05-04 19:24:15,en
664,90651198,GregAbbott_TX,Greg Abbott,"Navy’s Blue Angels and Air Force Thunderbirds will fly over North Texas Wednesday in salute to COVID-19 responders.

We thank those First Responders for all they do to help us respond to #COVID19.

https://t.co/7OOiVxcK3s",2020-05-04 19:17:03,en
665,90651198,GregAbbott_TX,Greg Abbott,"The @BlueAngels will be conducting a special flyover in Houston &amp; DFW on Wednesday to honor our brave frontline #COVID19 responders &amp; essential workers.

This is a powerful symbol of Americans coming together during these unprecedented times.

#AmericaStrong #InThisTogether https://t.co/qf4rKJZvfR",2020-05-04 17:39:47,en
666,90651198,GregAbbott_TX,Greg Abbott,"Texas nurses have the highest average starting salary in the nation. 

We thank them for all they do to respond to #COVID19. 

#txlege #coronavirus  https://t.co/VjRn8hU2Lt",2020-05-04 16:19:42,en
667,90651198,GregAbbott_TX,Greg Abbott,"Thanks to Texas Tech University Health Sciences Center for helping to increase Covid-19 testing in Texas.

@TexasTech #txlege #COVID19 #coronavirus

 https://t.co/KgIgMxMJNx",2020-05-03 23:14:56,en
668,90651198,GregAbbott_TX,Greg Abbott,"The Texas National Guard is providing more than 30 free mobile COVID-19 testing sites statewide this weekend.

#txlege @TexasGuard

https://t.co/Dw8C8KGsQO",2020-05-03 20:59:36,en
669,90651198,GregAbbott_TX,Greg Abbott,"GREAT NEWS:

The number of Texans who have RECOVERED from #COVID19 now exceeds the number of active COVID cases for the past 2 days. 

That’s exactly what we want to see.

Texas ranks 3rd highest among states for number of people who have recovered from #coronavirus. 

#txlege",2020-05-03 16:34:56,en
670,90651198,GregAbbott_TX,Greg Abbott,"Today I worked with Amarillo Mayor Ginger Nelson, @VP Pence &amp; @CDCgov on a plan to corral the #coronavirus flare up arising from meat packing plants in the area.

A state &amp; federal strike force surge is being sent to contain the #COVID19 spread.

#txlege

https://t.co/NmjL9IWPyC",2020-05-02 22:45:57,en
671,90651198,GregAbbott_TX,Greg Abbott,"Free COVID-19 testing site coming to Harlingen.

This is part of the Texas National Guard mobile testing team that will test about 3,000 each day.

They will test for #COVID19 in every corner of the state. 

#txlege #coronavirus @TexasGuard

https://t.co/kwq5BW1Wgt",2020-05-02 21:46:40,en
672,90651198,GregAbbott_TX,Greg Abbott,"We're increasing #COVID19 testing.

The number of tests reported today increased by almost 29,000.

The percentage of people who are testing positive remains low: below 5%.

And, hospitalizations decreased.

All good signs in our fight against #coronavirus. 

#txlege",2020-05-02 18:55:06,en
673,90651198,GregAbbott_TX,Greg Abbott,"This is excellent. 

The San Antonio Food Bank received more than $6M from private companies to supply families in need. 

Texans are continuing to come together and show that nothing is more powerful than our Texas spirit. 

#TexansHelpingTexans 

https://t.co/qmbefAKSgK",2020-05-01 20:29:27,en
674,90651198,GregAbbott_TX,Greg Abbott,"Mattress Mack is giving away free masks at his furniture store in Houston. 

Few people do as much to help their community. 

He’s been a tremendous help on my advisory committee about reopening business in Texas.  https://t.co/LLN34GBtuE",2020-05-01 15:32:55,en
675,90651198,GregAbbott_TX,Greg Abbott,"May is National Military Appreciation Month.

Thank you to our brave military members, both past and present, for your service and for the sacrifices you’ve made for our freedom.

God bless you all. https://t.co/apfnLm1dKZ",2020-05-01 13:20:56,en
676,90651198,GregAbbott_TX,Greg Abbott,"More glimmers of hope as we “safely” move forward and open up Texas while containing #COVID19. 

Texas A&amp;M, Texas Tech University &amp; the University of Texas systems expect to reopen in the fall. 

A&amp;M is talking about playing football.  https://t.co/xFEcx2gup1",2020-04-30 22:21:40,en
677,90651198,GregAbbott_TX,Greg Abbott,"The First Dogs of Texas--Pancake and Peaches--are sending birthday cards to Texas children.

Click on the link in the story to have one sent for free.

@TexasPancake

 https://t.co/3oCsM88uiJ",2020-04-30 02:32:55,en
678,90651198,GregAbbott_TX,Greg Abbott,".@MattressMack is providing meals for Houston-area families as the state continues to respond to #COVID19.

Thank you Mack for all that you’re doing for your community. Great work.

God bless you &amp; God bless Texas.

#TexansHelpingTexans https://t.co/N41qP0bvw2",2020-04-30 01:00:45,en
679,90651198,GregAbbott_TX,Greg Abbott,"Testing for #COVID19 gets easier and easier. 

Hays County offers free testing for uninsured, underinsured, indigent patients. 

#txlege #coronavirus  https://t.co/4ARYHBZi7e",2020-04-29 22:13:27,en
680,90651198,GregAbbott_TX,Greg Abbott,"Texas A&amp;M professor says Texas will be the ""model for the nation"" for the best way to open our economy. 

We use safe strategies based on data and advice from doctors. 

We open as many businesses as possible in ways that contain the spread of #COVID19.  https://t.co/9ML5CDF1uB",2020-04-29 19:18:42,en
681,90651198,GregAbbott_TX,Greg Abbott,"More #COVID19 testing in Lubbock.

A new drive-thru testing site is available.

#txlege #coronavirus

https://t.co/rPoFlcX3lf",2020-04-29 17:08:09,en
682,90651198,GregAbbott_TX,Greg Abbott,"We are organizing an army of 4,000 #coronavirus trackers. 

This will help us corral #COVID19 while also opening up Texas for business.

Here's how they can help stop the virus in its tracks.

#txlege

https://t.co/3MosPCwNEB via @KENS5",2020-04-29 04:12:59,en
683,90651198,GregAbbott_TX,Greg Abbott,"Alcohol-to-go sales can continue after May 1.

From what I hear from Texans, we may just let this keep on going forever.

#txlege

 https://t.co/ossCXyNuPd",2020-04-29 03:18:37,en
684,90651198,GregAbbott_TX,Greg Abbott,"COVID-19 testing like this continues to ramp up across the state.

We will continue to corral the #coronavirus...

...as we open up business in Texas. 

#txlege #COVID19

https://t.co/XLac286gp6",2020-04-28 00:47:22,en
685,90651198,GregAbbott_TX,Greg Abbott,"Today’s press conference is at 2:30 PM CT for an update on Texas’ response to #COVID19.

Tune in to watch live: 
https://t.co/wVeWemEWp3 https://t.co/EYvVVO8aIa",2020-04-27 19:20:14,en
686,90651198,GregAbbott_TX,Greg Abbott,"Thanks Texans for supporting our efforts to corral the #coronavirus.

Your success in slowing the #COVID19 spread will allow Texas to open our economy even more.

We will focus on safety first &amp; be guided doctors &amp; data.

We will create more jobs &amp; reduce unemployment.

#txlege https://t.co/fSNLfKPqyM",2020-04-25 20:45:16,en
687,90651198,GregAbbott_TX,Greg Abbott,"Texas has launched an online #COVID19 test collection map to help Texans locate testing sites across the state.

It shows detailed information on public &amp; private testing sites including mobile, walk-in, &amp; drive-thru locations.

More are added every week. https://t.co/0g22Fy3QxY",2020-04-25 16:32:04,en
688,90651198,GregAbbott_TX,Greg Abbott,"Kendra Scott &amp; Allens Boots are among Texas stores reopening today with retail to go.

Texas entrepreneurs are getting back to business.

#COVID19 #txlege

https://t.co/eD3Os51JRd via @KVUE",2020-04-24 21:12:29,en
689,90651198,GregAbbott_TX,Greg Abbott,"Texas will help renters with security deposits, lease payments and utility bills.

Texas got waivers from the U.S. Department of Housing and Urban Development that allows us to help renters who’ve lost jobs or income because of #COVID19.

#txlege 

https://t.co/vt5iFprYnm",2020-04-24 16:46:38,en
690,90651198,GregAbbott_TX,Greg Abbott,"Join the legendary @ColtMcCoy tomorrow at 10 AM on Facebook Live for a virtual story time for Texas children. #HookEm 

https://t.co/EbTnkS3P9V https://t.co/lxxoikbw6U",2020-04-23 23:25:02,en
691,90651198,GregAbbott_TX,Greg Abbott,"Excellent work.

An Eagle Scout from Texas City is producing hundreds of masks for food bank and healthcare workers in his community.

#TexansHelpingTexans #COVID19  

https://t.co/PM5Xp2tEML",2020-04-23 15:04:28,en
692,90651198,GregAbbott_TX,Greg Abbott,"We are praying for--and helping--those in East Texas who were ravaged by tornadoes that left at least 2 dead &amp; 10 injured.

Many state agencies are on location to assist the recovery process.

https://t.co/0LcJIUYV0p",2020-04-23 03:17:20,en
693,90651198,GregAbbott_TX,Greg Abbott,"More #coronavirus testing announced every day.

San Antonio could see at least five more additional COVID-19 testing sites.

#txlege 

https://t.co/L59y9cxk0U",2020-04-22 21:45:08,en
694,90651198,GregAbbott_TX,Greg Abbott,"Hair salons and shopping inside stores could be coming soon. 

We are working around the clock on safe protocols for both employers and customers. 

This must be done in ways that prevent the spread of #COVID19. 

#coronavirus #txlege  https://t.co/QWof4XyxkC",2020-04-22 20:42:27,en
695,90651198,GregAbbott_TX,Greg Abbott,"Elective surgeries are resume as part of the effort to reopen Texas. 

Many more announcements coming soon. 

#COVID19 #txlege https://t.co/qVshAAkCAB",2020-04-22 18:49:49,en
696,90651198,GregAbbott_TX,Greg Abbott,"COVID19 testing is ramping up across the state.

Walmart is opening a #COVID19 testing site in Texas.
More to come.

#coronavirus #txlege
https://t.co/J1qlIRxo2b",2020-04-22 15:32:26,en
697,90651198,GregAbbott_TX,Greg Abbott,"Texas is about to open up for business.

And there are nearly half a million jobs waiting to be filled.

We'll get back to work ASAP...
...&amp; we will do it safely.

#txlege #COVID19 #caronavirus

https://t.co/PAx77tHnzQ",2020-04-22 03:00:40,en
698,90651198,GregAbbott_TX,Greg Abbott,"Awesome work by @Baylor.

900 3D printed tension-relief bands were printed in just one week for our frontline health care workers in Waco in response to #COVID19.

#TexansHelpingTexans

https://t.co/DE2ceVW6In",2020-04-21 23:28:38,en
699,90651198,GregAbbott_TX,Greg Abbott,"You can watch today’s press conference LIVE on @KXAN_News at 2 PM CT. #COVID19 

https://t.co/wVeWemWxND https://t.co/gOmO0xlS23",2020-04-21 18:39:54,en
700,90651198,GregAbbott_TX,Greg Abbott,"I thank @realDonaldTrump for focusing on the oil &amp; gas industry. 

I have worked with him and his administration on it. 

They are doing all possible to preserve jobs and to keep America energy independent. https://t.co/jHNYFqQNXX",2020-04-21 17:14:05,en
701,90651198,GregAbbott_TX,Greg Abbott,"#OTD 184 years ago, Texas won its independence at the Battle of San Jacinto.

May we always remember the sacrifice of those who fought to change the course of history.

God Bless Texas. https://t.co/Eave9JrCAs",2020-04-21 14:24:40,en
702,90651198,GregAbbott_TX,Greg Abbott,"San Antonio restaurant owner leading the way to get Texas restaurants back open for business.

We're gonna get this done.

https://t.co/vuldzsEMck via @KENS5",2020-04-21 03:28:05,en
703,90651198,GregAbbott_TX,Greg Abbott,"Excellent news.

More 15- minute drive through testing for #COVID19 in Dallas. https://t.co/eYBswW2aAV",2020-04-21 00:13:57,en
704,90651198,GregAbbott_TX,Greg Abbott,"The Texas National Guard is mobilizing more than 1,200 personnel to provide COVID-19 mobile testing teams.

We are ramping up testing across the state.

@TexasGuard #txlege

https://t.co/BPzZkyOy6f",2020-04-20 23:28:44,en
705,90651198,GregAbbott_TX,Greg Abbott,"Just spoke to @NASCAR leaders. 

They’re working to return to Texas at Texas Motor Speedway very soon.

I hope to announce the exciting details in the near future.

To prevent spread of #COVID19 it will be without fans. 

But they will put on a great show for TV.",2020-04-20 18:31:32,en
706,90651198,GregAbbott_TX,Greg Abbott,"Our hearts are heavy tonight with the report that San Marcos Police Officers were shot in the line of duty.

Join Cecilia &amp; me in keeping these officers in our prayers.

#BackTheBlue

Governor Abbott Statement On San.. https://t.co/qwLtFYLc4U @woodlandsonline",2020-04-19 02:15:04,en
707,90651198,GregAbbott_TX,Greg Abbott,"Texas can contain the spread of #COVID19 while also adopting safe standards to begin the process of reopening the state.

The @GSF_OpenTexas is leading the charge to get the Lone Star State back to being a top 10 economy in the world.

#TexasBizStrong 

https://t.co/NQHaQCxox8",2020-04-18 02:49:19,en
708,90651198,GregAbbott_TX,Greg Abbott,LIVE: Press Conference on COVID-19 https://t.co/8fZWIWYNzN,2020-04-17 17:00:57,en
709,90651198,GregAbbott_TX,Greg Abbott,Watch our statewide announcement LIVE right here on my Twitter at 12 PM CT. #COVID19 https://t.co/nacNGoqfyU,2020-04-17 16:51:27,en
710,90651198,GregAbbott_TX,Greg Abbott,".@TexasFLCA’s Stars of Texas Storytime continues today with special guest @KendraScott.

This virtual story time program provides entertainment &amp; education for Texas children &amp; a helping hand for parents during the #COVID19 response.

Tune in at 10 AM CT:
https://t.co/N56HClVo9a",2020-04-17 14:52:45,en
711,90651198,GregAbbott_TX,Greg Abbott,"Thankful for local businesses stepping up to help fellow Texans as the state continues to respond to #COVID19.

Lockwood Distilling Company in North Texas is turning alcohol into hand sanitizer for essential workers, including police and fire departments.

https://t.co/SmAqv9RMtT",2020-04-16 23:13:20,en
712,90651198,GregAbbott_TX,Greg Abbott,"A LOT of #COVID19 testing sites like this are being set up across Texas. 

Here, mobile COVID-19 testing sites are announced for Tomball &amp; Humble. 

The good news: even with more tests, 90% of Texans tested do not have the #coronavirus. 

#txlege  https://t.co/dgdGfteoTl",2020-04-15 22:19:36,en
713,90651198,GregAbbott_TX,Greg Abbott,"Texas ranks No. 1 in SBA approvals for PPP loans to help businesses stay afloat and get ready to re-open.

The SBA approved 88,434 loans for Texas businesses totaling $21.7 Billion.

On Thursday I'll announce more about opening business in Texas.

https://t.co/bzE4F5mdEf",2020-04-14 22:21:20,en
714,90651198,GregAbbott_TX,Greg Abbott,"Veteran-owned Whitmeyer’s Distilling Co. turned their whiskey distillery into a hand sanitizer operation. 

They’ve donated over 25,000 gallons of hand sanitizer to hospitals and essential employees in Texas.

#TexansHelpingTexans

https://t.co/zpInWa3RVv",2020-04-14 14:18:03,en
715,90651198,GregAbbott_TX,Greg Abbott,"Texas First Lady hosting virtual story time for kids.

 https://t.co/3GF5aEb095",2020-04-13 20:22:30,en
716,90651198,GregAbbott_TX,Greg Abbott,"Thank you to @GoldmanSachs and the @LiftFundUS for providing $50 million in loans to Texas small businesses.

This partnership is an important first step in our journey to economic recovery in the Lone Star State.

#TexasBizStrong 

https://t.co/BA1aZP2hPw",2020-04-13 17:22:58,en
717,90651198,GregAbbott_TX,Greg Abbott,"Watch today’s press conference livestream at 11:30 AM CT at the link below. #COVID19 

https://t.co/ErJkOqwYrT https://t.co/5IqTzMABKv",2020-04-13 16:14:47,en
718,90651198,GregAbbott_TX,Greg Abbott,"Easter may feel different this year due to #COVID19, but one thing remains the same:

The hope that Easter Sunday brings. 

#HappyEaster and stay safe, Texas. https://t.co/SwZDnSDoux",2020-04-12 14:05:00,en
719,90651198,GregAbbott_TX,Greg Abbott,"Tonight we lit the Texas Governor’s Mansion blue to honor our heroic frontline health care workers.

Thank you for what you’re doing as we continue to respond to #COVID19.

God bless you and God bless Texas. https://t.co/j4zuOLUxy8",2020-04-12 02:14:27,en
720,90651198,GregAbbott_TX,Greg Abbott,"Alright alright alright.

@McConaughey thank you for donating face masks to Austin’s brave first responders.

#TexansHelpingTexans 

https://t.co/fdQUedNTGy",2020-04-11 00:32:38,en
721,90651198,GregAbbott_TX,Greg Abbott,"Today I announced a new Child Care portal for essential workers.
 
Essential workers like doctors, nurses, and grocery store employees who do not have other options during the COVID-19 pandemic will be able to go to the online portal to find child care. https://t.co/mHA0wkdYBQ",2020-04-10 22:26:58,en
722,90651198,GregAbbott_TX,Greg Abbott,"From suffering comes perseverance, from perseverance comes character, from character comes hope. 

As we approach Easter weekend, I am filled with hope. 

With #TexansHelpingTexans, we CAN conquer this #COVID19 outbreak together. https://t.co/4SBsrWrDMJ",2020-04-10 22:19:11,en
723,90651198,GregAbbott_TX,Greg Abbott,Press Conference on Texas’ Response to COVID-19 https://t.co/0FhQlOYhSC,2020-04-10 19:02:50,en
724,90651198,GregAbbott_TX,Greg Abbott,"You can watch our press conference live at 2 PM CT today here on my Twitter.

We’re providing an update on Texas’ response to #COVID19.

@TDEM @TexasDSHS @TexasHHSC https://t.co/qbgkSzkYn6",2020-04-10 18:31:13,en
725,90651198,GregAbbott_TX,Greg Abbott,"It is finished. 

#GoodFriday https://t.co/49xs4N2pwQ",2020-04-10 13:00:00,en
726,90651198,GregAbbott_TX,Greg Abbott,"Because you have more important things to do right now. 

#coronavirus https://t.co/Y8JvkFM7tX",2020-04-10 05:35:14,en
727,90651198,GregAbbott_TX,Greg Abbott,"H-E-B is supplying 75,000 meals to health care workers in Texas. 

Great work, @HEB. Thank you for helping our brave front line workers as the Lone Star State responds to #COVID19. 

#TexansHelpingTexans

https://t.co/sEWV6ZQPfN",2020-04-10 01:07:00,en
728,90651198,GregAbbott_TX,Greg Abbott,"On National Former Prisoner of War Recognition Day, we honor all of service members imprisoned by foreign powers while serving our country.

Thank you to the brave men and women who answered the call to protect our freedom. https://t.co/ybW03nseep",2020-04-09 16:00:19,en
729,90651198,GregAbbott_TX,Greg Abbott,"A boat company from Abilene switched gears to produce thousands of face masks for local medical professionals in response to #COVID19.

#TexansHelpingTexans 
https://t.co/22HPaKebEz",2020-04-08 23:46:26,en
730,90651198,GregAbbott_TX,Greg Abbott,Wishing a happy and healthy #Passover to those celebrating today. https://t.co/SorzAXP1iY,2020-04-08 23:01:19,en
731,90651198,GregAbbott_TX,Greg Abbott,"Thank you to Prestige Ameritech and the Texas Military Department for increasing the production of critical face masks for our brave medical professionals. 

Texans are responding with resiliency to #COVID19. 

#TexansHelpingTexans https://t.co/dZyVaSTECS",2020-04-08 19:04:56,en
732,90651198,GregAbbott_TX,Greg Abbott,Press Conference on COVID-19 https://t.co/6hMivOJX5D,2020-04-08 17:05:12,en
733,90651198,GregAbbott_TX,Greg Abbott,"We’re giving an update on the statewide response to #COVID19 today at 12 PM CT.

You can watch the press conference live stream right here on my Twitter.  

@TDEM @TexasDSHS @TexasHHSC",2020-04-08 16:15:05,en
734,90651198,GregAbbott_TX,Greg Abbott,"This is a solid move  --&gt;  University of Texas at San Antonio announces prorated refunds to students due to #COVID19. 

#coronavirus #txlege

https://t.co/RLSez60aaO",2020-04-08 03:32:35,en
735,90651198,GregAbbott_TX,Greg Abbott,"Some Walgreens in Texas will provide drive-thru #coronavirus testing.

The sites will use the Abbott Labs 15 minute tests.  

Each site could administer as many as 3,000 tests per day. 

#COVID19 #txlege

https://t.co/cLkS7KEoVv",2020-04-08 03:09:35,en
736,90651198,GregAbbott_TX,Greg Abbott,"Tomorrow, Texans must battle more than just the #coronavirus. 

Severe &amp; dangerous weather will hit large swaths of our state.

State resources have been activated to help communities respond to the storm.

Stay tuned to the weather &amp; heed local warnings. https://t.co/zNx2xe0Cuw",2020-04-08 00:35:04,en
737,90651198,GregAbbott_TX,Greg Abbott,"Thank you to J.J. and Kealia for helping your community right here in Texas. 

@JJWatt and @KealiaOhai - you are rockstars on and off the field.

#TexansHelpingTexans 
https://t.co/WkJqAVqGfd",2020-04-07 19:08:03,en
738,90651198,GregAbbott_TX,Greg Abbott,"COVID-19 PPE is here!

Over the past week Texas distributed
1,676,510 face masks
209,856 face shields
2,721,350 gloves
169,231 gowns
7,594 coveralls 

EVEN BETTER
In the past 24 hours Texas received 2.5 million face masks with 3 million more on the way.

https://t.co/4cqfi0TOLD",2020-04-06 22:58:08,en
739,90651198,GregAbbott_TX,Greg Abbott,Press Conference on #COVID19 https://t.co/7zgkKRXLFK,2020-04-06 19:06:59,en
740,90651198,GregAbbott_TX,Greg Abbott,"You can watch our press conference LIVE today at 2 PM CT right here on my Twitter. 

Posting a broadcast shortly. Stay tuned. #COVID19",2020-04-06 18:25:01,en
741,90651198,GregAbbott_TX,Greg Abbott,"Many small businesses need financial assistance to help them continue business operations.

This story has 2 important links that provide help.

One is for the Economic Injury Disaster Recovery Program.
The other is the Paycheck Protection Program.

https://t.co/hHsm1fgXkF",2020-04-06 15:57:55,en
742,90651198,GregAbbott_TX,Greg Abbott,"Today we announced free childcare for frontline workers during #COVID19 pandemic.

Thanks to our nurses, doctors, first responders &amp; all healthcare providers for their tireless work to respond to the #coronavirus.

#txlege

https://t.co/6HjzR7fqvc",2020-04-06 15:42:04,en
743,90651198,GregAbbott_TX,Greg Abbott,https://t.co/o43ab8wiwF,2020-04-06 06:52:10,und
744,90651198,GregAbbott_TX,Greg Abbott,"I have waived some regulations to expand health care workforce during the #COVID19 response.

This allows Physician Assistants, Medical Physicists, Perfusionists, &amp; Respiratory Care candidates for licensure to more quickly enter the workforce.

https://t.co/kFzKciIE1i",2020-04-06 00:55:06,en
745,90651198,GregAbbott_TX,Greg Abbott,"This is such fake news by the Dallas Morning News.

The audio tape of this episode has been available to the press.

Federal officials told us those resources would be needed elsewhere if Dallas County didn't want them.

@DMN should be ashamed. https://t.co/4s7M6gXN2Y",2020-04-06 00:30:18,en
746,90651198,GregAbbott_TX,Greg Abbott,"Someone posted this blast from the past — showing my commitment to liberty and foundational constitutional principles since I was in high school. 

Our Constitution is our guide post—yesterday, today &amp; tomorrow. https://t.co/ODfSxypcq0",2020-04-06 00:22:07,en
747,90651198,GregAbbott_TX,Greg Abbott,"I'm the one who set up the Convention Center for #coronavirus care.

Federal officials said Jenkins said he didn't want to use it.

For obvious reasons he's quickly walking it back.

https://t.co/qiXuP66eRH",2020-04-05 23:56:02,en
748,90651198,GregAbbott_TX,Greg Abbott,"FYI, a test like this would NEVER be ""required by the government"" before you can go back to work.

It's for anyone who wants to voluntarily take it for their own personal confidence about their ability to interact with others.

It's particularly helpful for healthcare workers. https://t.co/FvQTKzwhCE",2020-04-05 23:50:26,en
749,90651198,GregAbbott_TX,Greg Abbott,RT @cbs11jack: #NEW What led to the letter from @GovAbbott’s office to @JudgeClayJ was call from a DOD Major General to @chiefkidd expressi…,2020-04-05 22:32:31,en
750,90651198,GregAbbott_TX,Greg Abbott,"Thanks to the Chairman of the North Texas Food Bank for all you do to help Texans respond to the #coronavirus. 

We are proud to help and are grateful for the role played by the ⁦@TexasGuard⁩. 

#txlege #COVID19 https://t.co/2hKRqcnHOh",2020-04-05 21:38:17,en
751,90651198,GregAbbott_TX,Greg Abbott,"Last week Texas DPS pulled over travelers from Louisiana to impose a 14 day self-quarantine requirement.

Now, CHECKPOINTS at La.-TX border will be used to further reduce travelers from Louisiana potentially bringing #COVID19 into Texas.

#txlege @TxDPS

https://t.co/EMTOdhTNyk",2020-04-05 19:06:51,en
752,90651198,GregAbbott_TX,Greg Abbott,"To ALL of our grocery store workers who work tirelessly to ensure Texans have the supplies they need: 

Thank YOU! 

Everyone across our state appreciates your hard work to help Texans respond to the #coronavirus. 

God bless you and God bless Texas.

#txlege #COVID19 https://t.co/zN1ID2D55u",2020-04-05 18:06:11,en
753,90651198,GregAbbott_TX,Greg Abbott,"We’re increasing PPE - Personal Protection Equipment.

In past 6 days the Supply Chain Strike Force provided:
*more than 1.4 million face masks 
*more than 190,000 face shields *more than two million gloves
*more than 160,000 gowns.

More coming soon. https://t.co/r8idEzgEoQ",2020-04-05 12:04:08,en
754,90651198,GregAbbott_TX,Greg Abbott,"Here’s what the @TexasGuard is doing with the @USACEHQ to provide additional healthcare facilities to respond to the #coronavirus. 

One facility is already open in Dallas. 

Other locations around the state are being reviewed now. 

#COVID19 https://t.co/CZpEerXqFn",2020-04-05 07:31:29,en
755,90651198,GregAbbott_TX,Greg Abbott,"The Texas National Guard mobilizes to respond to #COVID19. 

They locate &amp; equip non-medical sites that can treat patients if hospital capacity is exhausted. 

We will ensure Texas is prepared for any possible scenario.

⁦@TexasGuard⁩
#coronavirus  https://t.co/NxV7e1ZBjk",2020-04-05 02:40:03,en
756,90651198,GregAbbott_TX,Greg Abbott,"One thing to look forward to later this month is testing for people who may have immunity to #COVID19.

Many Texans have that immunity. 

They will be among the first Texans able to return to work and get our economy going again.

#coronavirus

https://t.co/DW6FEx0oZP #FoxNews",2020-04-04 23:39:08,en
757,90651198,GregAbbott_TX,Greg Abbott,"A ray of sunshine. 

Football may return on schedule. https://t.co/FR9NJbJUln",2020-04-04 19:54:07,en
758,90651198,GregAbbott_TX,Greg Abbott,"Texas has almost 20,000 hospital beds available to treat patients for #coronavirus.

2,107 intensive-care beds are available &amp; we have 8,741 ventilators.

Texas should avoid the limited health care resources seen in some other states.

#txlege #COVID19

https://t.co/4KXUsJe8p5",2020-04-04 04:14:43,en
759,90651198,GregAbbott_TX,Greg Abbott,"Texas school districts and schools will not get accountability ratings in 2020 because of the #coronavirus pandemic.

#COVID19 #txlege

https://t.co/ueKnPeJouv",2020-04-04 00:54:33,en
760,90651198,GregAbbott_TX,Greg Abbott,"Texas hospitals are getting tens of thousands of rapid COVID-19 tests to quickly determine if a person has the #coronavirus. 

Our testing capacity is increasing 10% each day. 

Still, less than 10% of Texans tested are testing positive for #COVID19.  https://t.co/G9rbm4dq8F",2020-04-03 22:46:41,en
761,90651198,GregAbbott_TX,Greg Abbott,"We are providing Comfort Food Care Packages to support Texas youth and families as we combat the #coronavirus. 

#COVID19 #txlege  https://t.co/sgnDBTrMk1",2020-04-03 14:59:31,en
762,90651198,GregAbbott_TX,Greg Abbott,"So many Texas businesses are stepping up to help respond to the #coronavirus. 

Reyes Hayashi Automotive which is a supplier to the Toyota plant in San Antonio will produce up to 5,000 face shields a day for health care workers in Texas. 

#COVID19
 https://t.co/A1hwIrPjci",2020-04-03 07:22:28,en
763,90651198,GregAbbott_TX,Greg Abbott,"We want everyone to get full unemployment benefits.

We changed the unemployment policy to ensure you receive benefits effective when you lost your job rather than when you file your claim.

The Workforce Comm. is adding staff to process claims quicker.

https://t.co/96bxXyiqkU",2020-04-03 03:12:41,en
764,90651198,GregAbbott_TX,Greg Abbott,"A BIG thanks to ⁦@Apple⁩ for supplying a massive amount of face masks to help us combat the #coronavirus. 

These are being distributed across Texas immediately. 

⁦⁩ #COVID19 #TXLEGE https://t.co/Cm0eLk4eJt",2020-04-02 21:36:28,en
765,90651198,GregAbbott_TX,Greg Abbott,"HealthCare Express begins #COVID19 testing in Longview.

Additional #coronavirus testing sites like this are being added daily across Texas.

As a result, we are increasing testing in Texas by about 10% per day, compounded daily.

#txlege

https://t.co/I6v6veaNWb via @kytxcbs19",2020-04-02 20:51:40,en
766,90651198,GregAbbott_TX,Greg Abbott,"Got coronavirus antibodies? Tests that show immunity can help beat #Covid19.

Labs around the world are rolling out an­ti­body tests that can show if a person was re­cently in­fected with the #coronavirus and has de­vel­oped immunity.

Game changer.  https://t.co/pgPwippMiI",2020-04-02 06:15:14,en
767,90651198,GregAbbott_TX,Greg Abbott,"Yesterday I issued an executive order that goes into effect at midnight tonight that requires all Texans to stay home unless you’re performing an essential service or activity. 

We must continue to respond to the challenge #COVID19 with strength and resolve. https://t.co/xiCURPQZnf",2020-04-01 21:37:28,en
768,90651198,GregAbbott_TX,Greg Abbott,"Texas Mental Health Support Line Up And Running To Help With Coronavirus Anxiety. 

#COVID19 #coronavirus  https://t.co/3OvoranXqf",2020-04-01 17:54:05,en
769,90651198,GregAbbott_TX,Greg Abbott,"Waco ISD middle school principal—a former Marine—has died from #COVID19.

This disease is deadly.

To prevent its spread stay at home &amp; out of contact with others unless you provide or need services essential for our battle against #coronavirus.

 https://t.co/l0xAbLblup",2020-04-01 14:36:23,en
770,90651198,GregAbbott_TX,Greg Abbott,"FACT: “Gov. Greg Abbott on Tuesday told Texans to stay at home for the next month unless they are taking part in essential services and activities, announcing a heightened statewide standard to stem the spread of the new coronavirus.”

#txlege  https://t.co/tDRUzrpmAm",2020-04-01 00:27:19,en
771,90651198,GregAbbott_TX,Greg Abbott,"We are expanding healthcare capabilities across the state to ensure all healthcare needs will be met in the event of a surge of #COVID19 patients. 

Dallas convention center will get Texas’ first pop-up hospital for #coronavirus.

#txlege

https://t.co/a0SqwxLQ6P",2020-03-31 03:09:51,en
772,90651198,GregAbbott_TX,Greg Abbott,"Today is National Doctors Day. 

This year we especially thank them for serving on the front line in our war against the #coronavirus. 

With their care and expertise we will defeat #COVID19 and return to normal ASAP. https://t.co/RKBsLXz0aN",2020-03-30 23:30:02,en
773,90651198,GregAbbott_TX,Greg Abbott,"Texas Dept. of Public Safety is on the Louisiana-Texas border today enforcing my Executive Order requiring self-quarantine for anyone who travels to Texas from Louisiana. 

We want to prevent the #coronavirus from being imported into Texas. 

#COVID19 #txlege https://t.co/aMrH46g0NZ",2020-03-30 22:12:24,en
774,90651198,GregAbbott_TX,Greg Abbott,"Hero!

Austin CEO delivers thousands of masks from to Texas doctors in need of protective equipment.  https://t.co/G65jRz5vBz",2020-03-30 03:55:19,en
775,90651198,GregAbbott_TX,Greg Abbott,"Today I issued an Executive Order preventing the@release of dangerous criminals from prisons &amp; jails. 

We want to prevent the spread of #COVID19 among prison staff &amp; inmates. 

But, releasing dangerous criminals in the streets is not the solution. 

#txlege #coronavirus https://t.co/GEEB4icIUj",2020-03-30 02:13:36,en
776,90651198,GregAbbott_TX,Greg Abbott,"We're calling on all nurses to help respond to #COVID19.

To increase the available nurses I removed licensing barriers for advanced practice registered nurses.

We thank all nurses &amp; health care professionals on the front line of battling #coronavirus.

https://t.co/Ycsxw2Xc4N",2020-03-28 22:46:50,en
777,90651198,GregAbbott_TX,Greg Abbott,"American innovation knows no limits. 

U.S. Approves Abbott Labs Five-Minute ‘Rapid’ Coronavirus Test. 

The ID NOW COVID-19 tests will be available next week with the ability to deliver 50,000 tests per day.

#coronavirus #COVID19  https://t.co/egbsDTQoi7",2020-03-28 01:19:08,en
778,90651198,GregAbbott_TX,Greg Abbott,Time to place a food order. https://t.co/OJNqND6MMo,2020-03-27 23:16:18,en
779,90651198,GregAbbott_TX,Greg Abbott,"The boundless generosity of Texans during times of challenge is a hallmark of our great state. 

Round Rock ISD, other districts donate masks, gloves to fight #coronavirus.

#COVID19 #txlege
https://t.co/rnDi9Bp3GR",2020-03-27 03:51:21,en
780,90651198,GregAbbott_TX,Greg Abbott,"A HUGE thank you to all the truckers who are hauling the supplies that Texans need across the state, especially at this time. 

Together we’re going to beat the #coronavirus.

In the meantime, truckers will keep Texas well-stocked.

God bless you all &amp; God bless Texas.

#COVID19 https://t.co/Rf3bKf9qtA",2020-03-27 02:07:44,en
781,90651198,GregAbbott_TX,Greg Abbott,"Retired nurses and out-of-state physicians line up to help during #coronavirus outbreak. 

This is exactly what we need. 

If you are in the healthcare field and want to help Texas respond, go to https://t.co/bGjOXXRwGd. 

#txlege #COVID19 https://t.co/16tw3TCUwZ",2020-03-26 11:55:29,en
782,90651198,GregAbbott_TX,Greg Abbott,RT @MichaelDell: Proud to see @GregAbbott_TX tap @DellTech's SVP of Worldwide Procurement Keith Miears to serve as Supply Chain Director fo…,2020-03-26 00:23:26,en
783,90651198,GregAbbott_TX,Greg Abbott,"Texas is asking the federal government to allow families that rely on SNAP benefits for food to use them at drive-thru restaurants. 

This helps those families and the businesses in Texas that provide food. 

#coronavirus #COVID19 
#txlege  https://t.co/375AIdzkwV",2020-03-25 22:19:12,en
784,90651198,GregAbbott_TX,Greg Abbott,"We are grateful that so many Texans are offering help to respond to the #coronavirus.

Anyone who would like to be considered as a vendor, donor, or volunteer please submit your information into the form at https://t.co/YYOAhviXa3.

Thanks for helping Texans. 

#COVID19 #txlege",2020-03-25 20:38:09,en
785,90651198,GregAbbott_TX,Greg Abbott,"GREAT NEWS. 

President Trump just granted a Major Disaster Declaration for Texas. 

This will expand the resources available to Texas &amp; speed our ability to robustly respond to #coronavirus. 

#COVID19 #txlege",2020-03-25 18:34:46,en
786,90651198,GregAbbott_TX,Greg Abbott,"Today we honor our nation's bravest on #MedalofHonorDay. 

Please join us for a quiet Moment of Honor at 2:25 PM CST and fly your American flag in honor of these heroes. https://t.co/9FgAXOnyRK",2020-03-25 17:50:06,en
787,90651198,GregAbbott_TX,Greg Abbott,"Many Texans have questions about unemployment benefits. 

The Texas Workforce Commission will answer your unemployment questions on Facebook Live at 2:30 p.m.

#txlege #COVID19 #coronavirus  https://t.co/TT5LNEP9gD",2020-03-25 16:47:16,en
788,90651198,GregAbbott_TX,Greg Abbott,"Restaurants have food supply chains that don't go through grocery stores.

Help keep our restaurants open &amp; their employees working by using them as a source for your food needs.

This waiver makes it easier for you as we all work to respond to the #coronavirus.

#COVID19 https://t.co/ArlKF7XM45",2020-03-25 03:22:30,en
789,90651198,GregAbbott_TX,Greg Abbott,"Dr. Birx: people traveling from NY ""should be self-quarantining for 14 days to ensure the virus doesn’t spread.""

Dr. Fauci: “We don’t want [traveling from NY] to be another seeding point for the rest of the country.""

I'll address this week.

#COVID19
https://t.co/h5MHQHlEes",2020-03-25 03:02:57,en
790,90651198,GregAbbott_TX,Greg Abbott,"Is your Texas driver license about to expire? 

You don't need to renew it, for now... 

#coronavirus #COVID19 #txlege  https://t.co/fQcdIYxrjD",2020-03-22 01:09:46,en
791,90651198,GregAbbott_TX,Greg Abbott,"Today I cut through regulatory red tap to increase the number of nurses who can help Texas respond to the #coronavirus.

There will be more announcements like this soon that add to our healthcare capacity to deal with #COVID19.

#txlege 

https://t.co/fRDXdm0HC8 via @KVUE",2020-03-21 19:46:39,en
792,90651198,GregAbbott_TX,Greg Abbott,"RIP Kenny Rogers—a recipient of the Texas Medal of Arts. 

The Houston born singer is a music legend &amp; will be sorely missed. https://t.co/NJZhcc5vpL",2020-03-21 07:10:21,en
793,90651198,GregAbbott_TX,Greg Abbott,"Texas Supreme Court halts eviction proceedings through late April due to #coronavirus 

 https://t.co/QcOTHteks1",2020-03-21 02:51:09,en
794,90651198,GregAbbott_TX,Greg Abbott,"The Minister of Culture is preaching.

@McConaughey

https://t.co/Go2IFp1PTn",2020-03-21 02:03:25,en
795,90651198,GregAbbott_TX,Greg Abbott,"I want to thank Tytus for this letter. 

Thank you for your commitment to school and to staying healthy. https://t.co/romvDYhloS",2020-03-20 19:04:29,en
796,90651198,GregAbbott_TX,Greg Abbott,"This is how Texans respond to challenges. 

@HomeDepot is donating 15,000 medical masks to Dallas Police Department. 

Expect more announcements like this as we all work together to respond to the #coronavirus. 

#COVID19 #txlege https://t.co/35FUvbJsPK",2020-03-20 16:37:40,en
797,90651198,GregAbbott_TX,Greg Abbott,"Austin-based medical diagnostics company Everlywell will begin offering a home testing kit for COVID-19 early next week.

The company said 30,000 of the tests will be available starting Monday.

#txlege #coronavirus #COVID19
https://t.co/nYzKojCDjz",2020-03-20 03:14:03,en
798,90651198,GregAbbott_TX,Greg Abbott,"Texans have always been resilient when responding to disasters. Our response to #COVID19 is no different.

We need everyone’s collaboration to help contain the spread &amp; protect public health.

Together we will defeat #COVID19 &amp; soon cont. biz as usual keeping TX the best state. https://t.co/C9maudW5qr",2020-03-20 02:37:59,en
799,90651198,GregAbbott_TX,Greg Abbott,Excellent news. https://t.co/EdpcFuHIQZ,2020-03-19 16:38:14,en
800,90651198,GregAbbott_TX,Greg Abbott,"Today we announced the MealFinder Map.

It helps parents find where Texas schools serve meals during school closures.

It launches Friday &amp; will be updated constantly to include the address of each facility &amp; the days &amp; times when meals are served. 

https://t.co/vguYoqDYfU",2020-03-19 03:20:10,en
801,90651198,GregAbbott_TX,Greg Abbott,"Restaurants in Texas can now deliver alcoholic beverages with food purchases to customers.

In response to #coronavirus I waived some regulations that hindered that.

These next few weeks it’s important to support our restaurants. They’re a great source of food for Texans. https://t.co/j9LFsDFceE",2020-03-19 01:55:38,en
802,90651198,GregAbbott_TX,Greg Abbott,"Baylor Scott &amp; White Opens Drive-Thru #Coronavirus Testing Sites. 

You will see announcements like this across Texas. 

#COVID19  #txlege  https://t.co/BfPIIiTOyF",2020-03-18 05:11:46,en
803,90651198,GregAbbott_TX,Greg Abbott,"I have waived the 10 day investigation period for individuals applying for unemployment benefits.

We want you to get your benefits ASAP. 

https://t.co/v7p7hXTHb1…

#txlege #coronavirus #COVID19 https://t.co/P52LCrFcyW",2020-03-18 00:00:45,en
804,90651198,GregAbbott_TX,Greg Abbott,"Today I activated the Texas National Guard to help respond to #COVID19.

This precautionary measure ensures the @TexasGuard is prepared to serve at a moments notice.

We are grateful for the men &amp; women who serve. 

#coronavirus
#txlege  https://t.co/xpDXZaSVWL",2020-03-17 22:09:02,en
805,90651198,GregAbbott_TX,Greg Abbott,"Drive through testing like this for #coronavirus is coming to a location near you soon.

We’re rapidly expanding testing for #COVID19 in Texas.

San Antonio &amp; Bexar Co. opened Texas’ first facility like this. Dozens will fill the state this week.

Check out at how it works... https://t.co/hfew4LECfC",2020-03-17 00:14:54,en
806,90651198,GregAbbott_TX,Greg Abbott,"The #coronavirus may have harmed your business. 

If so you may qualify for a Small Business Administration loan. 

Check out the information below to see if you might qualify and submit the info. 

⁦@SBAgov⁩ #COVID19 #txlege https://t.co/kW3kmGmaNO",2020-03-16 23:10:57,en
807,90651198,GregAbbott_TX,Greg Abbott,"We have ended the wait lines to get your drivers license renewed--at least for now.

Texas DPS temporarily extends expired driver’s licenses, ID cards during declaration of disaster.  

#coronavirus  #COVID19  #txlege

https://t.co/0LrClxeKSG",2020-03-16 20:52:18,en
808,90651198,GregAbbott_TX,Greg Abbott,"I have eliminated the STAAR testing requirements for this school year. 

We must empower schools to focus on the health of their students, teachers and families.  https://t.co/8HHIjmY3hD",2020-03-16 14:16:14,en
809,90651198,GregAbbott_TX,Greg Abbott,"Corpus Christi &amp; Nueces County officials unveil plan &amp; site for local COVID-19 testing.

Like many Texas areas, they haven't yet had a case of COVID-19.

But, they know it's coming &amp; are getting prepared for testing.

#txlege
https://t.co/vxBJf7raKC",2020-03-16 03:03:14,en
810,90651198,GregAbbott_TX,Greg Abbott,"To get more supplies in our grocery stores more quickly I will remove any regulatory barrier that stands in the way. 

Texas is now allowing trucks that deliver alcohol to also deliver grocery supplies. 

#COVID19 #coronavirus #txlege  https://t.co/rO7DA273iB",2020-03-15 23:02:38,en
811,90651198,GregAbbott_TX,Greg Abbott,"Seniors are most at risk for #coronavirus.

To keep them protected from exposure to the virus Texas Health and Human Services is banning non-essential guests at nursing homes.

This is temporary &amp; hopefully won't be needed long.

#txlege
 https://t.co/vaeCKOrCsD via @KVUE",2020-03-15 20:33:14,en
812,90651198,GregAbbott_TX,Greg Abbott,"Drive-through testing for #coronavirus is now open in Austin. More is coming. 

This adds to testing centers in San Antonio and the centers opening in Houston &amp; Dallas later this week.

Drive through testing will continue to increase. 

#COVID19 #txlege  https://t.co/lGGUJF8XqB",2020-03-15 18:16:13,en
813,90651198,GregAbbott_TX,Greg Abbott,"This is unacceptable &amp; I'm working to get it fixed.

I have spoken to the official in charge of this--the head of Homeland Security.

They are working 24-7 to add personnel and make other changes to fix this ASAP.

#DFW #COVID19 #txlege

https://t.co/Xl9tfcN03h",2020-03-15 16:45:10,en
814,90651198,GregAbbott_TX,Greg Abbott,"Today I fast-tracked temporary licensing of out-of-state doctors, assistants &amp; nurses, to assist in Texas' response to COVID-19. 

We will ensure Texas has all medical personnel needed to fight #coronavirus. 

#COVID19 #txlele

https://t.co/N3Ae5XVlWd @woodlandsonline",2020-03-15 04:35:50,en
815,90651198,GregAbbott_TX,Greg Abbott,"I have waived some trucking regulations to help stores restock after supply shortages due to #coronavirus concerns.

Retailers have strong supply sources &amp; there's no need to hoard.

Retailers are ready to restock.

#COVID-19 #txlege

https://t.co/865qIcQasr via @12NewsNow",2020-03-14 22:55:47,en
816,90651198,GregAbbott_TX,Greg Abbott,RT @Ron_Nirenberg: .@GregAbbott_TX announced in his press conference that #satx is standing up the state's first drive-through testing cent…,2020-03-13 20:59:38,en
817,90651198,GregAbbott_TX,Greg Abbott,"Today I held a telephone conference with more than 1,000 local officials to discuss our collaboration in combating #CoronaVirus.

We talked about proactive strategies to mitigate expansion of the virus &amp; ways to prepare for all potential events.

#COVID19 https://t.co/EhtBXFcTNl",2020-03-12 22:53:25,en
818,90651198,GregAbbott_TX,Greg Abbott,"Border Patrol apprehends known MS-13 gang member near Alpine, Texas. 

Great work!!! https://t.co/sE3MaXQjpl",2020-03-10 23:52:05,en
819,90651198,GregAbbott_TX,Greg Abbott,"Happy birthday to living legend, Chuck Norris. 

He’s turning whatever age he wants to today. @chucknorris https://t.co/6mYWQF0URS",2020-03-10 18:09:18,en
820,90651198,GregAbbott_TX,Greg Abbott,"ANOTHER #1 ranking!

Texas tops the U.S. in commercial building impact and jobs.

https://t.co/dzRk945o3n",2020-03-10 02:10:16,en
821,90651198,GregAbbott_TX,Greg Abbott,"Report: Texas is one of the most prepared states for public health disasters in the U.S.

The report took into account Texas’ hospital preparedness, public health funding, water security, paid time off, seasonal flu vaccines &amp; patient safety. 

#COVID2019 https://t.co/AUvFwNGmPm",2020-03-09 23:24:01,en
822,90651198,GregAbbott_TX,Greg Abbott,"Texas aggressively prosecutes voter fraud.

In this case a man was indicted for providing false information on applications for mail ballots.

The Court of Appeals allowed prosecution of election fraudster to move forward. 

#txlege #voterfraud

https://t.co/8hpLRuhhfO",2020-03-08 20:51:50,en
823,90651198,GregAbbott_TX,Greg Abbott,"A Texas lab is leading the way on #coronavirus treatment.

We have a world-class bio-containment lab in TX where the best medical minds are looking for solutions for #COVID-19.

They’re working on a coronavirus vaccine &amp; might be close to a treatment.

https://t.co/xYDNThxNeL",2020-03-08 19:56:42,en
824,90651198,GregAbbott_TX,Greg Abbott,"Great to be with Jack Wilson again tonight. He’s a true Texas hero. 

And a big thank you to the Navarro County Republican Party for having an enthusiastic event! 

#KeepTexasRed @navgop https://t.co/W2TvhIKJgL",2020-03-07 03:12:43,en
825,90651198,GregAbbott_TX,Greg Abbott,"Price-gouging anyone because of the #coronavirus threat is un-Texan and will not be tolerated in our state.

Anyone who does it can face legal action by the state. 

This is a time to help others in need—not gouge them. 

#COVID19  https://t.co/2Bmuy2CiWR",2020-03-07 02:15:45,en
826,90651198,GregAbbott_TX,Greg Abbott,"#OTD 184 years ago, a 13 day siege ended as the Alamo fell.

Texans stood their ground &amp; sacrificed their lives for freedom. Thus, the independent Republic of Texas was born.

Let us always #RememberTheAlamo. 

God bless Texas. https://t.co/uE9JIlQsCX",2020-03-06 17:42:42,en
827,90651198,GregAbbott_TX,Greg Abbott,"A WILD night at the Lincoln Reagan Dinner in Buda, TX. 

The @HaysRepublican Party is fired up &amp; ready to keep Texas RED💯 https://t.co/xm74V5nt1N",2020-03-06 05:19:26,en
828,90651198,GregAbbott_TX,Greg Abbott,"Today I announced that Texas now has the ability to test for #COVID19 at 10 centers across the state. 

This helps us more swiftly respond to the #coronavirus. 

We continue to work with local health officials to corral this disease. https://t.co/uFia34ghlu",2020-03-05 23:05:02,en
829,90651198,GregAbbott_TX,Greg Abbott,"THIS!!!!

via ⁦@TexasHumor⁩ 

But. Seriously here. 
Do it. https://t.co/1lPEz6yHz0",2020-03-05 01:15:53,en
830,90651198,GregAbbott_TX,Greg Abbott,"A Texas-size Happy Birthday to Rick Perry. 

⁦@GovernorPerry⁩ https://t.co/DuZ4BhrCZ0",2020-03-05 00:37:21,en
831,90651198,GregAbbott_TX,Greg Abbott,"✅ 8 Governor’s Cups in a row 

✅ #1 state for economic development 

✅ Record low unemployment 

Texas is an economic dynasty.

@SiteSelection
 https://t.co/cWYOK59Rns",2020-03-04 21:40:36,en
832,90651198,GregAbbott_TX,Greg Abbott,"Republicans had some great wins from across the state during the Texas Primary. 

Now that we have our candidates, I have one simple message going into November: https://t.co/H8ZScQHnAt",2020-03-04 20:06:02,en
833,90651198,GregAbbott_TX,Greg Abbott,"Dallas County Opens First Lab of Its Kind  in Texas With Coronavirus Testing Capabilities.

Tarrant Co. not far behind.

This will speed the process of detection and treatment. 

Texans are stepping up to respond to this challenge. 

#txlege https://t.co/XjjJ5sZ1Tt",2020-03-04 18:23:13,en
834,90651198,GregAbbott_TX,Greg Abbott,"On this day in 2005 I argued before the U.S. Supreme Court to defend the Ten Commandments display on the Texas Capitol Grounds.

We WON!!!

The Ten Commandments remain at the Texas Capitol.

Texas will always cherish the influences that have made our state so great.

#SCOTUS https://t.co/16T5Y2I5FT",2020-03-03 02:13:29,en
835,90651198,GregAbbott_TX,Greg Abbott,"Today Texas was awarded the Governor’s Cup for a record-breaking 8th year in a row.

This award goes to the #1 state in America for economic development.

Thanks to the businesses that thrive in Texas &amp; to the best workforce in America for making this award possible. https://t.co/ieLHHvuYCG",2020-03-02 22:04:33,en
836,90651198,GregAbbott_TX,Greg Abbott,"Today we celebrate Texas Independence Day.

On this date a Republic was born in the midst of seemingly insurmountable challenges.

True Texas grit helped our founders prevail and has inspired generations of Texans ever since.

May God forever bless the great state of Texas. https://t.co/qGW0rtiWiu",2020-03-02 14:48:47,en
837,90651198,GregAbbott_TX,Greg Abbott,"Something that Democrats, Republicans &amp; Independents agree on:

Austin’s homeless policies are harmful to the homeless &amp; non-homeless alike &amp; ending the camping ban is wrong &amp; reckless.

Citizens will retake control of the city that leaders have failed.  https://t.co/0B40tgju0s",2020-03-01 21:40:27,en
838,90651198,GregAbbott_TX,Greg Abbott,"Our lives are not defined by how we are challenged. 

Instead we determine our future by how we respond to those challenges. 

We live in a State where a young man can have his back broken in half and still rise up and become Governor. 

Anything is possible in Texas. https://t.co/BHpxEfzvIa",2020-03-01 18:05:38,en
839,90651198,GregAbbott_TX,Greg Abbott,"Great to be in Gilmer, Texas last night to visit with the great folks of East Texas.

I'm proud of all they do to keep Texas the national economic leader.

Check out the video.

#txlege

https://t.co/i6MV8wBLN3 via @kytxcbs19",2020-02-29 18:56:22,en
840,90651198,GregAbbott_TX,Greg Abbott,"Texas supports our fire fighters who serve on the border.

We are providing them more and better resources to help them do their challenging job.

Thank you #FireFighters.

https://t.co/GzTKkYWkLm",2020-02-29 05:14:23,en
841,90651198,GregAbbott_TX,Greg Abbott,"Nothing like a Texas sunset. 

I’m traveling rural East Texas tonight. https://t.co/n2EYHacuxi",2020-02-29 01:51:27,en
842,90651198,GregAbbott_TX,Greg Abbott,"Great job by @UTAustin &amp; the UT Board of Regents for approving $8 million on the UT Austin campus to beef up security, add more police officers and new security technology in the areas students live, congregate and walk.

@SafeHorns #HookEm

https://t.co/odt9bgxy6K",2020-02-28 04:31:54,en
843,90651198,GregAbbott_TX,Greg Abbott,"Today I met with State Health &amp; Emergency Response Officials to discuss how Texas is responding to the #CoronaVirus. #COVID19

Every agency is on alert &amp; fully prepared.

They have detailed plans to deal with any possible threat.

They collaborate with federal &amp; local officials. https://t.co/A7X6NQPn41",2020-02-27 23:50:04,en
844,90651198,GregAbbott_TX,Greg Abbott,".@JaredLPatterson is the conservative fighter we need to keep in the TX House.

Hundreds of people came out to support Jared in #HD106 for his GOTV rally.

We’re seeing strong support from across the state to #KeepTexasRed in Nov.

Make sure to get out &amp; vote early this week. https://t.co/FGteKuTQoV",2020-02-27 20:58:13,en
845,90651198,GregAbbott_TX,Greg Abbott,Great to see our students are being taught right. https://t.co/BWhjJT91sg,2020-02-27 06:03:52,en
846,90651198,GregAbbott_TX,Greg Abbott,"Tomorrow I will hold a briefing with the top health agencies &amp; emergency responders in Texas plus federal officials.

That will be followed by a press conference to announce what Texas is doing about the #coronavirus. 

FYI we’ve been working with CDC for weeks. 

#txlege https://t.co/LRqz0raEKH",2020-02-26 22:47:50,en
847,90651198,GregAbbott_TX,Greg Abbott,"Look at the energy in Baytown, TX to #KeepTexasRed. 

#HD128 is ready to re-elect the #1 ranked conservative in the TX House, @BriscoeCain.

Early Voting ends this Friday. 

Make sure you get out &amp; vote for conservatives like Briscoe so we can continue making TX the best state. https://t.co/V0VjJA1gn5",2020-02-26 19:47:47,en
848,90651198,GregAbbott_TX,Greg Abbott,"A big thank you to @TarletonState for hosting this Lincoln Reagan Dinner tonight. 

I know we can always count on Erath County to get out &amp; vote to #KeepTexasRed. 

Let’s continue that so we can keep Texas, Texas. https://t.co/sg69wGSbFP",2020-02-26 04:40:36,en
849,90651198,GregAbbott_TX,Greg Abbott,"How do you make Pancake smile?

Butter her up with her favorite toy. 

Happy #NationalPancakeDay from @TexasPancake. 🥞 https://t.co/QYnAGGhvED",2020-02-25 20:50:17,en
850,90651198,GregAbbott_TX,Greg Abbott,Texas Attorney General Paxton files suit over Houston-area explosion.  https://t.co/o1DGjUpIBB,2020-02-25 17:55:35,en
851,90651198,GregAbbott_TX,Greg Abbott,"#OTD William B. Travis reminded us that freedom is worth fighting for.

Surrounded at the #Alamo, facing certain defeat, Travis declared that he would never surrender or retreat.

He wrote, “Victory or Death”
He died for independence.

May we never forget the price of freedom. https://t.co/VK8XitIVP8",2020-02-25 01:46:59,en
852,90651198,GregAbbott_TX,Greg Abbott,"When every girl counts, mankind makes great leaps. 

Remembering @NASA mathematician Katherine Johnson. #STEM https://t.co/J1TA5ecw2c",2020-02-24 22:26:55,en
853,90651198,GregAbbott_TX,Greg Abbott,"Save Austin Now launches effort to reinstate ban on homeless camping.

Sign the Petition to join the effort to improve the homeless situation in Austin.

Austin is your city and you have the power to determine how it's run.

https://t.co/17F2k0VJOz via @KVUE",2020-02-24 20:38:57,en
854,90651198,GregAbbott_TX,Greg Abbott,"Great crowd today for @LaceyHullTx in #HD138.

We need to elect conservative candidates like Lacey to the TX House so we can continue making Texas the greatest state in America.

Early Voting ends this Friday, the 28th. Make sure to get out &amp; vote to #KeepTexasRed. https://t.co/4XjpHUBa7I",2020-02-24 19:24:45,en
855,90651198,GregAbbott_TX,Greg Abbott,And we’re back on the road again this week to #KeepTexasRed in November. https://t.co/B8cgs4RJgf,2020-02-24 17:44:38,en
856,90651198,GregAbbott_TX,Greg Abbott,"Texas Teachers can make up to $32,000 MORE each year under a new state program.

We want to recruit &amp; retain the very best teachers to educate our students.

Texas has the 4th best high school graduation rate in America--but we aim to be No. 1.

#txlege
https://t.co/lVLyBeARws",2020-02-24 01:18:24,en
857,90651198,GregAbbott_TX,Greg Abbott,"A criminal charged with murder and shooting 2 others was given a low cost bail out of jail despite a criminal history.

While out on bail, he murders again.

Texas will end this deadly bail system used by Texas Judges.

#txlege

https://t.co/JSBapEiv5R via @ABC13Houston",2020-02-24 00:42:23,en
858,90651198,GregAbbott_TX,Greg Abbott,"""Governor Abbott gives the gift of hope by making it easier for trafficking victims to apply for clemency"" @DMNOpinion

 https://t.co/M7HCHpil6K",2020-02-23 21:24:53,en
859,90651198,GregAbbott_TX,Greg Abbott,"Last night I thanked law enforcement officers in Longview for all they do to keep Texas safe. 

I always remember to #BackTheBlue because they protect you. https://t.co/fwtGrmM17Z",2020-02-23 16:33:58,en
860,90651198,GregAbbott_TX,Greg Abbott,RT @Austin_Network: This is how you help the homeless.  @gregabbott_tx should be proud of this success story.  You cannot help people who d…,2020-02-23 08:52:18,en
861,90651198,GregAbbott_TX,Greg Abbott,This is so amazing!!! https://t.co/RkphMMtdRt,2020-02-23 05:21:42,en
862,90651198,GregAbbott_TX,Greg Abbott,"I’m in Longview tonight for its 150th Birthday Party...&amp; Longview had a huge bash. 

I grew up in Longview. 

Was in the Boy Scouts &amp; played Little League there. 

Longview helped shape who I am. 

I wouldn’t be living in the Governor’s Mansion had I not lived in Longview first. https://t.co/vRVhKwXyKV",2020-02-23 03:45:46,en
863,90651198,GregAbbott_TX,Greg Abbott,Great to run into @SenatorLucio in the #RGV before the kick off of @CharroDays. https://t.co/L9JzPTAS48,2020-02-22 22:29:11,en
864,90651198,GregAbbott_TX,Greg Abbott,"“In honor of Black History Month, a study was conducted to see which states have the best environment for black entrepreneurs — and Texas rose to the top.”

Texas was ranked No. 2. 
We aim to be No. 1. 

#BlackHistoryMonth2020  https://t.co/4rpTT3VuzH",2020-02-22 00:27:22,en
865,90651198,GregAbbott_TX,Greg Abbott,"The First Lady and I just cast our ballots during Early Voting this afternoon. 

Here’s a list of all the candidates I’ve endorsed across the state:
https://t.co/VAMyKOnsjA

I urge you to get out &amp; vote so we can continue to make Texas the best state in America.  

@FLCA https://t.co/DENfrQ9Jr7",2020-02-21 21:53:03,en
866,90651198,GregAbbott_TX,Greg Abbott,"We’re in Fort Bend County today for a GOTV rally with Manish Seth &amp; Jacey Jetton. 

We have exactly one week left of Early Voting before the March 3rd primary. 

We need you to get out &amp; VOTE so we can keep the majority in the TX House. 

@seth4state @JaceyJetton https://t.co/DEehs48vy1",2020-02-21 19:58:11,en
867,90651198,GregAbbott_TX,Greg Abbott,"Texans willing to stomach higher taxes to improve public schools,

Good news for Texans.

We improved public schools by adding $5 Billion in funding including teacher pay raises &amp; strategies to improve student success.

At the same time we CUT taxes.

https://t.co/cq5vJlFomT",2020-02-21 16:56:34,en
868,90651198,GregAbbott_TX,Greg Abbott,"Texas is committed to empowering victims of domestic abuse &amp; human trafficking, and one of the surest signals of that goal is laying out a true path to redemption &amp; restoration.

We now have that path. 

#HumanTrafficking  https://t.co/ikCMn0Ssra",2020-02-21 02:22:51,en
869,90651198,GregAbbott_TX,Greg Abbott,"Too often, victims of human trafficking are pulled into a vicious cycle of crime.

That’s why TX is announcing an initiative to help survivors apply for clemency with the opportunity to receive a full pardon.

We are empowering survivors so they may find a second chance at life. https://t.co/8pTMl3R54e",2020-02-21 00:12:44,en
870,90651198,GregAbbott_TX,Greg Abbott,"Great to join Republican members of the TX House today to discuss how we’re going to keep our majority in November. 

Now more than ever, we need to work together so we can continue to make Texas the best state in the country. 

@TXGOPCaucusPAC @TexasGOP  #KeepTexasRed https://t.co/HhLvVodh1o",2020-02-20 22:00:25,en
871,90651198,GregAbbott_TX,Greg Abbott,"Good news about #coronavirus

@CDCgov⁩ lifted the quarantine order for 90 American evacuees in San Antonio.

The “people being released from quarantine pose no health risk to the surrounding community, or to the communities they will be returning to.” https://t.co/atPhBjhMQ5",2020-02-20 20:08:49,en
872,90651198,GregAbbott_TX,Greg Abbott,"Austin homeless camp fire sends 2 to hospital with potentially life-threatening injuries.

Austin’s camping policies endanger the homeless.

They must end camping &amp; provide shelter.

The state is offering Austin 5 acres of shelter space for $1 per month. https://t.co/8aRXxWWXzD",2020-02-20 16:33:56,en
873,90651198,GregAbbott_TX,Greg Abbott,https://t.co/auxpEmxAMf,2020-02-20 01:30:03,und
874,90651198,GregAbbott_TX,Greg Abbott,"Austin leaders can't fool you.

Unlike them you actually know about the stabbings, beatings, fights, urinating, defecating, nudity, &amp; harassment of women and girls.

They may play pretend, but I will work the the legislature to restore order in Austin.

https://t.co/ckj8XebIUf",2020-02-20 01:21:37,en
875,90651198,GregAbbott_TX,Greg Abbott,"Angelica Garcia is the strong, conservative candidate #HD132 needs to flip this district RED in November. 

Make sure you get out &amp; vote this week during Early Voting. 

Every vote counts. Let’s work together to keep the majority in the TX House. https://t.co/X60fIXPb3c",2020-02-19 22:08:55,en
876,90651198,GregAbbott_TX,Greg Abbott,"UT researchers make ‘critical breakthrough’ in coronavirus vaccine. 

⁦@UTAustin⁩ 
#HookEm  https://t.co/1MpS2pzX74",2020-02-19 20:19:02,en
877,90651198,GregAbbott_TX,Greg Abbott,"'It's getting bad' in downtown Austin. 

Everyone knows it—except for Austin City Council. 

Downtown Austin business   owner wants City leaders to acknowledge safety concerns over homeless camps.

The facts in this story are disturbing.  https://t.co/a6TQnWoffI",2020-02-19 19:46:51,en
878,90651198,GregAbbott_TX,Greg Abbott,"Texas has the 4th best High School Graduation Rate in America. 

We’ll keep working to be #1. 

#txlege  https://t.co/GhL7yhHT4l",2020-02-19 06:05:28,en
879,90651198,GregAbbott_TX,Greg Abbott,"We’re down in Coastal Bend tonight with Geanie Morrison in #HD30.

Geanie is a proven leader &amp; an instrumental part of our Republican majority in the TX House. 

Make sure you get out &amp; vote during Early Voting so we can cont. to elect strong conservatives &amp; #KeepTexasRed in Nov. https://t.co/Wc9vtJdJit",2020-02-19 03:45:39,en
880,90651198,GregAbbott_TX,Greg Abbott,"Abbott hits campaign trail in Waxahachie to endorse Jake Ellzey ahead of March 3 primary. 

Vote ⁦@JakeEllzey⁩ in early voting.  https://t.co/XU4bvOO2SH",2020-02-19 03:25:16,en
881,90651198,GregAbbott_TX,Greg Abbott,This is a classic. https://t.co/lmuC5DNeQK,2020-02-19 02:02:05,en
882,90651198,GregAbbott_TX,Greg Abbott,"I promised that our school finance reform plan would put teachers on the path to a six-figure salary.

It’s happening in Dallas.

We want to recruit and retain the very best teachers to educate the next generation of Texans.

Thanks @dallasschools for leading the way to $100k. https://t.co/4MKItR1fbv",2020-02-19 01:55:38,en
883,90651198,GregAbbott_TX,Greg Abbott,"RT @tatereeves: When disaster strikes, that's when you find out who your real friends are. Truly blessed that @VP @Mike_Pence, @GregAbbott_…",2020-02-19 01:10:43,en
884,90651198,GregAbbott_TX,Greg Abbott,"I caught up with ⁦@TayaKyle⁩ in  Ellis Co. today. 

She promotes the legacy of the husband she lost—⁦@ChrisKyleFrog⁩—a true American Hero. 

Taya is now offering her talents as she runs for the school board. https://t.co/a6tlLJSYse",2020-02-19 01:03:14,en
885,90651198,GregAbbott_TX,Greg Abbott,"Electric energy for Ellzey in #HD10 today. 

This crowd is ready for a fighter like @JakeEllzey in the TX House. 

Keeping TX red one county at a time. https://t.co/PyEK1qFGMC",2020-02-18 21:33:16,en
886,90651198,GregAbbott_TX,Greg Abbott,"Governor Abbott visits Highland Village.

Incredible turnout for @KrondaForTexas.

Texans are excited about having a Republican once again represent #HD65

https://t.co/reuinUoqpl",2020-02-18 16:52:21,en
887,90651198,GregAbbott_TX,Greg Abbott,"A glimmer of good news for @NASCAR driver Ryan Newman. 

Injuries aren’t life threatening. 

Prayers are being answered. 

Keep them coming. https://t.co/ozCC7p5vqd",2020-02-18 03:47:06,en
888,90651198,GregAbbott_TX,Greg Abbott,"Responsible Adult Transition Town. 

The homeless formed a better government than ATX City Council. 

They established rules of conduct and want safety and security at their location. https://t.co/gsVLXB0v9P",2020-02-18 03:41:34,en
889,90651198,GregAbbott_TX,Greg Abbott,RT @DrewDarbyTX: I am proud to be endorsed by Governor @GregAbbott_TX! Early voting begins tomorrow and runs through February 28th. With yo…,2020-02-18 02:39:01,en
890,90651198,GregAbbott_TX,Greg Abbott,"It’s crowded for Kronda. 

Vote early tomorrow for Kronda for Texas House seat #HD65 in the Denton Co. area. 

She brings proven conservative ideas that will Keep Texas the best state in America. https://t.co/1zkaPfAJl8",2020-02-18 02:26:26,en
891,90651198,GregAbbott_TX,Greg Abbott,"We kicked off the start of our statewide GOTV tour with the wonderful Kronda Thimesch. 

@KrondaForTexas is the candidate we need to flip #HD65 red &amp; maintain the majority of the TX House in November. https://t.co/YvdMyNUDeD",2020-02-18 01:21:11,en
892,90651198,GregAbbott_TX,Greg Abbott,"First stop: Denton County

Here we come.

https://t.co/Ry2KyLOsgG",2020-02-17 23:17:00,en
893,90651198,GregAbbott_TX,Greg Abbott,"On #PresidentsDay we celebrate those who shaped our country.

From George Washington, Abraham Lincoln, Ronald Reagan, &amp; all of America’s great Presidents, we thank you for making the United States of America the greatest nation in the history of the world. 🇺🇸 https://t.co/vS7MQ7JQ1b",2020-02-17 15:56:09,en
894,90651198,GregAbbott_TX,Greg Abbott,"Watch this video...&amp; remember...

DON'T MESS WITH TEXAS WOMEN.

https://t.co/WRketHW1OK",2020-02-17 04:52:35,en
895,90651198,GregAbbott_TX,Greg Abbott,"Early Voting starts this Tuesday, the 18th.

We need everyone from across the state to make sure they get out &amp; vote to elect strong leaders who will fight for conservative values. 

Let’s work together to keep Texas, Texas. https://t.co/8AxWPhOWgb",2020-02-17 01:34:39,en
896,90651198,GregAbbott_TX,Greg Abbott,"THIS is so true:
2019 RGV Citizens of the Year: Valley MPO officials.

They showed that working together they can pave an even better path for their cities counties &amp; the entire #RGV region.

Texas is better because of this collaboration.

https://t.co/MMW9k1L4Rs via @monitornews",2020-02-17 00:48:56,en
897,90651198,GregAbbott_TX,Greg Abbott,"The Beast with @realDonaldTrump speeds around Daytona International Speedway before the start of the #DAYTONA500 !

BUT. Can he beat @KyleBusch https://t.co/14OoOGrSrx",2020-02-16 20:51:16,en
898,90651198,GregAbbott_TX,Greg Abbott,"Thanks to the Univ. of Texas police for arresting man suspected in a campus assault &amp; indecent exposure case.

I've heard many complaints from @UTAustin students &amp; parents about safety around campus.

The Administration is increasing safety.

@SafeHorns

https://t.co/eKuit3YNiL",2020-02-16 20:12:34,en
899,90651198,GregAbbott_TX,Greg Abbott,"Businesses &amp; residents are leaving downtown Austin, &amp; others fear going there because of increases in attacks, feces, etc.

The response by city leaders: citizens &amp; business are wrong &amp; city leaders know better.

It's time to start listening to citizens.

https://t.co/etLkOGqdMv",2020-02-16 18:15:58,en
900,90651198,GregAbbott_TX,Greg Abbott,"@urban9uprising @MayorAdler My staff and I need to see what is happening—as do city leaders. 

We will be relentless in achieving safety for all who live in Austin. 

Because the city seems at odds with our goals, the results won’t be achieved overnight. Rather it will be over time. But it will be done.",2020-02-16 07:35:11,en
901,90651198,GregAbbott_TX,Greg Abbott,"What a fake survey.

They didn't even try Texas.

Didn't try @Whataburger with ketchup &amp; fries.

#LOSERS

https://t.co/Bvh5rAiX5p via @luxury",2020-02-16 05:05:35,en
902,90651198,GregAbbott_TX,Greg Abbott,"RT @Johnson4Dallas: Thank you, Governor! We have greatly appreciated the help of @TxDPS, and we are working hard to keep our residents safe…",2020-02-16 04:36:26,en
903,90651198,GregAbbott_TX,Greg Abbott,"Other cities in Texas, like Dallas, have seen crime spikes.

At least they have a Mayor like Eric Johnson who takes public safety seriously and is searching for solutions to reduce crime.

He wants to keep his citizens safe.

@Johnson4Dallas

https://t.co/Xmrrp2CGRP",2020-02-16 00:05:27,en
904,90651198,GregAbbott_TX,Greg Abbott,"The homeless who are now camping at the state provided location are doing a better job governing than the City. 

They formed their own city council with elected members. 

They set rules for the homeless at the site. 

They insist on security &amp; safety. 

https://t.co/OZQphb9QYW https://t.co/gX5G4WYvlw",2020-02-15 22:48:28,en
905,90651198,GregAbbott_TX,Greg Abbott,"In the meantime everyone in Austin has a role to play. 

You have a vote to decide if City leaders should be rejected at the ballot box because they have rejected your pleas for help. 

Texas will continue to seek compassion for the homeless while restoring the rule of law. https://t.co/WieLnA8tQh",2020-02-15 22:39:29,en
906,90651198,GregAbbott_TX,Greg Abbott,"I raised concerns about this lawlessness when Austin ended the ban on camping.

When rules are removed lawlessness ensues.

I will seek legislation overriding Austin’s reckless approach.

Until legislation is passed State law enforcement &amp; health agencies will try to fill gaps. https://t.co/1hCKphSHkQ",2020-02-15 22:36:12,en
907,90651198,GregAbbott_TX,Greg Abbott,"Man arrested after threatening to kill children at Austin church playground.

Headlines of lawlessness in Austin have been posted countless times in the last few days.

City policing is the City’s job.

City leaders aren’t giving police what they need.

 https://t.co/D5aIBCqmwH",2020-02-15 22:34:04,en
908,90651198,GregAbbott_TX,Greg Abbott,"Public safety must be a top priority of government.

That's why I called for more anti-gang centers in Texas.

A new one in Tyler will soon open and help the Northeast region of Texas crack down on dangerous gangs.

#txlege

https://t.co/bb5w5A8Xye",2020-02-15 03:41:20,en
909,90651198,GregAbbott_TX,Greg Abbott,"#HappyValentinesDay2020 to my sweetheart—the First Lady of Texas. 

This is also the day we got engaged at the Riverwalk in San Antonio. https://t.co/lGBpNj8VOo",2020-02-14 16:02:41,en
910,90651198,GregAbbott_TX,Greg Abbott,"Survey shows people feel less safe in downtown Austin.

They feel less safe downtown than they have in at least six years. 

55% said they don't feel safe walking alone downtown at night. 

Those kinds of numbers cause officials to lose elections.

https://t.co/3rQ5CMa5vA",2020-02-14 04:37:53,en
911,90651198,GregAbbott_TX,Greg Abbott,"Next session we will dismantle the decriminalization movement adopted in some parts of Texas. 

I believe in 2nd chances. 
Not 10th chances.

This serial burglar has 10 convictions for burglary of a building and 4 convictions for theft. https://t.co/LSC3T5SVgh",2020-02-14 03:07:34,en
912,90651198,GregAbbott_TX,Greg Abbott,"Texas passed the Born Alive Act to Stop Infanticide &amp; Care for Babies Born Alive After Abortion. 

I signed HB 16 sponsored by ⁦@leachfortexas⁩. 

It makes it a crime not to care for a baby who survives an abortion. 

#ProLife 
#txlege  https://t.co/J4sxGoyIIz",2020-02-14 02:05:15,en
913,90651198,GregAbbott_TX,Greg Abbott,"This is our daughter when we got ⁦@TexasPancake⁩ 5 years ago. 

Then here’s a picture of Pancake today. 

Love the First Dog of Texas. https://t.co/szkTUbcjWG",2020-02-13 22:02:57,en
914,90651198,GregAbbott_TX,Greg Abbott,"This is sheer evil. 

It’s murder of a child born alive. 

No one supporting this can say they care about humanity. https://t.co/vHSq0ktGoY",2020-02-13 06:18:14,en
915,90651198,GregAbbott_TX,Greg Abbott,"Congratulations to the University of Houston on a quick accreditation for its new medical school.

This landmark achievement is good for UH, for Houston, &amp; for Texas.

Under Renu Khator's leadership UH continues its prestigious ascent.

@UHpres @UHouston

https://t.co/ZDSG3l5KG5",2020-02-13 04:17:44,en
916,90651198,GregAbbott_TX,Greg Abbott,"Austin cleaned up homeless camps in some areas.

They removed 5 tons of material from the campsites.

This is a start...with a long way to go.

The location provided by Texas can accommodate homeless while Austin continues to clean up &amp; set up housing.

https://t.co/7lJCW2lTKu",2020-02-13 03:56:31,en
917,90651198,GregAbbott_TX,Greg Abbott,"Voter fraud involving mail-in ballots is being investigated by law enforcement in Starr Co. Texas.

Voting by mail is illegal for some. 

Voter fraud is a serious crime that can lead to jail time.

Don't do it.

https://t.co/9qg7WFH2dD",2020-02-13 00:17:26,en
918,90651198,GregAbbott_TX,Greg Abbott,"My jury duty is over. 

Get this:  

The case involved charges against a person accused of illegally parking in a handicap parking space. 

Not surprisingly I wasn’t picked. 

Thanks to all who answer the civic call of duty to serve on a jury. https://t.co/NAcOVVKIXl",2020-02-12 17:33:27,en
919,90651198,GregAbbott_TX,Greg Abbott,"There are substantial consequences caused by Austin’s reckless lawlessness. 

Family-owned business pulls from downtown farmer's market over growing homeless crisis concerns. 

Public safety must be the top priority.  https://t.co/Gkk44tK7cN",2020-02-12 16:55:19,en
920,90651198,GregAbbott_TX,Greg Abbott,"Today I’m doing my civic duty by doing jury duty right here in Texas. 

I am committed to ensuring justice in whatever case I am assigned to, and I’ll keep you updated on what happens. https://t.co/dyBPKwGFjj",2020-02-12 16:00:21,en
921,90651198,GregAbbott_TX,Greg Abbott,"Happy 211th birthday to our first Republican President, Abraham Lincoln.

His leadership united the nation during our most trying time and he 
promoted liberty for everyone.

He laid the foundation for America to become the most prosperous country in the world. 🇺🇸

Thanks Abe. https://t.co/eXPy1Uie2K",2020-02-12 15:21:46,en
922,90651198,GregAbbott_TX,Greg Abbott,"Lucky to spend time with my daughter for an early birthday celebration. 

Living her best life. https://t.co/wmFRl1lUsv",2020-02-12 01:00:46,en
923,90651198,GregAbbott_TX,Greg Abbott,"That’s what we call bail deform. 

I’m advancing REAL bail reform that will keep dangerous criminals off the streets. 

Texas will override dangerous policies adopted by some cities. 

We will restore the rule of law in Texas. 

#txlege https://t.co/oej8tgHJBc",2020-02-11 20:47:36,en
924,90651198,GregAbbott_TX,Greg Abbott,RT @LaceyHullTx: I’m honored to be endorsed by @GregAbbott_TX! Early voting starts one week from today. https://t.co/Rbw5HskJWe,2020-02-11 20:37:22,en
925,90651198,GregAbbott_TX,Greg Abbott,"Officers with the Lone Star Fugitive Task Force captured an 18-year-old registered sex offender on Monday who was wanted on an aggravated sexual assault charge.

Excellent work to get these criminals off the streets.

https://t.co/aIRtL4XFJu",2020-02-11 19:48:06,en
926,90651198,GregAbbott_TX,Greg Abbott,"Congratulations General McGee. 

Thank you for your service and God bless. 🇺🇸

 @TuskegeeAirmen https://t.co/CZU1fQVUSv",2020-02-11 17:47:14,en
927,90651198,GregAbbott_TX,Greg Abbott,"Today at the White House we discussed ways to improve America’s infrastructure, reduce regulations &amp; speed the permitting process. 

It’s about doing more &amp; doing it faster. 

⁦@WhiteHouse⁩

Official White House Photo by Keegan Barber https://t.co/8SOMwgdBjK",2020-02-10 22:33:01,en
928,90651198,GregAbbott_TX,Greg Abbott,"Texas is #1 AGAIN.

Texas is the @BizFacilities State Of The Year for a record 4th year. 

Texas wins top honors with a bonanza of new investments in projects creating thousands of new jobs in a diverse group of growth sectors throughout the State.

https://t.co/QM22nqqrzm",2020-02-10 18:50:02,en
929,90651198,GregAbbott_TX,Greg Abbott,"Tonight’s #Oscar  for craziest quote by a Presidential Candidate:

Joe Biden calls a woman a “lying dog-faced pony soldier” https://t.co/swzY8EsCIm",2020-02-10 05:41:44,en
930,90651198,GregAbbott_TX,Greg Abbott,Texas always stands out at the @WhiteHouse https://t.co/a9XoTzvHzJ,2020-02-10 04:13:44,en
931,90651198,GregAbbott_TX,Greg Abbott,@Audrey3380 That is so cute,2020-02-10 04:07:35,en
932,90651198,GregAbbott_TX,Greg Abbott,God Bless America https://t.co/4cHGqQvP8a,2020-02-10 02:45:54,en
933,90651198,GregAbbott_TX,Greg Abbott,Thanks @FLOTUS Melania Trump for providing such a beautiful setting for the @WhiteHouse Governors Ball tonight. https://t.co/XBAWkAV6y3,2020-02-09 23:06:08,en
934,90651198,GregAbbott_TX,Greg Abbott,I had the pleasure of meeting with the new Republican Governor of Puerto Rico @wandavazquezg. I look forward to working with her. https://t.co/uZAmgvQdFo,2020-02-09 22:43:54,en
935,90651198,GregAbbott_TX,Greg Abbott,"@The_daily_max Can't do it by executive order, but it is a law we can consider.",2020-02-09 19:42:46,en
936,90651198,GregAbbott_TX,Greg Abbott,ATX City Council is in denial. https://t.co/ig4EnIilSC,2020-02-09 19:41:36,en
937,90651198,GregAbbott_TX,Greg Abbott,@MarkRic09709431 @avice01 agreed,2020-02-09 19:39:15,en
938,90651198,GregAbbott_TX,Greg Abbott,"Some Texas judges release dangerous criminals out on our streets with little or no bail bond.

Houston mom pushes for new bail bond law after daughter &amp; unborn grandchild were stabbed to death.

I'll propose bail reform to prevent these deadly events.

https://t.co/0WwBFWDLeu",2020-02-09 19:32:40,en
939,90651198,GregAbbott_TX,Greg Abbott,@avice01 I’m proposing shelters.,2020-02-09 17:59:12,en
940,90651198,GregAbbott_TX,Greg Abbott,"Austin’s refusal to ban homeless camping isn’t compassionate doesn’t help the homeless &amp; endangers residents &amp; visitors.

Human defecation on streets, used needles, frequent assaults &amp; fires won’t be tolerated.

Legislation will override this lawlessness. https://t.co/C42K1BTU8E",2020-02-09 17:43:38,en
941,90651198,GregAbbott_TX,Greg Abbott,"MS-13 member involved in 9 attempted murders in Dallas area sentenced to life behind bars. 

Thanks to federal prosecutors for getting these criminals off the streets. 

Our collective goal must be to keep communities safe.  https://t.co/Y3TDSOcCdW",2020-02-09 17:09:29,en
942,90651198,GregAbbott_TX,Greg Abbott,"Next time just remind representatives Canales and Guerra that a vote for Republicans IS a vote for a person with disabilities...
their Governor. https://t.co/b6rIVuR3x2",2020-02-09 06:20:32,en
943,90651198,GregAbbott_TX,Greg Abbott,"@TexasPancake keeping a watchful eye on the Capitol today. 

Love the First Dog of Texas. https://t.co/dG5O0gSg3A",2020-02-09 00:42:14,en
944,90651198,GregAbbott_TX,Greg Abbott,"Texas welcomes UK Trade Minister @ConorBurnsUK who sees 'Enormous Opportunities' in Texas Post-Brexit.

It makes sense: 

About $14 billion is traded between Texas &amp; UK each year;
Texas has 10th-largest economy in the world:
&amp; Texas has the fastest-growing economy in the U.S.",2020-02-08 22:54:54,en
945,90651198,GregAbbott_TX,Greg Abbott,"Texas is adding doctors at a record pace.

The doctor to patient ratio is at a 10-year high.

This means better access to healthcare for Texans.

Also I signed a law allowing rural hospitals to use tele-medicine services to have a doctor on call. 

https://t.co/v0e0IMJTjH",2020-02-08 21:52:23,en
946,90651198,GregAbbott_TX,Greg Abbott,"Texas has some of the best teachers in America. 

Amarillo High teacher among finalists for presidential teaching award. 

Our teachers got a well-earned pay raise this last session. 

We want to recruit &amp; retain the best teachers.  https://t.co/AzCwt0s9ed",2020-02-08 02:42:11,en
947,90651198,GregAbbott_TX,Greg Abbott,"Six Texas cities made the list for the top 10 most affordable places for military veterans to live in 2020.

Texas loves our veterans and we are proud they call Texas home. 

#Veterans  https://t.co/twiQXZStEj",2020-02-07 18:24:27,en
948,90651198,GregAbbott_TX,Greg Abbott,"New High of 90% of Americans Satisfied With Personal Life. 

Nine in 10 Americans are satisfied with the way things are going in their personal life, a new high in Gallup's four-decade trend.  https://t.co/hdQqPsXKjG",2020-02-07 03:09:16,en
949,90651198,GregAbbott_TX,Greg Abbott,"Property taxes makes housing unaffordable.

The state took the first step to make housing more affordable by cutting skyrocketing property taxes by $5 billion last session, and by limiting the ability of cities to increase property taxes in the future.

 https://t.co/JOaUL4zwo6",2020-02-07 02:29:06,en
950,90651198,GregAbbott_TX,Greg Abbott,"The Texas Department of Public Safety captured 27 fugitives from the Texas 10 Most Wanted list in 2019.
 
Some were also a part of notorious gangs, including the Texas Mexican Mafia, MS-13, Aryan Brotherhood of Texas. 

Thanks ⁦⁦@TxDPS⁩
 
 https://t.co/a074kTNsMb",2020-02-06 23:07:48,en
951,90651198,GregAbbott_TX,Greg Abbott,"Here they are snuggling.  

Thanks for asking about @TexasPancake and Peaches. https://t.co/81IUc7jDP0 https://t.co/TcEW4SytCB",2020-02-06 20:46:19,en
952,90651198,GregAbbott_TX,Greg Abbott,This is gold. https://t.co/SKrtTIjRos,2020-02-06 20:03:10,en
953,90651198,GregAbbott_TX,Greg Abbott,"Trump’s Labor Secretary touts Fort Worth ‘blue collar boom.’

The Administration—like Texas—is focusing on vocational training. 

It provides high paying jobs and the skilled workforce that employers are seeking. 

⁦@realDonaldTrump⁩  https://t.co/f2JO8Qkmha",2020-02-06 19:53:55,en
954,90651198,GregAbbott_TX,Greg Abbott,"To celebrate Ronald Reagan’s 109th birthday, may we always remember this:

“Freedom is never more than one generation away from extinction. We didn’t pass it to our children in the bloodstream. 

It must be fought for, protected, and handed on for them to do the same.” https://t.co/VJKHZlWR7N",2020-02-06 16:26:28,en
955,90651198,GregAbbott_TX,Greg Abbott,"Next step should be to reinstate the ban on camping and work with non-profit organizations to assist with shelters. 

That’s exactly what I will ask the Texas Legislature to do. https://t.co/rHtaDL4eql",2020-02-06 02:10:19,en
956,90651198,GregAbbott_TX,Greg Abbott,"Such a great story. 

100-year-old Tuskegee Airman Charles McGee honored at the State of the Union. 

#SOTU 
 https://t.co/bEL4m9fBM6",2020-02-06 01:18:44,en
957,90651198,GregAbbott_TX,Greg Abbott,"Dallas-Fort Worth led America’s metro areas in job creation in 2019. 

Keeping Texas #1.  https://t.co/F8PkPjQI1I",2020-02-06 00:32:04,en
958,90651198,GregAbbott_TX,Greg Abbott,"Today I spoke with the Dallas Citizens Council.

These leaders understand the importance of engaging with their community &amp; are dedicated to serving the city of Dallas. 

Thank you for all that you do for the Great State of TX. https://t.co/xo7MeRSbrA",2020-02-05 05:44:52,en
959,90651198,GregAbbott_TX,Greg Abbott,"Great day in Irving, TX with Vistra Energy.

Of the 5,600 employees, 4,000 of those are within Texas. 

Businesses like Vistra Energy help keep Texas the greatest state in America. 

@VistraEnergyGA https://t.co/xvlo161Mkv",2020-02-05 04:12:40,en
960,90651198,GregAbbott_TX,Greg Abbott,"I've issued a Proclamation about February 2020 being African-American History Month.

We are reminded of the tribulations African-Americans have faced in our history, and we celebrate the invalueble contributions they have made to our country &amp; state.

https://t.co/fXcdlXl3MX",2020-02-04 21:40:44,en
961,90651198,GregAbbott_TX,Greg Abbott,The most important part of democracy is the sanctity of your vote.,2020-02-04 05:24:58,en
962,90651198,GregAbbott_TX,Greg Abbott,"Patrick Mahomes did what he knows best:
#WreckEm  

Congrats to @Chiefs. 

@PatrickMahomes https://t.co/4OaMj38xnh",2020-02-03 03:15:04,en
963,90651198,GregAbbott_TX,Greg Abbott,"""Abbott comes to Texoma: Governor updates Grayson County on last legislative session.""

#txlege

https://t.co/GkLIamHgz8",2020-02-02 23:37:45,en
964,90651198,GregAbbott_TX,Greg Abbott,Wishing a happy birthday to my friend @JohnCornyn. https://t.co/NMzi4i5r8e,2020-02-02 23:13:59,en
965,90651198,GregAbbott_TX,Greg Abbott,"We honor our fallen law enforcement officers. 

#BackTheBlue https://t.co/C17NaWGhAD",2020-02-02 21:14:41,en
966,90651198,GregAbbott_TX,Greg Abbott,My favorite commercial today!!!! https://t.co/qaKltTqdgD,2020-02-02 20:31:30,en
967,90651198,GregAbbott_TX,Greg Abbott,"Today is Chris Kyle Day in Texas. 

In honor of a Texas son, a Navy SEAL and an American hero – a man who defended his brothers and sisters in arms on and off the battlefield – I declared February 2nd Chris Kyle Day in Texas. 

We remember our heroes. https://t.co/xKxwPDy3vb",2020-02-02 16:51:34,en
968,90651198,GregAbbott_TX,Greg Abbott,"If there is any ONE thing that can improve society more than anything else, I’d say it would be for fathers to love and support their children the way Kobe seemed to love and support his. https://t.co/y2vI7phIvS",2020-02-02 05:08:45,en
969,90651198,GregAbbott_TX,Greg Abbott,"Tonight I visited the Sherman-Denison area for the Grayson Co. Lincoln-Reagan Dinner. 

Great group of patriots who are doing their part to keep Texas exceptional. 

Check it out. https://t.co/3CrLt6d5WL",2020-02-02 04:10:10,en
970,90651198,GregAbbott_TX,Greg Abbott,"Fixing homelessness in ATX is easy.

1. Put public safety first.

2. Open large shelters that can accommodate &gt; 200 people. 

3. Provide mental health, drug addiction help + job training skills.

4. Then focus on long term housing.

Austin doesn’t have the leadership to do this.",2020-02-01 16:00:40,en
971,90651198,GregAbbott_TX,Greg Abbott,"Yet ANOTHER stabbing in downtown Austin. 

Austin’s policies are not compassionate for the homeless or anyone else. 

Their policies are dangerous for everyone. 

You can expect the legislature to once again override Austin’s reckless policies. 

#txlege  https://t.co/3tsUecpgpv",2020-02-01 15:42:09,en
972,90651198,GregAbbott_TX,Greg Abbott,Has Tom Brady entered the transfer portal? https://t.co/GY86h48Jxj,2020-01-31 05:39:25,en
973,90651198,GregAbbott_TX,Greg Abbott,"Republican governors are transforming our states for the better, driving economic growth, reinventing state government, &amp; delivering real results.

Thanks to their leadership &amp; hard work the @RGA enters this election year prepared to add more R Governors. https://t.co/CTgiTTRxav",2020-01-30 21:06:09,en
974,90651198,GregAbbott_TX,Greg Abbott,"Thank you Texas for giving me the highest approval rating among political officials.

That includes 52 % approval among African Americans &amp; 60 % among Hispanic voters.

I'll keep working to make Texas even better.

#txlege

https://t.co/PeNgjVYOOn",2020-01-30 19:17:33,en
975,90651198,GregAbbott_TX,Greg Abbott,"Happy 2nd birthday to Peaches, the First Puppy of Texas. 🍑🎉

She’s the little sister of @TexasPancake. https://t.co/JI6ikPCPNr",2020-01-30 17:59:00,en
976,90651198,GregAbbott_TX,Greg Abbott,"Big shoutout to @JudgeJohnCarter and his team from Williamson County. 

They showed what team work is all about by providing a huge help in HD28 knocking  on all those doors! https://t.co/hyJnsJzG7O",2020-01-30 02:44:12,en
977,90651198,GregAbbott_TX,Greg Abbott,"Tonight I’m with Lily in Dallas.

I signed a law named after her that allows 5th graders to visit state parks for free.

She started a movement to help 5th graders see what they learned in Texas History in 4th grade.

Thanks to @MorganMeyerTX for his leadership on this.

#txlege https://t.co/cPDjozGy4k",2020-01-30 01:21:10,en
978,90651198,GregAbbott_TX,Greg Abbott,"⁦The @TexasGOP⁩ played a huge role in last night’s victory in HD28—the first victory of 2020. 

The leadership &amp; execution showed by Chairman Dickey &amp; the RPT will help us achieve our goal in November to #KeepTexasRed.  https://t.co/hmXBb0Ocdq",2020-01-29 23:21:13,en
979,90651198,GregAbbott_TX,Greg Abbott,"Great to be at the @WhiteHouse today for the signing of the #USMCA with @realDonaldTrump.

This deal is a huge win for the state of Texas &amp; for our country. https://t.co/GHj3jjFGdo",2020-01-29 17:06:51,en
980,90651198,GregAbbott_TX,Greg Abbott,"The business leaders of Temple have put this region on the map by providing more opportunity in Central Texas.

Thanks to organizations like the @TempleChamber this city has become a hub for innovation.

Texas is fortunate to have such successful communities like Temple. https://t.co/j3wvLEgIbL",2020-01-29 03:40:32,en
981,90651198,GregAbbott_TX,Greg Abbott,"Wait.

Beto math was that if he won or was close in a House district then he could help a democrat win.

He came within 3% in this district.

Early returns show the Republican winning by about 18% 

Beto math doesn’t work. 
All of that $ was incinerated. https://t.co/1euLaqE0px",2020-01-29 01:59:43,en
982,90651198,GregAbbott_TX,Greg Abbott,Are there any updates on this race tonight? https://t.co/1euLaqE0px,2020-01-29 01:28:33,en
983,90651198,GregAbbott_TX,Greg Abbott,"Today is Election Day in #HD28 &amp; #HD148. 

Only a few hours left to vote. 

Democrats have poured resources from out-of-state groups to try to flip the Texas House blue to advance their leftist agenda.

Go vote for @GatesforTexas &amp; @LaRottaforTexas to help #KeepTexasRed. https://t.co/FiDakl39xf",2020-01-28 21:32:24,en
984,90651198,GregAbbott_TX,Greg Abbott,"The Texas economy continues to be incredibly strong.

“Growth accelerated in the Texas manufacturing sector in January, with the production index pushing further into positive territory and the new orders index surging to a 15-month high,” 

#txlege
https://t.co/173eb2wt3n",2020-01-28 20:55:56,en
985,90651198,GregAbbott_TX,Greg Abbott,"Excellent turn of events:

Accused Grapevine child predator back in custody &amp; now faces federal child abuse charge.

We must keep predators off our streets.

https://t.co/9LzUdlE0MJ",2020-01-28 01:51:36,en
986,90651198,GregAbbott_TX,Greg Abbott,"I’m working with Texas Health and Emergency Response leaders to ensure Texas is doing all possible to respond to the #Coronavirus.

We’re working with local health authorities to reduce the spread of this virus &amp; to ensure they have all needed resources.  https://t.co/Smgpl9VIjH",2020-01-28 01:30:22,en
987,90651198,GregAbbott_TX,Greg Abbott,"Today is International Holocaust Remembrance Day.

We remembered Holocaust victims &amp; recognized the 75th anniversary of the liberation of the Auschwitz concentration camp.

I also announced my intent to soon create an Anti-Semitism Commission in Texas.  https://t.co/DeQ1wYDhQF",2020-01-27 21:37:30,en
988,90651198,GregAbbott_TX,Greg Abbott,"The 10 most popular Governors in America have 1 thing in common.

They are all Republican. 

We aren’t perfect. 

But we strive to be result oriented &amp; responsive to our constituents. 

⁦@The_RGA⁩  https://t.co/kYIyfqVhFy",2020-01-27 04:24:42,en
989,90651198,GregAbbott_TX,Greg Abbott,"GOOD NEWS: Texas A&amp;M student doesn’t have coronavirus. 

But Texas will remain vigilant. 

Tomorrow I meet with state health officials to ensure every community has the resources &amp; preventative measures needed to respond to the dangerous #coronavirus.  https://t.co/Oh1Wt2tCHd",2020-01-27 00:56:28,en
990,90651198,GregAbbott_TX,Greg Abbott,"Kobe &amp; Gigi living their best lives. 

This is the best way to remember. https://t.co/aJpIIh7cMS",2020-01-26 22:12:41,en
991,90651198,GregAbbott_TX,Greg Abbott,"It appears UT has already responded to my request earlier today to redouble their efforts to keep their students safe. 

Thanks @UTAustin 
#HookEm https://t.co/SCNIoeTXeI",2020-01-26 21:58:05,en
992,90651198,GregAbbott_TX,Greg Abbott,Thank you @Franklin_Graham https://t.co/wEYJ40YmOT,2020-01-26 21:23:44,en
993,90651198,GregAbbott_TX,Greg Abbott,"RT @SLAMonline: 💔

https://t.co/sc2v8nMis2",2020-01-26 21:19:47,und
994,90651198,GregAbbott_TX,Greg Abbott,"Kobe Bryant killed in California helicopter crash.

Such a tragic loss in the sports world.

https://t.co/PEfUlz7EFE via @nypostsports",2020-01-26 19:57:18,en
995,90651198,GregAbbott_TX,Greg Abbott,"All available Texas agencies are stepping up to stop human trafficking.

This is state-wide team work to crack down on this heinous crime &amp; to help the victims of it.

#txlege #HumanTrafficking

https://t.co/vQyZIFk1Nf via @KVUE",2020-01-26 19:20:24,en
996,90651198,GregAbbott_TX,Greg Abbott,"The increase in these explosions &amp; chemical accidents is unacceptable.

Texas will work with Houston &amp; Harris County on strategies to reduce--and hopefully eliminate--them. 

#txlege

https://t.co/KdLkuVDpHJ",2020-01-26 19:01:36,en
997,90651198,GregAbbott_TX,Greg Abbott,"ANOTHER stabbing in Austin.

This seems like a daily report.

What is happening in Austin leading to this increase in stabbings?

We'll work to get some answers.

https://t.co/CuvsaA5oOC",2020-01-26 18:36:43,en
998,90651198,GregAbbott_TX,Greg Abbott,"Thanks Chief for your efforts to improve safety for UT students. 

I’ve heard urgent pleas by UT students about increasing lighting and security tools around campus. 

I shared my expectations to UT leaders &amp; expect results next month. 

Safety First. 

@KevinEltife https://t.co/uaJZRjkCIm",2020-01-26 17:22:05,en
999,90651198,GregAbbott_TX,Greg Abbott,"Parents concerned after alleged child predator released on bond. 

My office will look into this tragedy. 

We will add this to our bail reform proposals next session. 

We must keep dangerous criminals off the streets. 

#txlege  https://t.co/liqDXxZHx7",2020-01-26 02:42:38,en
1000,90651198,GregAbbott_TX,Greg Abbott,"Texas topped nation in 2019 job growth. 

Thanks to our employers who continue to grow and hire. 

Thanks also to the best workforce in America.  https://t.co/ksqtR1UIs3",2020-01-25 17:59:24,en
1001,90651198,GregAbbott_TX,Greg Abbott,"Powerful testimony why we fight for the lives of the unborn. 

Thanks for sharing. 

#ProLife https://t.co/PAgeEuXqEK",2020-01-25 17:34:12,en
1002,90651198,GregAbbott_TX,Greg Abbott,"Awesome to see thousands of people marching in our nation’s capital to defend the lives of the unborn. 

We will continue to protect the sanctity of life right here in Texas. 

#WhyWeMarch #MarchForLife https://t.co/zAlf2pTuDX",2020-01-25 00:23:59,en
1003,90651198,GregAbbott_TX,Greg Abbott,"Oh my. 

It’s great to be back in Texas. 

No place I’ve been across the globe is better than the Lone Star State. https://t.co/qwU5dh46ip",2020-01-24 23:55:42,en
1004,90651198,GregAbbott_TX,Greg Abbott,"Austin has shown that raising taxes doesn’t solve homelessness. 

They increased property taxes to raise more than $20,000 per homeless person in Austin. 

The problem has only gotten worse since then. 

Austin needs things money can’t buy: action, resolve &amp; common sense. https://t.co/m3m2NNAoTw",2020-01-24 22:45:21,en
1005,90651198,GregAbbott_TX,Greg Abbott,"The city’s policies are dangerous for both the homeless and non-homeless. 

Too many people are being harmed because of them. https://t.co/hFRPSWitmx",2020-01-24 22:24:33,en
1006,90651198,GregAbbott_TX,Greg Abbott,"To the Californians moving to Texas:

Remember those high taxes, burdensome regulations, &amp; socialistic agenda advanced in CA?

We don't believe in that.

We believe in less government &amp; more individual freedom.

If you agree with that you'll fit right in.

https://t.co/Qv5nKaD315",2020-01-23 21:44:24,en
1007,90651198,GregAbbott_TX,Greg Abbott,"Hanging out tonight with @jpmorgan CEO Jamie Dimon and former GB PM Tony Blair. 

We are proud that JP Morgan is one of the largest employers in Texas and growing. https://t.co/BaMAHoDYNu",2020-01-23 20:51:21,en
1008,90651198,GregAbbott_TX,Greg Abbott,"To honor Spc. Miguel A. Villalon, I’ve ordered flags to to be lowered to half-staff. 

We are thankful for his service to our country &amp; for making the ultimate sacrifice overseas.

God bless him &amp; God bless our brave military service members. https://t.co/A3UVKppkWZ",2020-01-23 18:32:03,en
1009,90651198,GregAbbott_TX,Greg Abbott,"Great to visit with @IvankaTrump today at @wef.

She’s a transformative leader on workforce development solutions. 

And she’s a hero for her efforts to combat human trafficking.

#HumanTrafficking https://t.co/uyEqoLi8J2",2020-01-23 16:32:28,en
1010,90651198,GregAbbott_TX,Greg Abbott,"A productive last day in Davos at the World Economic Forum.

This morning I met with @francoislegault, Premier of Québec. 

Texas has a strong economic relationship with Québec &amp; we are proud to be here to continue &amp; strengthen this bond. 

@wef 
#wef20 https://t.co/tUUXRXEr4t",2020-01-23 13:05:52,en
1011,90651198,GregAbbott_TX,Greg Abbott,"What the heck is going on?

Why does it seem this problem is getting worse? 

We must have compassion for everyone in Austin but we must put public safety first. https://t.co/xFPpYav6vw",2020-01-23 13:04:16,en
1012,90651198,GregAbbott_TX,Greg Abbott,"Another sign how strong the Texas economy is: Dallas-Fort Worth tops the country in office job growth. 

Great line from the story:

“A comment we often hear from companies when visiting from out of state is, ‘Wow, I had no idea Dallas was this cool!’” https://t.co/AN248nIAPS",2020-01-23 00:04:28,en
1013,90651198,GregAbbott_TX,Greg Abbott,"Great to spend time with @SempraEnergy CEO Jeff Martin.  

Sempra does a lot of business in Texas. https://t.co/8mUBZskHGv",2020-01-22 22:53:23,en
1014,90651198,GregAbbott_TX,Greg Abbott,"Healthcare for Texas women just got a $350 million boost.

The Trump Admin. restored federal funding to Texas' health care program for low-income women. 

Funding for the program was cut by the Obama Admin. because Texas kicked out Planned Parenthood.

https://t.co/3tcrmBebyX",2020-01-22 22:26:59,en
1015,90651198,GregAbbott_TX,Greg Abbott,"Meeting with @dkhos the CEO of Uber—talking about their new, second, HQ in Dallas. 

They are leaders of future innovation and we are proud to have them in Texas.

⁦@Uber⁩ https://t.co/B6hzUiPV1i",2020-01-22 18:01:54,en
1016,90651198,GregAbbott_TX,Greg Abbott,Interview tonight — today in Texas — with ⁦@Varneyco⁩ about the strong Texas economy. https://t.co/Y2RlhjFFaY,2020-01-22 17:11:23,en
1017,90651198,GregAbbott_TX,Greg Abbott,"At an early meeting of world energy leaders @wef in @Davos I explained that if Texas was its own country we’d be the 4th largest producer of oil in the world.

Texas succeeds because our focus is on free markets &amp; innovation.

We also lead America in wind power generation. https://t.co/eSxH4j93Yx",2020-01-22 14:50:08,en
1018,90651198,GregAbbott_TX,Greg Abbott,A candid moment with ⁦@realDonaldTrump⁩ as he departs the @WEF Conference in Davos. https://t.co/Oxyl351QW9,2020-01-22 12:55:13,en
1019,90651198,GregAbbott_TX,Greg Abbott,"The Texas Oil &amp; Gas industry made history in 2019.

More oil &amp; gas was produced in the state than ever before.

It brought in over $16 billion worth of tax revenue.

It helps fund schools, roads &amp; infrastructure in Texas.

God has blessed Texas.

#txlege  https://t.co/fE0YNozfZC",2020-01-22 12:20:50,en
1020,90651198,GregAbbott_TX,Greg Abbott,"Wichita Falls organization hopes to get approval from city council to make living spaces for homeless veterans. 

This is a low cost step in the right direction to help the homeless that should be replicated by other Texas communities.  https://t.co/AmZL7PzdUC",2020-01-22 12:11:37,en
1021,90651198,GregAbbott_TX,Greg Abbott,"Great visits today with Tim Cook of Apple, Steve Demetriou the CEO of Jacobs Engineering, and Onur Genç  the CEO of BBVA. 

They all have substantial operations in Texas, with Jacobs having its HQ in Dallas. 

We all agree that Texas is a fabulous place to do business. 

@wef https://t.co/WHISiGsSHc",2020-01-21 21:53:04,en
1022,90651198,GregAbbott_TX,Greg Abbott,"I visited with long time friend Larry Kudlow at the World Economic Forum. 

He’s the National Economic Council Director. 

He’s expecting faster economic growth—around 3% this year. 

He says the trade deals will help &amp; Texas will benefit. 

@larry_kudlow 
@WEF https://t.co/YkLyn75ayY",2020-01-21 18:54:55,en
1023,90651198,GregAbbott_TX,Greg Abbott,"Yes. 

Everyone in Austin expressing concern about the homeless should go to https://t.co/qjxc2iO325 and provide support. 

They provide services that help the immediate needs of homeless &amp; put them on a pathway toward greater dignity. https://t.co/m1BR8GpYOs",2020-01-21 17:24:06,en
1024,90651198,GregAbbott_TX,Greg Abbott,"GREAT NEWS:

One of Texas' most wanted gang members arrested in San Antonio. 

Thanks to the Bexar County Sheriff's Office and the Lone Star Fugitive Task Force.

⁦@BexarCoSheriff⁩  https://t.co/pAblQrjyc4",2020-01-21 17:16:47,en
1025,90651198,GregAbbott_TX,Greg Abbott,"Busy day at the World Economic Forum in Davos.

I met with @SecretaryRoss to discuss the USMCA &amp; China trade deals. Texas will be a winner.

Separately I met with a CEO who is moving his business from another state to Texas.

Leaders love the Texas approach to business.

@wef https://t.co/GR2VeWRmjY",2020-01-21 17:04:03,en
1026,90651198,GregAbbott_TX,Greg Abbott,"Thanks for sharing.

Your feelings and frustrations are important. 

I'll look into this--as well as look into whether Austin is violating the Americans With Disabilities Act by allowing people to block wheelchair ramps like your picture showed. https://t.co/Vv2bi8l66M",2020-01-21 14:25:18,en
1027,90651198,GregAbbott_TX,Greg Abbott,"More by Trump @WEF

—Earnings growth for the bottom 10% is exceeding that of the top 10%.

—We’re building an economy that works for everyone.

— A nations highest duty is to its own citizens.

—We will never allow radical socialists to destroy our economy. https://t.co/hTaLpuK2uC",2020-01-21 11:35:28,en
1028,90651198,GregAbbott_TX,Greg Abbott,"President Trump @WEF in Davos may be giving his best speech ever... educating global leaders about the power of American capitalism. 

“I knew if we unleashed the potential of our people, economic prosperity would come roaring back.”

“We’re lifting up Americans of every race” https://t.co/RP8LwQs8er",2020-01-21 11:19:12,en
1029,90651198,GregAbbott_TX,Greg Abbott,"“I have a dream that my four little children will one day live in a nation where they will not be judged by the color of their skin, but by the content of their character.”

We’ve made progress toward that dream but must continue striving to achieve that mission. 

#MLKDay2020 https://t.co/5LEnssNfca",2020-01-20 11:55:13,en
1030,90651198,GregAbbott_TX,Greg Abbott,"Hanging out with Wesley Snipes. 

In his movie The Waterdance he uses a wheelchair as well as I do. https://t.co/A5O9TbPSNb",2020-01-19 23:57:07,en
1031,90651198,GregAbbott_TX,Greg Abbott,"Thanks for sending. 

I will have the Texas Dept. of Transportation take care of it. https://t.co/PwgkMmg7J6",2020-01-19 18:04:00,en
1032,90651198,GregAbbott_TX,Greg Abbott,"After a successful economic development and cultural trip to Israel we now head to the World Economic Forum in Davos to explain how the Texas model produces the strongest economy and jobs growth among U.S. States.

Texas is best for business.

https://t.co/tMngrsyKIk",2020-01-19 12:59:35,en
1033,90651198,GregAbbott_TX,Greg Abbott,Just for you here’s @TexasPancake with a side of Peaches. https://t.co/COiKCCre6V https://t.co/4zV48ZmHwU,2020-01-18 22:58:28,en
1034,90651198,GregAbbott_TX,Greg Abbott,The only @Jeopardy question I’ll ever get right. https://t.co/roqIbgsz64,2020-01-18 22:53:03,en
1035,90651198,GregAbbott_TX,Greg Abbott,"It’s a tremendous honor to receive the Friends of Zion Award.

This award recognizes global leaders who have supported the nation of Israel &amp; Jewish people.

Together, we will continue to build an even stronger friendship between Israel, the Jewish community &amp; the state of Texas. https://t.co/pmXdLYnu4G",2020-01-18 20:19:27,en
1036,90651198,GregAbbott_TX,Greg Abbott,"Congratulations. 

We look forward to working with you. https://t.co/wPBwRzBARf",2020-01-18 08:24:39,en
1037,90651198,GregAbbott_TX,Greg Abbott,"RT @ATXPOA: Politicians love to say Austin is the safest big city in Texas, but 2020's first two weeks proved otherwise. If #atxcouncil  ig…",2020-01-18 07:46:51,en
1038,90651198,GregAbbott_TX,Greg Abbott,"""Why Texans Overwhelmingly Approving of Gov. Greg Abbott Should Worry Dems.""

""People want a better way of life so they come here,” said Kelly Geissler, who moved from Wisconsin.

“Why would you want to make it like where it was not so good?”

Keep TX, TX.
https://t.co/waM8aME0Ov",2020-01-17 21:49:48,en
1039,90651198,GregAbbott_TX,Greg Abbott,"Cecilia and I laid a wreath in remembrance of the Holocaust victims at the Yad Vashem Museum in Jerusalem. 

Texas will always remember and pray for the victims of this horrific time in human history.

We must work to ensure it never happens again. 

⁦@yadvashem⁩ https://t.co/iUJH6MwZZs",2020-01-17 19:26:37,en
1040,90651198,GregAbbott_TX,Greg Abbott,"Cecilia &amp; I visited the U.S. Embassy in Israel at its NEW location in Jerusalem. 

Thanks ⁦@realDonaldTrump⁩ for moving it to its rightful location. 

Thanks to ⁦@USAmbIsrael⁩ David Friedman for the kind hospitality. https://t.co/2S9wBV4qQD",2020-01-17 13:39:26,en
1041,90651198,GregAbbott_TX,Greg Abbott,"Thank you Texas. 

In a poll taken this week you gave me the highest job approval rating since I’ve been Governor.

65% approve of the job I’m doing.

I’ll continue working for 100% of you. 

I’ll put you &amp; your families first &amp; I’ll emphasize Texas First Policies.

#txlege https://t.co/2XMizNtGDr",2020-01-17 00:31:52,en
1042,90651198,GregAbbott_TX,Greg Abbott,"Visiting tonight with Israel Prime Minister @netanyahu about historical locations in Jerusalem. 

We shared our commitment to freedom and security for Israel and the United States. https://t.co/XPOvC755xA",2020-01-16 21:49:32,en
1043,90651198,GregAbbott_TX,Greg Abbott,"Today I prayed at the Western Wall in Jerusalem that God will continue to bless Israel and that God continue to strengthen the bond between Texas and Israel. 

May peace and prosperity continue to bless our two peoples. https://t.co/3rTu6KuMl7",2020-01-16 17:57:00,en
1044,90651198,GregAbbott_TX,Greg Abbott,"To expand the state’s safety initiative around downtown Austin, the Texas Alcoholic Beverage Commission will provide enhanced patrols downtown and near UT. 

This is in addition to the ⁦@TxDPS⁩ patrols. 
 https://t.co/mq8oRXqqto",2020-01-16 17:16:27,en
1045,90651198,GregAbbott_TX,Greg Abbott,"⁦@MayorAdler⁩ I can solve you’re funding issue in a single day. 

Give me one day to cut the outrageous spending of taxpayer money and devote it to homeless issues.

I’ll also cut property taxes &amp; slash regulations to make housing more affordable.  https://t.co/iYjNKciYbM",2020-01-16 15:57:24,en
1046,90651198,GregAbbott_TX,Greg Abbott,"This morning I spoke with business innovators at @StartUpNationHq in Tel Aviv, Israel. 

There’s a natural connection between Israel &amp; Texas that is leading to an even brighter future. 

Proud to be here to strengthen our cultural &amp; economic ties. https://t.co/EYNy4oMjpD",2020-01-16 14:04:24,en
1047,90651198,GregAbbott_TX,Greg Abbott,"Thanks. 

It will be a wonderful visit. https://t.co/B3LwgPddUB",2020-01-16 05:15:39,en
1048,90651198,GregAbbott_TX,Greg Abbott,"Texas ranks 2nd nationwide in racial progress between blacks, whites; 4th in integration. 

We aim to be #1 but this is good progress. 

#txlege  https://t.co/Fz1gAnslPn",2020-01-15 19:58:17,en
1049,90651198,GregAbbott_TX,Greg Abbott,"Beto was a big shot when all he had to do was skate on a board and say he wasn’t Ted Cruz. 

When he had to take political positions in his presidential campaign he turned into a 1 % candidate. 

Even his own party abandoned him as too radical. https://t.co/ZRhYOiEbOg",2020-01-15 03:31:35,en
1050,90651198,GregAbbott_TX,Greg Abbott,"RT @DanCrenshawTX: Beto - who wants to confiscate your guns, tear down border walls &amp; remove tax-exempt status for churches - is in Houston…",2020-01-15 03:26:50,en
1051,90651198,GregAbbott_TX,Greg Abbott,Prayers up for these officers who lost their lives in the line of duty. https://t.co/1fZA3uJBBP,2020-01-15 03:26:17,en
1052,90651198,GregAbbott_TX,Greg Abbott,"Making a brief stop in Ireland on way to Israel. 

Will update tomorrow with some details about our economic development and cultural visit to Israel. 

Darn. I guess that means I missed the #DemocraticDebate",2020-01-15 03:21:02,en
1053,90651198,GregAbbott_TX,Greg Abbott,Too funny https://t.co/wdbyOtaMMc,2020-01-14 08:30:28,en
1054,90651198,GregAbbott_TX,Greg Abbott,"This is helpful information.

Send the date &amp; location where videos or pictures like this are taken &amp; I’ll have the Texas Dept. of Transportation send their cleaning crews.

Camping nears roadways is a hazard that must be removed.

They will make sweeps several times a week. https://t.co/7BuAQXT7MK",2020-01-14 08:13:04,en
1055,90651198,GregAbbott_TX,Greg Abbott,"Texas DPS increases patrols in downtown Austin and around UT. 

Texas will do all it can to ensure the safety of residents and visitors in Austin.  https://t.co/A8F9ACFJL2",2020-01-14 00:40:30,en
1056,90651198,GregAbbott_TX,Greg Abbott,"Today I presented the Governor’s Medal of Courage to Jack Wilson. 

He’s the hero who risked his life to save the lives of others by stopping a gunman in a deadly shooting at a church near Fort Worth. 

It’s the highest award given to civilians in Texas. 

#txlege https://t.co/UPaWjmsjTi",2020-01-13 21:15:14,en
1057,90651198,GregAbbott_TX,Greg Abbott,"With a stroke of his pen the governor struck a blow against human trafficking, raised hope for thousands of victims who've been trafficked, &amp; sent traffickers a message that the governor has taken a personal interest in combating the crimes they commit.

https://t.co/gJfpMRWuPW",2020-01-13 18:13:37,en
1058,90651198,GregAbbott_TX,Greg Abbott,"The values America needs you to believe in are the:
U.S. Constitution &amp; the 
Declaration of Independence. https://t.co/8ehdQngzKW",2020-01-12 04:00:33,en
1059,90651198,GregAbbott_TX,Greg Abbott,"The Governor’s Mansion is lit blue tonight for #HumanTraffickingAwarenessDay. 

Texans will continue to be on the frontlines of eradicating this terrible injustice and bringing support to the victims. https://t.co/OVY9zYeO1K",2020-01-12 03:21:15,en
1060,90651198,GregAbbott_TX,Greg Abbott,"A horrible tragedy in Lubbock when police &amp; firefighters were hit responding to accident.

Please join me in praying for these victims &amp; their families.

We must never forget our First Responders &amp; the risks they take every time they put on their uniform. https://t.co/kyOX5CZ6bC",2020-01-11 21:17:54,en
1061,90651198,GregAbbott_TX,Greg Abbott,"One way to celebrate #HumanTraffickingAwarenessDay is to provide redemption for victims of it.

I'm doing that by granting a pardon for a woman who was lured into human &amp; sex trafficking that led to some petty criminal offenses.

She turned to God &amp; turned her life around. https://t.co/sKta3cqV9b",2020-01-11 19:19:24,en
1062,90651198,GregAbbott_TX,Greg Abbott,"Today is #HumanTraffickingAwarenessDay. 

Texas will not tolerate the inhumane practice of human trafficking.

Together, with the help of our brave law enforcement officers, we will end this heinous crime &amp; deliver justice for survivors. https://t.co/g9phkHUccZ",2020-01-11 16:22:03,en
1063,90651198,GregAbbott_TX,Greg Abbott,"TEXANS across most of the state may see warnings like this tonight because of severe weather.

Take precautions to be safe.

@TDEM has placed boats helicopters, rescue &amp; medical strike teams, &amp; add’l law enforcement on standby to help local government respond to your needs. https://t.co/rSUK5JUNFO",2020-01-11 00:33:09,en
1064,90651198,GregAbbott_TX,Greg Abbott,"On Monday I will present the Governor's Medal of Courage to man who stopped a gunman in a deadly shooting at a church in North Texas. 
 
It is the highest award given to civilians by the Governor. https://t.co/bhNyGLQygs",2020-01-10 17:04:56,en
1065,90651198,GregAbbott_TX,Greg Abbott,"Texas is #1. 

Once again Texas leads the nation for the fastest growing state economy in the U.S. 

Thanks to our employers and the best workforce in America. 

#txlege https://t.co/JK0pwwaouO",2020-01-10 15:32:31,en
1066,90651198,GregAbbott_TX,Greg Abbott,"The Texas Department of Public Safety didn’t wait until Monday to start downtown patrols. 

They began...Tonight. 

The goal is to help you be safe. 

Thanks ⁦@TxDPS⁩ https://t.co/Y2yxogkJyd",2020-01-10 04:17:26,en
1067,90651198,GregAbbott_TX,Greg Abbott,"Here's some good news:

Rates of new cancer cases and deaths from cancer continue to decline in Texas. 

https://t.co/VZkmQLzOlG",2020-01-10 04:06:16,en
1068,90651198,GregAbbott_TX,Greg Abbott,"On this Law Enforcement Appreciation Day I’m especially grateful for my niece &amp; all she does to keep her community safe. 

I’ll always #BackTheBlue. 

#LawEnforcementAppreciationDay https://t.co/BzHulDcqNr",2020-01-10 03:21:32,en
1069,90651198,GregAbbott_TX,Greg Abbott,Priceless. https://t.co/EVuFVHfxYH,2020-01-10 01:54:40,en
1070,90651198,GregAbbott_TX,Greg Abbott,"Today is Law Enforcement Appreciation Day. 

Thank you to the brave men and women who who risk their lives to keep Texas safe today and everyday. We are grateful for your service.

May God bless you and God bless Texas. #BacktheBlue
 https://t.co/pWKPwzqKgu",2020-01-09 20:20:40,en
1071,90651198,GregAbbott_TX,Greg Abbott,"I’m heartbroken about stories I hear about dangers around downtown Austin.

To improve safety DPS is increasing law enforcement presence around UT &amp; the Capitol area. 

Your voice matters. Share your story about any danger you’ve encountered downtown.  https://t.co/bZCgd5y7Pl",2020-01-09 19:37:43,en
1072,90651198,GregAbbott_TX,Greg Abbott,"Yesterday in Pleasanton, Texas I met with leaders from Atascosa County for another Grassroots Roundtable. 

On behalf of the state of Texas, we awarded Shifter’s American Grill an award of excellence.

Keep up the great work &amp; thank you for your leadership in the Lone Star State. https://t.co/kKFJfHkeS0",2020-01-09 17:15:21,en
1073,90651198,GregAbbott_TX,Greg Abbott,Rolling it tonight at Punch Bowl Social. https://t.co/a0Ckeo5cZ6,2020-01-09 04:00:08,en
1074,90651198,GregAbbott_TX,Greg Abbott,"Today I spoke with leaders of the Rotary Club of San Antonio.

Texas continues to be the most exceptional state in America because of organizations like the Rotary Club of San Antonio. https://t.co/vebpnVmsNW",2020-01-09 01:56:00,en
1075,90651198,GregAbbott_TX,Greg Abbott,"ANOTHER stabbing in downtown Austin—where both the suspect &amp; victim are said to be homeless.

How many people will be killed and injured before Austin reforms its homeless policies? 

I will have DPS increase law enforcement around downtown &amp; UT areas. https://t.co/rTNIMImWMH",2020-01-08 23:56:12,en
1076,90651198,GregAbbott_TX,Greg Abbott,"Attempted cyber attacks from Iran against Texas agency websites are occurring about 10,000 per minute.

All government agencies at all levels—as well as the private sector—must remain vigilant in securing their networks from potential attacks.

#txlege  https://t.co/qPIg9lIIQV",2020-01-08 17:01:30,en
1077,90651198,GregAbbott_TX,Greg Abbott,"Special Operations Joint Task Force members from Texas who served in the Middle East presented this Texas Flag that they flew in Syria during their duty. 

We thank all who serve. 

And we take pride when the sovereignty of Texas is displayed across the globe. https://t.co/OUKIiRINad",2020-01-08 01:16:59,en
1078,90651198,GregAbbott_TX,Greg Abbott,"This is Nihar Janga. He is an Austin, TX native attending Vandegrift High School.

Nihar is the first contestant in history to win BOTH the Scripps National Spelling Bee &amp; the National Geographic Bee.

Proud of your accomplishments &amp; proud you’re a Texan! https://t.co/8OnYtG5CNH",2020-01-07 20:47:58,en
1079,90651198,GregAbbott_TX,Greg Abbott,DO IT!!!!!! https://t.co/khy1wNdgBt,2020-01-07 03:19:13,en
1080,90651198,GregAbbott_TX,Greg Abbott,"Beautiful day here in Texas for a front porch interview.

Thanks for coming by to chat today, @ChetTripper. @TexasPancake and I enjoyed it.

Looking forward to seeing the final product. https://t.co/bh05830m74",2020-01-07 01:07:05,en
1081,90651198,GregAbbott_TX,Greg Abbott,"Business Facilities' Editor: 
Texas Dominated The DECADE

“Texas has established the most dynamic state economy in the nation by diversifying its growth sectors and developing a rapidly expanding skilled workforce.”

#txlege  https://t.co/BDcHNX5FMS",2020-01-06 23:22:17,en
1082,90651198,GregAbbott_TX,Greg Abbott,"Bail reform is needed.

BUT, it shouldn't be used to release violent offenders back onto the streets.

This editorial shows how violent criminals are sometimes released to the streets with little or no bail requirement.

That dangerous practice must end.

https://t.co/7u70El28ur",2020-01-06 02:08:33,en
1083,90651198,GregAbbott_TX,Greg Abbott,"A new report shows the Texas economy remains robust going into 2020.
  
“business conditions continue to improve and a majority of services firms expect stronger revenues in 2020”

Thanks to Texas business owners &amp; the best workforce in America.

#txlege https://t.co/Cc5VmlYy54",2020-01-05 22:24:57,en
1084,90651198,GregAbbott_TX,Greg Abbott,EXACTLY!!! https://t.co/AhWmpOjCf5,2020-01-05 04:47:04,en
1085,90651198,GregAbbott_TX,Greg Abbott,"O.J. killed the @BuffaloBills chances of winning by leaving the game early. 
😉 https://t.co/Y948mO5Thf",2020-01-05 02:18:29,en
1086,90651198,GregAbbott_TX,Greg Abbott,"@JamesSBurnett You got that right. 
FYI I didn’t start watching this game until the second half. 
So....",2020-01-05 01:23:08,en
1087,90651198,GregAbbott_TX,Greg Abbott,"⁦Deshaun Watson is the GOAT. 🐐

What a comeback by the #HoustonTexans. 

True magic the way Deshaun played and strong defense by ⁦@JJWatt⁩. 

@deshaunwatson⁩ 
⁦@HoustonTexans⁩ https://t.co/dtmaQfUaLy",2020-01-05 01:16:29,en
1088,90651198,GregAbbott_TX,Greg Abbott,"Congrats to Dallas ISD’s Eric Hale Being One of the America’s Best Teachers.

He’s helped DISD be one of the best urban ISDs in America.

He advised me about reforms we passed into law that pay more to attract great teachers &amp; how to improve our schools.  https://t.co/pwRiJ25iEd",2020-01-04 21:23:30,en
1089,90651198,GregAbbott_TX,Greg Abbott,"You are exactly right.

I’m not attacking homelessness.

I’m criticizing the lawlessness promoted by the City of Austin.

The City’s top job is public safety and they are failing. 

Yesterday’s tragic murder is the most recent example. https://t.co/PMtGOmoYBM",2020-01-04 17:49:04,en
1090,90651198,GregAbbott_TX,Greg Abbott,"This is a savage—and spot on—exposure of hypocrisy @CNN. 

Mark, let us know when you hear from them. https://t.co/z8bDIjulyn",2020-01-04 17:24:00,en
1091,90651198,GregAbbott_TX,Greg Abbott,"Exactly. 

This murder must be condemned by Austin leaders. 

An innocent person lost their life this morning at a restaurant &amp; others injured

The City of Austin must ensure its homeless policy doesn’t endanger the lives of innocent people—AND the lives of the homeless. https://t.co/pza3KoD4OG",2020-01-04 04:06:13,en
1092,90651198,GregAbbott_TX,Greg Abbott,"When all facts are revealed I bet you’ll learn that the killer was a homeless man with prior arrests.

If so Austin’s reckless homeless policy puts lives in danger to murders like this.

Austin leaders must answer for their perilous policies.

https://t.co/LftWzOAaKg",2020-01-03 23:06:09,en
1093,90651198,GregAbbott_TX,Greg Abbott,"Texas is #1 in America—AGAIN. 

Texas Is Business Facilities' 2019 State Of The Year. 

Texas is the first state to win the top honor for the 4th time. 

It’s goes to the best state for things like capital investment and new jobs. 

#txlege  https://t.co/euQUpX26Kn",2020-01-03 19:18:51,en
1094,90651198,GregAbbott_TX,Greg Abbott,"This is the good guy with a gun who stopped a bad guy with a gun at the church in White Settlement. 

It took 6 seconds. 

He saved countless lives. 

He is Jack Wilson and a true Texas hero. https://t.co/kfAv79xcoT",2020-01-03 16:25:37,en
1095,90651198,GregAbbott_TX,Greg Abbott,"Greater love has no one than this: to lay down one's life for one's friends. John 15:13

Rich White lived that teaching when he gave his life saving others from an evil gunman at a Fort Worth area church.

He's a true Texas hero. 

https://t.co/WazJFzzSEk",2020-01-03 02:19:55,en
1096,90651198,GregAbbott_TX,Greg Abbott,"This is so cool. 
#HookEm https://t.co/n0bQwuAJ0C",2020-01-02 03:44:28,en
1097,90651198,GregAbbott_TX,Greg Abbott,"The post below is from the Webb Co. Sheriff in Laredo. 

The Texas Dept. of Public Safety is already in the area and will work with law enforcement at all levels to maintain safety &amp; security in Texas. https://t.co/DgUaH1vFce",2020-01-02 03:39:13,en
1098,90651198,GregAbbott_TX,Greg Abbott,"This DMN editorial is spot on in so many ways.
Here's one:

""there have been at least two church shootings in Texas in recent years that ended because law-abiding citizens had the means and willingness to fight back.""

Texans will not cower to criminals.

https://t.co/RnXeftnqhe",2020-01-01 22:04:22,en
1099,90651198,GregAbbott_TX,Greg Abbott,"Happy NEW YEAR!!!!

2019 was a record setting year for Texas. 

2020 will be even better. 

God Bless Texas. https://t.co/auMAEEy1dB",2020-01-01 05:41:20,en
1100,90651198,GregAbbott_TX,Greg Abbott,"Texas had the biggest population increase of any state in America last year.

The beauty of American government is that people can live in the state they like best &amp; that provides the best opportunity.

That state is Texas with our conservative policies.

https://t.co/1nvfrAQyek",2019-12-31 17:22:23,en
1101,90651198,GregAbbott_TX,Greg Abbott,@david_cylkowski Count on it.,2019-12-31 05:19:11,en
1102,90651198,GregAbbott_TX,Greg Abbott,@SusieKeylon @Larrypolya22 @OctoMemes1 The first and second amendments.,2019-12-31 05:18:37,en
1103,90651198,GregAbbott_TX,Greg Abbott,@KamVTV @realDonaldTrump Thanks. And thanks for doing your part to keep Texas great.,2019-12-31 05:16:01,en
1104,90651198,GregAbbott_TX,Greg Abbott,"This man confronted an evil killer in a Texas church.

He could have been killed in a split second. 

Instead he saved the lives of hundreds.

Putting your life on the line for others is the ultimate valor.

Texas is grateful for his herorism.

#txlege  https://t.co/ApPNHivMwE",2019-12-30 20:53:17,en
1105,90651198,GregAbbott_TX,Greg Abbott,Heroism.  Texan. https://t.co/ZoaT9FIhLM,2019-12-30 04:26:20,ht
1106,90651198,GregAbbott_TX,Greg Abbott,"Thanks to security at the church in White Settlement for swiftly ending the attack.

We’re working with local law enforcement &amp; elected officials to ensure they have all resources needed to respond to this event.

Texans will unite as always.  https://t.co/Gv9gVJiUao",2019-12-29 21:31:21,en
1107,90651198,GregAbbott_TX,Greg Abbott,"This. 
Is. 
Insane. https://t.co/3HUcn7mphw",2019-12-29 09:33:45,en
1108,90651198,GregAbbott_TX,Greg Abbott,"Coming Soon. 

Texas’ very own gold depository is about to open.  https://t.co/nBXpPgaG5d",2019-12-29 01:15:11,en
1109,90651198,GregAbbott_TX,Greg Abbott,45 minutes ago. https://t.co/XWWP6PJ4Ln,2019-12-28 23:54:17,pt
1110,90651198,GregAbbott_TX,Greg Abbott,"So. When does @LSU pull Joe Burrow?

Asking for a fan. 

#LSUvsOU https://t.co/GAMR9RRCSy",2019-12-28 23:50:38,en
1111,90651198,GregAbbott_TX,Greg Abbott,@delriver_cs Verdad!,2019-12-28 23:21:49,es
1112,90651198,GregAbbott_TX,Greg Abbott,100% https://t.co/3eNSUpPtVg,2019-12-28 23:07:45,und
1113,90651198,GregAbbott_TX,Greg Abbott,"Thanks to the Border Patrol &amp; local law enforcement for remaining vigilant in securing our border from sex offenders &amp; MS-13 gang members. 

⁦@CBP⁩  https://t.co/vivvRCSLID",2019-12-28 10:10:48,en
1114,90651198,GregAbbott_TX,Greg Abbott,This is Texas. https://t.co/cckpo3I09U,2019-12-28 03:08:49,en
1115,90651198,GregAbbott_TX,Greg Abbott,"We appreciate our Texas Military Dept. and thank them for their service &amp; sacrifice, especially at this time of year. 

@TXMilitary https://t.co/o1ZYqqK9N3",2019-12-27 21:58:39,en
1116,90651198,GregAbbott_TX,Greg Abbott,RT @leachfortexas: Headed into 2020 like: https://t.co/qWqYjmHe3i,2019-12-27 00:08:34,en
1117,90651198,GregAbbott_TX,Greg Abbott,"The Republic of Texas is getting closer to being memorialized in Washington.

#txlege

https://t.co/SHlP0oNzZV",2019-12-26 20:20:22,en
1118,90651198,GregAbbott_TX,Greg Abbott,"As we celebrate Christmas at home, we pray for our military deployed overseas. 

Thanks to the mightiest military in the history of the world we have the freedom to enjoy Christmas. 

May it forever remain that way. https://t.co/YTegymw73r",2019-12-25 21:14:53,en
1119,90651198,GregAbbott_TX,Greg Abbott,"Cecilia, Audrey &amp; I wish you and your families a very Merry Christmas. https://t.co/ZipZrxt6ea",2019-12-25 11:15:46,en
1120,90651198,GregAbbott_TX,Greg Abbott,https://t.co/GK299OI7qb,2019-12-24 23:38:37,und
1121,90651198,GregAbbott_TX,Greg Abbott,"LOCK HIM UP
LOCK HIM UP https://t.co/n8JBiZLYAs",2019-12-24 17:49:37,en
1122,90651198,GregAbbott_TX,Greg Abbott,"Early Christmas present:
Texas employers add 37,500 jobs in November.

The unemployment rate remains at record low 3.4 % for a sixth consecutive month.

Even better, the low unemployment rate has boosted wages for employees.

#txlege

https://t.co/9nGnSCJNw2",2019-12-24 17:01:20,en
1123,90651198,GregAbbott_TX,Greg Abbott,"You’re post explains why we need to  teach civics. 

SBOE members are elected by the people. Voters put them in office.  (See below)

There’s so much like this, as well as constitutional &amp; capitalism principles, that we must teach. 

https://t.co/AgY6P1Zcl7 https://t.co/OQIapwNEmo",2019-12-24 00:12:36,en
1124,90651198,GregAbbott_TX,Greg Abbott,"We need to do a better job of teaching civics in school. 

Well add this to the list for next legislative session. https://t.co/spb57QhAIA",2019-12-23 22:23:19,en
1125,90651198,GregAbbott_TX,Greg Abbott,"The adoption of communistic &amp; socialistic policies by elected officials is growing—at the local level (like in this video)—as well as in Congress &amp; in the presidential campaign. 

I’ll continue to combat these threats in Texas whenever they arise. 

Well keep Texas, Texas. https://t.co/xCEOmuxIee",2019-12-23 22:18:30,en
1126,90651198,GregAbbott_TX,Greg Abbott,"The new USMCA trade agreement advanced by Trump could add over 200,000 local jobs.

The USMCA is great for Texas.

#txlege

https://t.co/4Djjw6mYat",2019-12-23 17:31:17,en
1127,90651198,GregAbbott_TX,Greg Abbott,"Texas First Lady Cecilia Abbott Address Philanthropy Group at Brownsville ISD to Inspire Their Communities.

My wife and I are dedicated to advancing the #RGV.

#txlege

https://t.co/nhwF4aAP6H",2019-12-23 17:24:50,en
1128,90651198,GregAbbott_TX,Greg Abbott,"Tonight we celebrated the beginning of Hanukkah with the lighting of the Menorah at the Texas Capitol. 

#HappyHanukkah https://t.co/UtqDQXuHym",2019-12-23 01:17:39,en
1129,90651198,GregAbbott_TX,Greg Abbott,Here’s something you’ll never see in Texas. https://t.co/NEh4qVh7Hy,2019-12-22 22:48:55,en
1130,90651198,GregAbbott_TX,Greg Abbott,"Happy birthday to the Zodiac Killer. 

Here’s to many more years of evading arrest. @tedcruz https://t.co/ZflpNNPfFT",2019-12-22 19:26:06,en
1131,90651198,GregAbbott_TX,Greg Abbott,An early transformation of Texas into the dominant state it has become. https://t.co/28X55KWana https://t.co/5D6Y0J316k,2019-12-22 17:39:29,en
1132,90651198,GregAbbott_TX,Greg Abbott,"While all eyes in Washington focused on impeachment the Senate continued to confirm more conservative judges to federal courts.

These are judges who enforce the rule of law.

Trump is transforming federal courts at a near record breaking pace.  https://t.co/dOmb6dVWkw",2019-12-22 17:20:34,en
1133,90651198,GregAbbott_TX,Greg Abbott,We honored this Daughter of the American Revolution member with the Yellow Rose of Texas Award (🔉 on). https://t.co/GWjr57uWUt,2019-12-22 00:50:52,en
1134,90651198,GregAbbott_TX,Greg Abbott,"Congratulations @HoustonTexans winning the South Division. 

Outstanding year. 

Good luck in the playoffs. 

#Texans https://t.co/UZM94NDYaW",2019-12-21 22:49:01,en
1135,90651198,GregAbbott_TX,Greg Abbott,"@get_jasmine Now you’re talking my language. 
I’d be more ready if @JaayUpNext_ was in pads.",2019-12-21 22:19:04,en
1136,90651198,GregAbbott_TX,Greg Abbott,"EVERY community in EVERY State must collaborate to eradicate MS-13. 

No sanctuary anywhere. 

Let’s end this treacherous gang. 

Massive MS-13 bust: 96 members charged in gang takedown https://t.co/lzbZznrF23",2019-12-21 21:11:54,en
1137,90651198,GregAbbott_TX,Greg Abbott,"Just in time for the holidays.

More Fritos in Texas. 

Frito-Lay’s Texas facility set for $128 million expansion.  https://t.co/RxzRByMpQY",2019-12-21 18:08:37,en
1138,90651198,GregAbbott_TX,Greg Abbott,"It’s Texas High School Football—so, yeah. 

Everything’s bigger in Texas. 

#txhsfb https://t.co/earkqkkRPN",2019-12-21 07:52:55,en
1139,90651198,GregAbbott_TX,Greg Abbott,"Seems like they hate puppies. 

I’m keeping Pancake—the First Dog of Texas. 

@TexasPancake https://t.co/xNaxWCNrBL https://t.co/PwZpsSQ4hg",2019-12-20 17:37:11,en
1140,90651198,GregAbbott_TX,Greg Abbott,"Texas remains America’s leader for new jobs.

Texas posts 115th straight month of jobs gains.

Texas led the nation adding 37,500 new jobs in November.

Unemployment held steady at a historic low rate of 3.4% for the sixth straight month. 

#txlege  https://t.co/OWDihGD92j",2019-12-20 17:29:01,en
1141,90651198,GregAbbott_TX,Greg Abbott,"Smokey Bear stopped by the Governor’s Office today.

We are celebrating his 75th birthday.

For 75 years Smokey has done a great job promoting and protecting our forests. 

But remember...
Only you can prevent forest fires!

⁦@smokey_bear⁩ https://t.co/oy3ABwHPvD",2019-12-20 05:07:36,en
1142,90651198,GregAbbott_TX,Greg Abbott,"Texas is No. 2 on Forbes’ 2019 Best States For Business ranking.

Second is not good enough!

We're going to have to find more regulations &amp; taxes to cut.

#txlege

https://t.co/l8XPdn7W1C https://t.co/mNi24D6JfW",2019-12-20 03:36:31,en
1143,90651198,GregAbbott_TX,Greg Abbott,"Today I thanked workers who continue cleaning under bridges in Austin &amp; providing the homeless with a more dignified location.

They’ve made Austin safer &amp; cleaner while also providing better alternatives for the homeless.

Thanks ⁦@TxDOT⁩ ⁦@TxDPS⁩ &amp; ⁦@TDEM⁩ https://t.co/sdFe0z6F1b",2019-12-19 23:45:55,en
1144,90651198,GregAbbott_TX,Greg Abbott,"CONGRATULATIONS Refugio on winning the State Championship.

#txhsfb https://t.co/cREYpejmyg",2019-12-19 04:41:32,en
1145,90651198,GregAbbott_TX,Greg Abbott,"@BIGpapiGW I’m concerned about the Duncanville QB injury. 
If he was healthy I’d pick the Panthers.",2019-12-18 06:13:31,en
1146,90651198,GregAbbott_TX,Greg Abbott,"OMG
Supreme Court Justice Gorsuch said “Merry Christmas“

IMPEACH!!!IMPEACH!!!

What a joke. https://t.co/ItIDumR1kc",2019-12-18 06:01:55,en
1147,90651198,GregAbbott_TX,Greg Abbott,"Big Govt doesn’t work.

Freelance writers at Vox Media will lose jobs b/c a new CA law reclassified contractors as employees.

The law targeted companies like Uber &amp; Lyft to treat free-lance workers to be hired as employees with full benefits. https://t.co/gbfGljwYBb",2019-12-17 06:40:44,en
1148,90651198,GregAbbott_TX,Greg Abbott,"100%

""Gov. Greg Abbott says he’ll propose law where there’s ‘no bail for cop killers’""

https://t.co/2w6ukhdII5",2019-12-17 03:20:10,en
1149,90651198,GregAbbott_TX,Greg Abbott,"I’m telling ya.

This just might be better than the original #TopGun https://t.co/KarNMIuuyK",2019-12-17 02:53:19,en
1150,90651198,GregAbbott_TX,Greg Abbott,"At the DRC I explained property tax cuts already made:

Frisco ISD cut rates by 7.5%
Richardson ISD by 8.5%
Dallas ISD by 8.5%

Those property tax cuts won’t be eroded by rising valuations because ISDs are capped at a 2.5% property tax revenue increase.

#txlege https://t.co/HFOdzPFERs",2019-12-17 01:33:28,en
1151,90651198,GregAbbott_TX,Greg Abbott,"Tired of waiting in line to get your driver license?

You can book an appointment as much as 6 months in advance and avoid the wait. 

If you don't want an appointment, DPS is working to reduce wait times. 

#txlege https://t.co/EWPkgcqLfy",2019-12-16 22:19:15,en
1152,90651198,GregAbbott_TX,Greg Abbott,"Today we celebrate the Bill of Rights. 

They GUARANTEE your freedoms are safeguarded from government. 

We must be forever vigilant to preserve this rights.

To learn how I’ve done this check out my book, Broken But Unbowed. https://t.co/FhU68fbsX4",2019-12-16 00:57:25,en
1153,90651198,GregAbbott_TX,Greg Abbott,"Texas supports our military and their families. 

A new law will allow military spouses moving to Texas to continue to use their out-of-state occupational licenses. https://t.co/6zlAPv7nJM",2019-12-15 22:07:54,en
1154,90651198,GregAbbott_TX,Greg Abbott,"The Dallas area is helping propel the powerful Texas economy.

Texas added about 300,000 new jobs in past year.
About 1/3 of those were in the Dallas area.

The Texas unemployment rate is at a record low of 3.4 % with DFW’s rate even lower at 3.1 %.

https://t.co/hvQqt4wAtf",2019-12-15 20:19:46,en
1155,90651198,GregAbbott_TX,Greg Abbott,"700,000 people fled California last year.

SEVEN  HUNDRED  THOUSAND.
In one year.

Almost 90,000 of them came to Texas.

A good majority of them voted Republican.

You'll be in good company here.

Also, like you, my brother served in the @Navy.
Stationed right there in Corpus. https://t.co/jQKTUlFGpE",2019-12-15 05:22:51,en
1156,90651198,GregAbbott_TX,Greg Abbott,"Congratulations to my High School—Duncanville—on returning to the State Championship. 

#txhsfb championship. https://t.co/oYUcDWJOHl",2019-12-15 02:13:34,en
1157,90651198,GregAbbott_TX,Greg Abbott,"Great to have you here. 

I was once a College Republican. 

Maybe one of you will someday be Governor. https://t.co/TIzyWzi8Fs",2019-12-15 01:33:01,en
1158,90651198,GregAbbott_TX,Greg Abbott,"Lighten up dude.

It’s a line ripped off of the Pace Picante Get A Rope Commercial https://t.co/VZvIGFYCf1 via @YouTube.

Put a smile on your face. 
Go to @Whataburger &amp; order a double with cheese &amp; jalapeños.

Be sure to choose the spicy ketchup!
Tell them @drpepper sent you. https://t.co/EBnh9ZvmcZ",2019-12-14 22:28:11,en
1159,90651198,GregAbbott_TX,Greg Abbott,Get a rope. https://t.co/wlEl1icZ8c,2019-12-14 22:00:59,en
1160,90651198,GregAbbott_TX,Greg Abbott,"⁦@ArmyVsNavy⁩ 

The winner is the United States of America. 

Thanks to all who serve. https://t.co/8pftIEnYup",2019-12-14 20:15:42,en
1161,90651198,GregAbbott_TX,Greg Abbott,RT @johnnyk20001: @ToddJeffries @austintexasgov @GregCasar @chrisharris101 @MayorAdler @MayorAdler was the mastermind behind a propaganda c…,2019-12-14 18:51:06,en
1162,90651198,GregAbbott_TX,Greg Abbott,"This is an excellent course correction.

There should be no bail for Cop killers. 
Period.

I’ll propose this law next session.

#BackTheBlue #txlege

https://t.co/xpz8UD50S9 via @houstonchron",2019-12-14 01:06:23,en
1163,90651198,GregAbbott_TX,Greg Abbott,"Today I met with Consul General @p_marentes to discuss the USMCA trade deal. 

This will be great for jobs in Texas. 

Thanks to @realDonaldTrump for getting the USMCA deal done. https://t.co/yl3M4ipmMi",2019-12-13 21:51:23,en
1164,90651198,GregAbbott_TX,Greg Abbott,"Happy Birthday @USNationalGuard. Thank you keeping us safe and assisting in times of need. 

We appreciate your continued service to our country. #Guard383 https://t.co/CJLq1lLVRR",2019-12-13 18:42:03,en
1165,90651198,GregAbbott_TX,Greg Abbott,"The bail reform I pushed last session would prevent cop killers like this from getting out.

Liberals prevented it from passing. 

I’ll continue to advance laws that protect law enforcement &amp; keep dangerous killers off the street. 

#BackTheBlue https://t.co/wM8XDs1HCA",2019-12-13 16:06:50,en
1166,90651198,GregAbbott_TX,Greg Abbott,"Texas continues to be the most exceptional state in the nation... 

&amp; that’s how we roll. https://t.co/19TO3ztOfh",2019-12-13 02:55:08,en
1167,90651198,GregAbbott_TX,Greg Abbott,"Today at the @DRC ‘s State of the State Luncheon we discussed the significant economic growth achieved throughout the Dallas region. 

Our economy is booming, keeping Texas the best place to live. #txlege #DRCSOTS19 https://t.co/AE3CpRzXmx",2019-12-12 23:40:06,en
1168,90651198,GregAbbott_TX,Greg Abbott,"Twice as many Texas Republican WOMEN are running for Congress in 2020.

Most are women of color.

All promote our core conservative values.

@TexasGOP #txlege

https://t.co/oBa5Z4GNFf",2019-12-11 19:47:47,en
1169,90651198,GregAbbott_TX,Greg Abbott,@NormaDenham Thanks for your organizational excellence.,2019-12-11 18:42:33,en
1170,90651198,GregAbbott_TX,Greg Abbott,"Texas Tech commands the stage!

Congrats Texas Tech Men's Basketball beating a #1 team for the first time.

It won't be the last!

#WreckEm @TexasTechMBB @TexasTech https://t.co/WNlXIsi41c",2019-12-11 04:44:24,en
1171,90651198,GregAbbott_TX,Greg Abbott,"Happy Birthday number 5 to the First Dog of Texas. 

@TexasPancake
#DogsofTwitter https://t.co/WmIyjtrDM9",2019-12-11 03:15:31,en
1172,90651198,GregAbbott_TX,Greg Abbott,"Here in Lockhart, the BBQ capital of TX, for a grassroots roundtable with leaders of Caldwell County.

And there is nothing better than some tremendous TX BBQ. 

@KreuzMarket https://t.co/F9Xo6IYnbr",2019-12-11 00:43:14,en
1173,90651198,GregAbbott_TX,Greg Abbott,"U.S. wind capacity hits 100 gigawatts; Texas is the #1 wind state.

If Texas were a country, it would rank #5 in the WORLD for wind power. #txlege 
https://t.co/Xm4ZvNeNNj",2019-12-10 17:02:52,en
1174,90651198,GregAbbott_TX,Greg Abbott,"Wait for it. 
WAIT FOR IT!!!

⁦@TexasPancake⁩ brings you Feliz Navidad. 

#DogsofTwittter 
#dogsofinstagram https://t.co/gWu5hpgZ8b",2019-12-10 02:34:21,en
1175,90651198,GregAbbott_TX,Greg Abbott,"U.S. Hiring Strengthened in November, Fueling Economic Expansion.

Employers added 266,000 jobs, unemployment rate drops to 50-year low of 3.5%.

The Texas economy is even stronger!

Our unemployment rate is lower &amp; we are powering America’s job growth.  https://t.co/HAih7yAE9D",2019-12-09 21:59:36,en
1176,90651198,GregAbbott_TX,Greg Abbott,"The State of Texas is working to eradicate human trafficking. 

I signed more than 20 laws to crack down on human trafficking &amp; help the victims of this crime. 

#EndHumanTrafficking  https://t.co/7NTOvQf4UI",2019-12-09 20:54:38,en
1177,90651198,GregAbbott_TX,Greg Abbott,"The Capitol Christmas Tree was officially lit last night.

Merry Texas Christmas. https://t.co/FrVZ9cNqt7",2019-12-09 03:55:49,en
1178,90651198,GregAbbott_TX,Greg Abbott,"A record number of children were adopted from Texas foster care this past year.

A record was also set for foster care adoptions by relatives.

Improvements at @TexasDFPS are yielding impressive results.

Thanks to all families who adopt these children.

https://t.co/NvIA6hSd94",2019-12-09 01:06:06,en
1179,90651198,GregAbbott_TX,Greg Abbott,"With God, all things are possible. 

Matthew 19:28 https://t.co/L0gPBXCENb",2019-12-08 18:14:55,en
1180,90651198,GregAbbott_TX,Greg Abbott,"Our hearts are heavy tonight as a Houston Police Officer was killed in the line of duty.

Send prayers to lift up the family of this slain officer.

Tonight &amp; Every Night we Back The Blue in Houston &amp; across Texas.

#BackTheBlue 
@HoustonPolice  https://t.co/vqQiQEqDX7",2019-12-08 03:27:22,en
1181,90651198,GregAbbott_TX,Greg Abbott,"My dog Peaches. 

And cookies that look like Peaches. https://t.co/M7ijGU428H",2019-12-08 02:22:05,en
1182,90651198,GregAbbott_TX,Greg Abbott,Socialism always fails. https://t.co/1dzN7niSGz,2019-12-07 19:59:51,en
1183,90651198,GregAbbott_TX,Greg Abbott,"78 years ago America was attacked at Pearl Harbor.

We will never forget the lives lost that day.

We remember that America is perpetually defined by how we respond to challenges.

That attack spurred America to win WWII &amp; restore peace in the world.

#PearlHarbor78 https://t.co/etblZESiwI",2019-12-07 17:41:15,en
1184,90651198,GregAbbott_TX,Greg Abbott,"The Governor’s Mansion is ready for the Holidays... 

And @texaspancake has been the best helper. https://t.co/See9KMdQy1",2019-12-06 02:05:45,en
1185,90651198,GregAbbott_TX,Greg Abbott,⁦@TexasPancake⁩ is now a special guest at political events. https://t.co/NJ30Zowav6,2019-12-05 16:15:56,en
1186,90651198,GregAbbott_TX,Greg Abbott,"Great to be with @sehlinger3 and Blake for the Rev Energy Gum launch party tonight.

Proud of these young Longhorn entrepreneurs. https://t.co/iK6cOgYxFu",2019-12-05 04:29:12,en
1187,90651198,GregAbbott_TX,Greg Abbott,"GREAT NEWS!

More foster care children are finding homes. 

Thanks to all the families who have adopted these fabulous kids. https://t.co/ZTsrYLqCXk",2019-12-05 02:39:06,en
1188,90651198,GregAbbott_TX,Greg Abbott,The Zodiac Killer strikes again. https://t.co/g5HLtk2Mam,2019-12-04 19:08:25,en
1189,90651198,GregAbbott_TX,Greg Abbott,"Texas First Lady recognized Brownsville students for participating in a Youth in Philanthropy class.

These students are learning at a young age the importance and the strategies to give back to their communities.

They truly are making Texas better. https://t.co/oCt5ihMack",2019-12-04 18:47:49,en
1190,90651198,GregAbbott_TX,Greg Abbott,"Congress is running out of time to actually pass legislation this year.

They must act quickly and pass the USMCA trade agreement this month.

Texas families and employers are counting on this.  https://t.co/HGNyh7RYPt",2019-12-04 17:11:52,en
1191,90651198,GregAbbott_TX,Greg Abbott,"Oh, I know the Constitution on this. 

I argued the case to the U. S. Supreme Court to defend the Ten Commandments Monument on the Texas Capitol Grounds.

We won!

The Ten Commandments remain on our Capitol Grounds today! https://t.co/HpigpWCZSE",2019-12-04 01:41:16,en
1192,90651198,GregAbbott_TX,Greg Abbott,"Terribly disappointing. 

Army says faith-based group can no longer put Bible verses on dog tags. 

In God We Trust is our National Slogan. 

Our original Commander in Chief — George Washington — invoked God — as have his successors.  https://t.co/DQZQu5Z4Q0",2019-12-03 23:37:29,en
1193,90651198,GregAbbott_TX,Greg Abbott,"The 2020 Dem plans could eliminate up to 400K jobs.

I call this the anti-Texas plan. Their plans lead to tax increases and job decreases.

Since 2013, Texas has added more than 1 million new jobs by reining in government and eliminating taxes.

https://t.co/N10vtgIS4Q",2019-12-03 20:56:29,en
1194,90651198,GregAbbott_TX,Greg Abbott,"The US is now a net exporter of oil. 

Texas is a big reason why America will be free from the dictates of OPEC. 

#EnergyIndependence 

#txlege  https://t.co/Nc02mnVbou",2019-12-03 01:05:18,en
1195,90651198,GregAbbott_TX,Greg Abbott,"Not many teams can run plays like this.

Congrats to the @HoustonTexans on a great win over the @Patriots.

#NEvsHOU #Texans https://t.co/IAzbwGUxkI",2019-12-02 04:39:27,en
1196,90651198,GregAbbott_TX,Greg Abbott,"NOT
GONNA
HAPPEN https://t.co/zJ5zfdZhdm",2019-12-02 03:17:56,en
1197,90651198,GregAbbott_TX,Greg Abbott,"Texas employees are taking home more money. 

As one example, per capita income in metro Tyler, Texas increased 9.3%. 

That’s the 4th highest in America. 

Two other Texas cities were in the top 5 in the country. 

#txlege  https://t.co/QWMONnbZhO",2019-12-01 21:45:18,en
1198,90651198,GregAbbott_TX,Greg Abbott,"This is exactly what Texas did this year. 

I signed a law protecting free speech on college campuses. 

Conservative speech was under attack on college campuses. 

Now that’s against the law in Texas. https://t.co/uxnm7kBPXX",2019-12-01 20:27:05,en
1199,90651198,GregAbbott_TX,Greg Abbott,"What in the heck is Biden talking about. 

This is truly embarrassing and Biden is oblivious to it. https://t.co/F6s28NXysg",2019-12-01 09:18:03,en
1200,90651198,GregAbbott_TX,Greg Abbott,"LET’S GO AGGIES. 

Beat LSU. 

⁦@AggieFootball⁩ 
⁦@TAMU⁩ 
#Aggies https://t.co/MbuD2lOBxz",2019-12-01 00:31:51,en
1201,90651198,GregAbbott_TX,Greg Abbott,"So. A terrorist was in jail for committing terrorism. 

He was let out of jail. 

He committed terrorism again. 

That is governmental malpractice. 

Keep terrorists behind bars. Period. https://t.co/MFDbxuJH1O",2019-11-30 17:18:41,en
1202,90651198,GregAbbott_TX,Greg Abbott,"Exactly the thought of Pancake. 
@TexasPancake https://t.co/vpdyboHWqr",2019-11-29 01:58:18,en
1203,90651198,GregAbbott_TX,Greg Abbott,"It’s Turkey time at the Governor’s Mansion. 

We are so thankful to serve the people of the greatest state in America.  

#Happythanksgiving2019 &amp; God Bless Texas. https://t.co/VFLRig7teL",2019-11-29 00:35:57,en
1204,90651198,GregAbbott_TX,Greg Abbott,This is excellent. https://t.co/qZGT3Wz7ja,2019-11-28 19:15:54,en
1205,90651198,GregAbbott_TX,Greg Abbott,A special #Thanksgiving treat to have Texas’s very own @txst Strutters leading the @Macys Thanksgiving Parade😽 https://t.co/e1wPHjbbv0,2019-11-28 19:10:27,en
1206,90651198,GregAbbott_TX,Greg Abbott,"Happy Thanksgiving.

Today we continue our tradition of delivering Meals on Wheels to the home bound on Thanksgiving.

We deliver more than a meal.
We also deliver compassion &amp; conversation.

We thank God for the blessing of living in the greatest state &amp; country in the world. https://t.co/kp9eSDJ0qA",2019-11-28 17:03:20,en
1207,90651198,GregAbbott_TX,Greg Abbott,"My staff &amp; I are working with Jefferson Co. Judge Jeff Branick &amp; local officials to ensure they have all resources needed to respond to this.

The @TCEQ, @TDEM and @TxDPS are providing help.

#txlege

https://t.co/mBjn5pHcZo",2019-11-27 22:34:30,en
1208,90651198,GregAbbott_TX,Greg Abbott,"Congratulations to Stephen F. Austin Men’s Basketball on beating Duke on their home court. 

⁦@SFA_MBB⁩ 
⁦@SFA_Athletics⁩ 
#Lumberjacks https://t.co/jG6wSLXnrb",2019-11-27 04:41:17,en
1209,90651198,GregAbbott_TX,Greg Abbott,"ATX Helps is helping the homeless toward greater dignity.

They can help more with your help. 

Pitch in this Thanksgiving with a donation to https://t.co/qjxc2iO325.

You’ll help provide immediate shelter &amp; support for those in need.

Happy Thanksgiving
@atxhelps @AustinChamber https://t.co/7JwKo55Vtx",2019-11-27 00:03:12,en
1210,90651198,GregAbbott_TX,Greg Abbott,"Huge news: Charles Schwab is moving its headquarters to Texas.

The Dallas-Fort Worth area in particular is becoming a financial sector behemoth.

Texas, in particular, is a jobs juggernaut.

#txlege @CharlesSchwab

https://t.co/V42pPDChSA",2019-11-26 04:38:01,en
1211,90651198,GregAbbott_TX,Greg Abbott,Just another day at the Texas State Capitol... https://t.co/kphjfeyODK,2019-11-26 03:24:01,en
1212,90651198,GregAbbott_TX,Greg Abbott,"Look at this good boy being honored today. 

Great work by our special forces. 

God bless the U.S. military men and women who continue to keep us safe. https://t.co/9FesPeIFPJ",2019-11-25 23:03:48,en
1213,90651198,GregAbbott_TX,Greg Abbott,"Contrary to what most Texans think, newcomers from out of state are more conservative than liberal.

Ted Cruz got 57% of the vote of people who moved to TX from another state.

That matches a poll by my campaign &amp; one from 2013.

They flee liberal gov’t.  https://t.co/yPm2XPvFqF",2019-11-25 17:21:45,en
1214,90651198,GregAbbott_TX,Greg Abbott,"The fastest growing city in America is...
...Conroe, Texas. 

11 of the top 25 are in Texas.

Our secret is out. 
NOW, let's ensure we KEEP Texas the land of opportunity.

https://t.co/wVC2u1SnB4 via @ABC13Houston",2019-11-25 04:39:00,en
1215,90651198,GregAbbott_TX,Greg Abbott,"THE purpose of life is to build a relationship with God.

Just like in any relationship, both good &amp; bad things happen in our lives. The thing about a relationship with God is that bad events bring us closer to God.

God’s limitless love helps us rise above life’s challenges. https://t.co/9i2ijxJ3Ln",2019-11-25 02:48:01,en
1216,90651198,GregAbbott_TX,Greg Abbott,"God didn’t cause the accident that left me paralyzed, but He did help me persevere over that enormous challenge.

I’m a testament that the glory of God is revealed by a young man’s back being broken in half and still rising up to be Governor of Texas.

With God all is possible. https://t.co/HIstfddxuk",2019-11-24 20:06:19,en
1217,90651198,GregAbbott_TX,Greg Abbott,"We are launching a statewide campaign against human trafficking.

We aim to crack down on human traffickers while protecting the victims of this evil crime.

This year I signed more than 20 laws to tackle #HumanTrafficking in Texas.

#EndHumanTrafficking https://t.co/clVQWOImWA",2019-11-24 17:42:15,en
1218,90651198,GregAbbott_TX,Greg Abbott,"Thanks for your service. 

I love the #RGV. https://t.co/XhavKEouha",2019-11-24 02:25:45,en
1219,90651198,GregAbbott_TX,Greg Abbott,"Government shouldn’t get in the way of your ability to make a living. 

So, I directed all state agencies to roll back burdensome &amp; costly regulations which may hurt both workers and consumers. 

#txlege 

 https://t.co/kjqGqce222",2019-11-23 18:01:15,en
1220,90651198,GregAbbott_TX,Greg Abbott,"That’s what I thought before I ended up in a wheelchair. 

I’ve done more AFTER the accident that left me paralyzed than before that accident. 

With God all things are possible. https://t.co/dMM0y6R13P",2019-11-23 07:10:59,en
1221,90651198,GregAbbott_TX,Greg Abbott,"Never quit 
Never give up
Overcome any challenge https://t.co/iVuAW0SY7a",2019-11-23 01:25:02,en
1222,90651198,GregAbbott_TX,Greg Abbott,"Great to meet with the Acting Secretary of Homeland Security @DHS_Wolf today in Austin. 

Appreciate all that @DHSgov is doing to protect our citizens. https://t.co/63sIwYz2Tv",2019-11-22 22:44:22,en
1223,90651198,GregAbbott_TX,Greg Abbott,"It’s wonderful to see our high school students supporting law enforcement. 

Such promise for our future. 

Maybe a future Governor in there. 

#BackTheBlue https://t.co/6GTVy5IOuZ",2019-11-22 06:01:45,en
1224,90651198,GregAbbott_TX,Greg Abbott,"Honored to have the opportunity to serve as Chairman of @The_RGA during this crucial election year.

With governor’s races in 11 states in 2020, we’re focused on defending our incumbents &amp; competing to flip governorships from blue to red. https://t.co/g6TJdigs7T",2019-11-22 01:05:02,en
1225,90651198,GregAbbott_TX,Greg Abbott,"Keep the families of these soldiers in your prayers.

They are patriots who died in service to our country. 

America remains the greatest country in the history of the world because of those who have worn the uniform of the U.S. military. 🇺🇸

https://t.co/LuhgfGxJr0",2019-11-21 18:54:15,en
1226,90651198,GregAbbott_TX,Greg Abbott,"Republican Governors get results. 

Their constituents get jobs. 

#txlege https://t.co/PTaG2Sesl2",2019-11-21 05:32:21,en
1227,90651198,GregAbbott_TX,Greg Abbott,"When you hear political candidates promising grand programs for free,
remember this sage advice:

“A government big enough to give you everything you want, is a government big enough to take away everything that you have.""",2019-11-21 03:07:47,en
1228,90651198,GregAbbott_TX,Greg Abbott,"Today I explained how Texas leads America in oil &amp; gas + wind energy production. 

We ship clean burning LNG to other countries to reduce their energy cost &amp; clean their air. 

We’ve done all this while reducing pollution equal to removing 80 million vehicles from TX roads. https://t.co/9fFHM8FCIy",2019-11-21 02:32:51,en
1229,90651198,GregAbbott_TX,Greg Abbott,We Texans always remember our early connection with Tennessee. @GovBillLee https://t.co/lS3dBQcoej,2019-11-19 23:51:12,en
1230,90651198,GregAbbott_TX,Greg Abbott,"""Abbott's stance on homelessness found wide support""

We improved safety &amp; cleanliness on Austin streets--while also providing the homeless a safer and cleaner place to camp while Austin prepares for long-term solutions.

#txlege
 
https://t.co/1Q9MHA5t0s",2019-11-19 18:12:39,en
1231,90651198,GregAbbott_TX,Greg Abbott,"The Texas economy remains red hot.

Historic record low unemployment rate continues in October.

Texas added &gt; 30,000 jobs last month &amp; almost 300,000 over the past year.

BIG THANKS to our employers—and to the best work force in America. 

#txlege  https://t.co/WPU8iMvY4r",2019-11-19 02:55:52,en
1232,90651198,GregAbbott_TX,Greg Abbott,"I'm headed to Bill Miller's tonight.

https://t.co/2u2VrquGjn",2019-11-19 00:13:13,en
1233,90651198,GregAbbott_TX,Greg Abbott,"No limits. 

Woman in Wheelchair Wants to Compete in Miss USA.  https://t.co/4MpjbZ80v6",2019-11-18 23:33:21,en
1234,90651198,GregAbbott_TX,Greg Abbott,This hardworking turkey will be spared on Thanksgiving. https://t.co/ATyKnMHhKS,2019-11-18 02:40:16,en
1235,90651198,GregAbbott_TX,Greg Abbott,"Liberals want more gun laws but don't enforce laws that already exist.

This shows liberal Houston Judges drop too many criminal charges including felon in possession of  weapon &amp; unlawfully carrying a handgun.

We must get guns out of criminals' hands.

https://t.co/7rZ3haz8bq",2019-11-18 00:25:19,en
1236,90651198,GregAbbott_TX,Greg Abbott,"Texas is America's #1 state for launching a startup business.

Factors include:
  Growth of new business applications
  Rate of new entrepreneurs
  Corporate tax rate
  Share of population with college education
  Labor cost
  Cost of living index

#txlege
https://t.co/xdmZs1FkcP",2019-11-17 23:06:14,en
1237,90651198,GregAbbott_TX,Greg Abbott,Congratulations to ⁦@JohnCornyn⁩ and his wife Sandy on celebrating their 40th wedding anniversary. https://t.co/77lGXWvHD1,2019-11-17 20:11:33,en
1238,90651198,GregAbbott_TX,Greg Abbott,"Some question @kanyewest motives as he speaks of Jesus &amp; performs in jails.

If he moves just one person closer to God the world will be a more peaceful place. 

The Lord works in mysterious ways. 

As Jesus said: You don’t understand what I’m doing now but someday you will. https://t.co/vt0KT3xhMY https://t.co/6TNqO8ofIJ",2019-11-17 17:44:47,en
1239,90651198,GregAbbott_TX,Greg Abbott,"Proud to welcome the Oklahoma Governor back into the great state of Texas. 

Here’s to hoping that the Texas team will prevail this time. 

Fingers crossed. 

#SicEm @BUFootball @Baylor https://t.co/anvUW1c86h",2019-11-17 02:08:15,en
1240,90651198,GregAbbott_TX,Greg Abbott,"What @kanyewest does to inspire the incarcerated is transformative. 

Saving one soul at a time. 

Inmates who turn to God may get released earlier b/c of good behavior &amp; may be less likely to commit future crimes. 

It would be great if other artists followed Kanye’s lead. https://t.co/kK3cTk8dtp",2019-11-16 17:52:16,en
1241,90651198,GregAbbott_TX,Greg Abbott,"Tonight we are hosting the Nolan Ryan Foundation at the Governor’s Mansion. 

Great man. 

Great cause. https://t.co/qLPQHoGAuZ",2019-11-16 01:57:48,en
1242,90651198,GregAbbott_TX,Greg Abbott,For those sending messages about Rodney Reed please note that the Texas Court of Criminal Appeals halted Rodney Reed's execution and sent his case back to the trial court for further review.  https://t.co/RCrpqQJSyN,2019-11-15 23:44:32,en
1243,90651198,GregAbbott_TX,Greg Abbott,"Good news for North Texas tornado victims.

The U.S. Small Business Association is offering federal disaster loans to North Texas tornado victims.

#txlege

https://t.co/MXswveFb8z",2019-11-15 02:48:02,en
1244,90651198,GregAbbott_TX,Greg Abbott,@Audrey3380 Exactly,2019-11-15 01:26:34,en
1245,90651198,GregAbbott_TX,Greg Abbott,"Today I met with leaders in Ballinger,
Texas at the Main Street Soda Fountain.

Folks say this is the first ever event by a Governor is this rural town in Runnels County.

Truly a terrific town with wonderful people.

Also met local staff for TX Health &amp; Human Services.

#txlege https://t.co/K5E6Gggcw7",2019-11-14 21:40:21,en
1246,90651198,GregAbbott_TX,Greg Abbott,"Happy birthday to my wife, the fabulous First Lady of Texas. https://t.co/q8oEGmO2VO",2019-11-13 15:50:04,en
1247,90651198,GregAbbott_TX,Greg Abbott,"Today, @WalmartOrg invested $5.4 million in the TX workforce.

Thank you Walmart for your generosity &amp; partnership with @TXWorkforce &amp; @WFSDallas to provide top-notch training to Texans. 

Working together, we will continue to expand economic prosperity! https://t.co/EoxSOT19Mg",2019-11-13 01:14:54,en
1248,90651198,GregAbbott_TX,Greg Abbott,"My wonderful wife is providing a helping hand to the homeless during this cold weather.

It’s a far better environment than living under bridges with no access to toilets, sanitation &amp; food. 

This temporary facility will transition to the longer term facility by ATX Helps. https://t.co/hFeLFRMFWl",2019-11-12 19:52:46,en
1249,90651198,GregAbbott_TX,Greg Abbott,"Today in Fredericksburg we honored our Veterans &amp; I met these Vets from WWII. 

Then I visited with these young wounded warriors—some who continue to serve. 

America is free because we have the mightiest military in the history of the world.  

#VetransDay2019 #Veterans https://t.co/iVE40Ny5t3",2019-11-11 23:39:09,en
1250,90651198,GregAbbott_TX,Greg Abbott,"Happy #VeteransDay to my brother— and to all the men and women who have worn the uniform of the greatest military in the history of the world. 

Thank you for keeping America free. https://t.co/zQz3swe183",2019-11-11 15:21:15,en
1251,90651198,GregAbbott_TX,Greg Abbott,"New billboards are part of a campaign to increase awareness about human trafficking. 

I signed more than 20 laws that crack down on human traffickers &amp; support the victims. 

Together, we can defeat this heinous crime. 

#txlege  https://t.co/THso8Xkd2M",2019-11-10 22:51:11,en
1252,90651198,GregAbbott_TX,Greg Abbott,"Great to be with two outstanding law enforcement officers tonight. 

Thanks for your service. 

#BackTheBlue https://t.co/MU00UShYGm",2019-11-10 03:47:31,en
1253,90651198,GregAbbott_TX,Greg Abbott,"This is the pre-game confidence of a player who knows he’ll make a game winning kick. 

⁦@DickertheKicker⁩ 
#HookEm  https://t.co/oWQomjJR5H",2019-11-10 00:00:56,en
1254,90651198,GregAbbott_TX,Greg Abbott,"This story explains how Eric Holder, Barack Obama, George Soros &amp; others spent $50 million to win Virginia legislative seats to control the redistricting process. 

Now they target a Texas takeover. 

We’ll remind Eric Holder not to mess with Texas. 

  https://t.co/bl9fWe3NPg",2019-11-09 17:30:34,en
1255,90651198,GregAbbott_TX,Greg Abbott,Credit to ⁦@TexasHumor⁩ https://t.co/QT4QcMQy9s,2019-11-09 07:01:20,en
1256,90651198,GregAbbott_TX,Greg Abbott,"Conduct like this won't be tolerated in Texas classrooms.

The substitute teacher who committed this heinous act has been arrested &amp; will face serious legal consequences.

The school district will be investigated by the Texas Education Agency.

#txlege

https://t.co/S4usuZG6Zl",2019-11-09 04:32:23,en
1257,90651198,GregAbbott_TX,Greg Abbott,"Oldest living couple in the world is a husband and wife in Texas.  

Their combined age is 211. 

Everything’s bigger in Texas.  https://t.co/6B3MfQoVwj",2019-11-08 23:16:43,en
1258,90651198,GregAbbott_TX,Greg Abbott,"The Texas economy is ranked #1 in America.

We have the fastest growing GDP in the country. 

Thanks to our innovative entrepreneurs and the best workforce in the USA. 

Let’s KEEP Texas the most exceptional state in the greatest country in the history of the world. https://t.co/pSaA5fqgHq",2019-11-07 17:56:35,en
1259,90651198,GregAbbott_TX,Greg Abbott,"Texas gets it done.

Here are before &amp; after photos of areas the Texas. Dept. of Transportation is cleaning up.

Also Texas is providing the homeless with acres of area to camp + portable potties, hand sanitation &amp; food all in one place for health workers to treat them.

#txlege https://t.co/IcXxsnQ9tf",2019-11-07 02:07:07,en
1260,90651198,GregAbbott_TX,Greg Abbott,"Great news for Veterans looking for jobs.

The Texas Workforce Commission is hosting a Statewide Hiring Red, White &amp; You job fair on November 7.

This gives employers the opportunity to hire our trained &amp; skilled veterans.

Hire a Veteran.

#Veterans

https://t.co/5C8TbkFgLP",2019-11-07 00:07:03,en
1261,90651198,GregAbbott_TX,Greg Abbott,"Texas Voters Approve Constitutional Amendment Banning State Income Tax.

THANK YOU TEXANS!!!!

Future generations of Texans will thank you too.

Keep Government out of your pocketbook.

#txlege

https://t.co/eF0nnQDadF @kfyo",2019-11-06 04:27:30,en
1262,90651198,GregAbbott_TX,Greg Abbott,"How ‘Bout Them Cowboys. 

@dallascowboys https://t.co/6HtjSnFbzS",2019-11-05 04:37:52,en
1263,90651198,GregAbbott_TX,Greg Abbott,"Jobs, jobs, &amp; more jobs! 

Today we broke ground on a brand new Aisin manufacturing plant in Cibolo. This plant is creating 900 new jobs for this region.

Partnerships like this help Texas expand economic prosperity across the entire state. https://t.co/sqkLHYyOQ2",2019-11-05 03:18:30,en
1264,90651198,GregAbbott_TX,Greg Abbott,"Join me to keep Texas a no income tax state. 

On Tuesday, November 5th, vote FOR Prop. 4 to prevent an income tax in Texas. 

Keep Texas, Texas. 

⁦⁦⁦@VoteFORProp4⁩ 

#txlege https://t.co/339n8ZU5ev",2019-11-05 01:02:54,en
1265,90651198,GregAbbott_TX,Greg Abbott,"Today the Texas Dept. of Transportation began cleaning under bridges in Austin.  

It’s a slow process and won’t be completed in one day, but steady progress is being made. 

Our goal is to make Austin safer while also providing better alternatives for the homeless. 

#txlege https://t.co/m6hcYjnnBA",2019-11-04 19:51:40,en
1266,90651198,GregAbbott_TX,Greg Abbott,"Texas Maintains Record Low Unemployment Rate of 3.4 Percent for Fourth Consecutive Month.

Texas employers added 300,000 jobs over the year.

“Texas continues to be a national leader in job creation and the premier place to do business.”

#txlege

https://t.co/jC0dEMfOEe",2019-11-04 15:55:51,en
1267,90651198,GregAbbott_TX,Greg Abbott,"Economic prosperity is spreading to every region of Texas.

That includes this new Sterling Lumber manufacturing facility in Lufkin.

Sterling said: It’s a connection of cutting edge technology with the great resources of East Texas - People and Timber. https://t.co/Av2Y0AsD8X",2019-11-04 03:54:40,en
1268,90651198,GregAbbott_TX,Greg Abbott,"@MarkDavis Mark Davis, the master marketer!",2019-11-03 22:16:09,en
1269,90651198,GregAbbott_TX,Greg Abbott,"Do your part to keep Texas a no income tax state.

THIS Tuesday, November 5th, Vote YES on Proposition 4.

Yes to Prop 4 means NO to state income tax.

If Prop. 4 passes it will 2/3 of Legislators to put an income tax on the ballot.

Keep Texas, Texas.

https://t.co/b1NRk9wiPF",2019-11-03 22:06:58,en
1270,90651198,GregAbbott_TX,Greg Abbott,"San Francisco chose to tolerate homelessness &amp; drug use.

It did so in the name of com­pas­sion for the home­less.

It made the problems worse.

The re­sult: Street squalor &amp; mis­ery in­creased, while gov­ern­went ex­pen­di­tures ballooned.

No SF in TX. https://t.co/jcq6BMSewi",2019-11-03 17:23:37,en
1271,90651198,GregAbbott_TX,Greg Abbott,"My team &amp; I are very familiar with Mobile Loaves &amp; Fishes.

We're working with them as we craft ways to help the homeless.

My family has made meals for @mobileloaves &amp; delivered them. 

(That sound you hear is my critics cringing. They thought I was heartless.😉🤣) https://t.co/V4cuZynmPd",2019-11-03 03:10:24,en
1272,90651198,GregAbbott_TX,Greg Abbott,"“A homeless man living under a downtown highway overpass was found dead in a tent on Thursday police said”

Austin’s homeless policy is unsafe for both the homeless &amp; non-homeless

The status quo isn’t working

The State will start changing this next week https://t.co/9qsx654dZd",2019-11-02 20:05:50,en
1273,90651198,GregAbbott_TX,Greg Abbott,"Yesterday I joined Dallas Mayor @Johnson4Dallas, State Representative @MorganMeyerTX, Dallas Co. Judge @JudgeClayJ, &amp; Emergency Management Chief @chiefkidd to survey the damage caused by the tornadoes in Dallas. 

We are working together to speed the recovery process. 

#txlege https://t.co/H6mRua4w5p",2019-11-02 16:19:52,en
1274,90651198,GregAbbott_TX,Greg Abbott,"Already done it...

“Texas Governor Greg Abbott signs law banning sanctuary cities”

Report violations to the Texas Attorney General. 

https://t.co/4YzhDnJ9bh https://t.co/917pe2Af6T",2019-11-02 02:14:07,en
1275,90651198,GregAbbott_TX,Greg Abbott,"""Austin’s homeless problem is out of control, and Gov. Abbott is right to act""

""local governments appear to have all but given up on any policy beyond enabling people to live in the meanest conditions possible.""

That ""shouldn’t be policy in Texas."" 

https://t.co/ZdEXyiNZvf",2019-11-02 01:39:12,en
1276,90651198,GregAbbott_TX,Greg Abbott,"Today we broke ground on the new Uber Headquarters in Dallas.

Texas is proud of this innovative business and the 3,000 jobs it will provide.

Working together, we will keep the Texas economy the economic engine of America.

@uber @dkhos 
#txlege https://t.co/9DZhfY5A7j",2019-11-02 00:32:26,en
1277,90651198,GregAbbott_TX,Greg Abbott,"Today we celebrate the re-opening of @BP_America’s Westlake Campus in Houston. 

This re-opening symbolizes the resilience of the Houston community after Hurricane Harvey. 

Thank you BP for your continued partnership with the Lone Star State! https://t.co/yFRlHjUhvH",2019-11-01 00:04:01,en
1278,90651198,GregAbbott_TX,Greg Abbott,Well in case you didn’t catch this... https://t.co/phqBqLKmzt,2019-10-31 23:51:32,en
1279,90651198,GregAbbott_TX,Greg Abbott,"Every time you watch this chart you see the same 2 things:

Texas &gt; Venezuela
Capitalism &gt; Socialism https://t.co/XymTWnCXVU",2019-10-31 22:34:08,en
1280,90651198,GregAbbott_TX,Greg Abbott,"I hope you’re right that I’ll be playing golf next October. 

Fingers crossed. https://t.co/Pwdc1qswy2",2019-10-31 19:52:53,en
1281,90651198,GregAbbott_TX,Greg Abbott,#HookEm #HornsUpForSafety https://t.co/8rAySaNRO1,2019-10-31 19:44:06,und
1282,90651198,GregAbbott_TX,Greg Abbott,"Before &amp; after @TexasPancake reaches the candy bowl...

Happy Halloween! https://t.co/9SpaWxcGxl",2019-10-31 13:24:10,en
1283,90651198,GregAbbott_TX,Greg Abbott,"We love you @Astros. 

Thanks for the incredible season. 

You’ll be back again to take back the #WorldSeries. https://t.co/GtmPURwTjK",2019-10-31 04:08:05,en
1284,90651198,GregAbbott_TX,Greg Abbott,"Congratulations to Master Sgt. Matthew Williams on being awarded the Medal of Honor today for his acts of bravery overseas. 

From one Texan to another, thank you for your service. God bless. https://t.co/C0nsxMsG7Z",2019-10-31 00:59:16,en
1285,90651198,GregAbbott_TX,Greg Abbott,"Today is a day of action. 

We began posting notices that TxDOT will clean up homeless camps under highways in Austin starting Monday. 

Safety will improve soon. 

The homeless will be offered options for shelter, food,
clothing &amp; healthcare. 

#txlege  https://t.co/ZwBahNWvep",2019-10-29 20:20:33,en
1286,90651198,GregAbbott_TX,Greg Abbott,"Welcome to Texas, @VP! https://t.co/QnVA2xydYU",2019-10-29 18:38:22,en
1287,90651198,GregAbbott_TX,Greg Abbott,"Today I appointed Adriana Cruz as the new Executive Director of Economic Development and Tourism. 

She's a proven economic development leader who will keep Texas #1.

https://t.co/lCwtZsq1sR via @haysfreepress",2019-10-29 02:38:19,en
1288,90651198,GregAbbott_TX,Greg Abbott,"ME: We must ensure the safety of all Texans.

⁦@MayorAdler⁩: Fake News. Austin is safe. The Governor needs to leave Austin alone.

REALITY: A man identified as a transient threw a brick through a car window almost hitting a woman in downtown Austin. https://t.co/BpdB47OAlN",2019-10-29 01:19:11,en
1289,90651198,GregAbbott_TX,Greg Abbott,"Happy birthday to mi suegra, Lucy. 🎉 https://t.co/QxGyUiqh9B",2019-10-28 23:10:58,en
1290,90651198,GregAbbott_TX,Greg Abbott,"Fantastic work by our military and U.S. special forces, especially this K-9! 🇺🇸 https://t.co/G7R8HdZ4iW",2019-10-28 20:26:29,en
1291,90651198,GregAbbott_TX,Greg Abbott,"The 10 most popular Governors in America have one thing in common:

They are all Republican. 

Republicans deliver results. 

#txlege ⁦@TexasGOP⁩  https://t.co/I4ilxqipTB",2019-10-28 18:26:59,en
1292,90651198,GregAbbott_TX,Greg Abbott,"Met with @SecretaryCarson this morning to discuss the homeless issue here in Austin. 

We talked about best strategies to reduce homelessness that ensures both compassion and public safety. #txlege https://t.co/ODH7cfDyeq",2019-10-28 16:24:10,en
1293,90651198,GregAbbott_TX,Greg Abbott,"I can’t stop watching this video...

 https://t.co/3S96MzJxto",2019-10-28 05:22:36,en
1294,90651198,GregAbbott_TX,Greg Abbott,"WaPo can't even correctly write a correction.

The issue isn't how the headline was READ, it's how it was WRITTEN. WaPo should never have written--or even thought of it--the way it did.

Newspapers seem to be the only business whose motto is: The Customer Is Always Wrong. https://t.co/bAHQ4KApc5",2019-10-28 00:07:11,en
1295,90651198,GregAbbott_TX,Greg Abbott,"Austin @MayorAdler insists on “recent” evidence of dangers posed by his reckless homeless policy.

Let’s help him.

I’ll start with this showing used needles collected from homeless camps.

@MayorAdler suggested there’s no public health problem.

https://t.co/7mcS8BPgLE",2019-10-27 19:14:34,en
1296,90651198,GregAbbott_TX,Greg Abbott,"@MayorAdler insists on “recent” evidence of dangers posed by his reckless homeless policy.

Let’s help him.

I’ll start with this showing used needles collected from homeless camps.

@MayorAdler has been suggesting there’s no public health problem.

Fix this Austin! https://t.co/X95UXPzV8F",2019-10-27 19:10:24,en
1297,90651198,GregAbbott_TX,Greg Abbott,"@MayorAdler insists on “recent” evidence of dangers posed by his reckless homeless policy.

Let’s help him.

I’ll start with this showing used needles collected from homeless camps.

@MayorAdler has been suggesting there’s no public health problem.

Fix this Austin! https://t.co/X95UXPikh7",2019-10-27 19:04:55,en
1298,90651198,GregAbbott_TX,Greg Abbott,"Texas Rangers &amp; Texas Dept. of Public Safety are working aggressively with local &amp; federal officials to respond to the #TexasAMCommerce shooting.

Some misinformation will be clarified. 

In meantime they’ll identify the shooter &amp; help the victims.

 https://t.co/vM2E1to5ai",2019-10-27 17:57:46,en
1299,90651198,GregAbbott_TX,Greg Abbott,"This is huge. 

The most wanted terrorist in the world was taken out over night. 

Thanks to the President, the intel community, and our US Special Forces for making the world safer. 
🇺🇸 https://t.co/SSSdtGJCuj",2019-10-27 16:25:35,en
1300,90651198,GregAbbott_TX,Greg Abbott,Quite a game today in College Station. Congratulations @AggieFootball on the win against Mississippi State! #Whoop #GigEm 👍🏽 https://t.co/ye4PSfygLA,2019-10-26 21:59:29,en
1301,90651198,GregAbbott_TX,Greg Abbott,Here in Aggieland watching the @aggiefootball take on Mississippi State.📍 #GigEm #12thMan 👍🏽 https://t.co/zUhJRQ2Vdm,2019-10-26 16:07:11,en
1302,90651198,GregAbbott_TX,Greg Abbott,"Thanks for making my point.

That video was before you altered the homeless policy that made public safety WORSE.

You fool no one. Everyone knows the dangers downtown. 

Attacks have INCREASED since that video.

Stop ignoring the dangers &amp; keep people safe. 

#txlege https://t.co/AZMJ9ILoMc",2019-10-26 15:10:34,en
1303,90651198,GregAbbott_TX,Greg Abbott,"Austin's policy of lawlessness has allowed vicious acts like this.

Austin's inability to restore order will compel the State to act beginning November 1st if action is not taken to ensure public safety.

#txlege https://t.co/IBf5WwskTR",2019-10-26 03:13:44,en
1304,90651198,GregAbbott_TX,Greg Abbott,"Rep. Leach: Texans must vote to make a state income tax nearly impossible.

I agree 100%.

Do YOUR part to prevent an income tax in Texas.

Vote YES for Proposition 4.

It's on the ballot now.

@leachfortexas #txlege

https://t.co/YQdVGWJSg3",2019-10-25 04:00:39,en
1305,90651198,GregAbbott_TX,Greg Abbott,"There are many reasons TX is exceptional. One stands out: our economy.

Our state’s success wouldn’t be possible without a strong workforce.

That’s why we signed the TX Industry-Rec. Apprenticeship Prgm. to ensure our economy continues to outperform other COUNTRIES across the 🌎 https://t.co/5QRJf5zdTn",2019-10-25 00:32:48,en
1306,90651198,GregAbbott_TX,Greg Abbott,"FYI the matter of 7 year old James Younger is being looked into by the Texas Attorney General’s Office and the Texas Department of Family and Protective Services. 

#JamesYounger",2019-10-23 23:58:04,en
1307,90651198,GregAbbott_TX,Greg Abbott,"We were so proud to recognize this couple on celebrating their 82nd Wedding Anniversary.

CONGRATULATIONS!
https://t.co/Xkd122w6rJ",2019-10-23 04:08:46,en
1308,90651198,GregAbbott_TX,Greg Abbott,"Texas believes in empowering People not Government:

“How Greg Abbott's libertarian renaissance is benefiting the state of Texas” https://t.co/6m8JmP8Qqa",2019-10-23 01:54:01,en
1309,90651198,GregAbbott_TX,Greg Abbott,"Texas Maintains Record Low Unemployment Rate of 3.4 % for Fourth Consecutive Month.

Thanks to the many entrepreneurs &amp; innovators who are hiring the best workforce in America.

Texas will continue to create an environment that supports business.

#txlege
https://t.co/jC0dEMfOEe",2019-10-23 00:44:41,en
1310,90651198,GregAbbott_TX,Greg Abbott,"The future of the oil &amp; gas industry is on the line in 2020. That's why we need to work together to make sure we elect great Reps. who will continue to support our thriving industry right here in Texas.

Thank you @TXOGA for all of your hard-work &amp; happy 100th birthday! #txlege https://t.co/GXNBUP1QAo",2019-10-22 22:07:08,en
1311,90651198,GregAbbott_TX,Greg Abbott,"As we gather here today, in what is a perfect fall day here in East Texas...

We must remember in our hearts &amp; in our prayers....

Those in other regions of the state who suffered overnight because of catastrophic tornados. https://t.co/oXj4wpCLN5",2019-10-22 02:09:39,en
1312,90651198,GregAbbott_TX,Greg Abbott,"Welcoming another business in East Texas today. 

The new Sterling Manufacturing Facility in Lufkin helps keep Texas the economic engine of America. https://t.co/ql3hVFpuRN",2019-10-22 00:10:14,en
1313,90651198,GregAbbott_TX,Greg Abbott,"Vote YES on Proposition 4 to ban an income tax is Texas.

It's on the ballot NOW. 

Do your part to prevent future generations of legislators from imposing an income tax in Texas. https://t.co/GqQu4ko0bm",2019-10-21 23:38:11,en
1314,90651198,GregAbbott_TX,Greg Abbott,"To help Texans respond to the devastation caused by storms last night I have issued a Disaster Declaration for 16 counties. 

This provides resources to speed the recovery. 

#txlege #Tornado 

https://t.co/unJmURFojy",2019-10-21 19:37:51,en
1315,90651198,GregAbbott_TX,Greg Abbott,"We are sending prayers. 

We are also sending the Texas Division of Emergency Management to provide assistance. @TDEM 

Stay safe Texans. https://t.co/EYjFb3tsm6",2019-10-21 06:44:04,en
1316,90651198,GregAbbott_TX,Greg Abbott,"TEXANS: Treacherous weather will continue to strike various regions of the state — especially North &amp; East Texas. 

Be alert. Heed warnings. Stay safe. 

The Texas Division of Emergency Management will work with local officials to provide any assistance needed. @TDEM https://t.co/UfADRw5bh8",2019-10-21 03:41:00,en
1317,90651198,GregAbbott_TX,Greg Abbott,"Tonight we celebrated the Festival of Lights with the Indian-American community in Texas.

We lit Diwali lamps on display in the Governor’s Mansion.

We discussed Prime Minister Modi’s visit to Texas. 

We celebrated the victory of light over darkness.

@narendramodi #Diwali https://t.co/Il91EBBvFl",2019-10-21 00:09:55,en
1318,90651198,GregAbbott_TX,Greg Abbott,"Congratulations @Astros returning to the #WorldSeries. 

Thank you #Altuve. 

Winners gonna win. https://t.co/vPF3k23H8d",2019-10-20 04:34:10,en
1319,90651198,GregAbbott_TX,Greg Abbott,"Panhandler threatened to stab woman when she refused to give him money.  

Constant crimes like this is compelling the State to step in. 

#txlege  https://t.co/rjJBAXhs2W",2019-10-19 22:28:07,en
1320,90651198,GregAbbott_TX,Greg Abbott,"Today we hosted Secretary of the Army Ryan McCarthy &amp; General John Murray. 

We are collaborating on the Army Futures Command located in Texas. 

They presented this fabulous U. S. Army knife. 

@USArmy https://t.co/n0joMAKU4d",2019-10-19 17:45:28,en
1321,90651198,GregAbbott_TX,Greg Abbott,Amen! https://t.co/4tNORWrEQV,2019-10-19 04:16:31,en
1322,90651198,GregAbbott_TX,Greg Abbott,"Joining me tonight is Lyric.

As a teenager she was homeless on the streets of Austin.

Determination led her out of homelessness &amp; to a job.

Now she’s dining at the Governor’s Mansion.

She’s sharing strategies that help the homeless &amp; also protect the safety of everyone. https://t.co/3iiyePZeDO",2019-10-19 02:17:28,en
1323,90651198,GregAbbott_TX,Greg Abbott,RT @Rightwinggal14: It’s a packed house in Longview at the @RWofGC_TX meeting to learn about Abbott U.  The ladies are ready to defend E. T…,2019-10-18 02:40:05,en
1324,90651198,GregAbbott_TX,Greg Abbott,Here’s how I see things today. https://t.co/bABa6dvJqv,2019-10-17 23:02:13,en
1325,90651198,GregAbbott_TX,Greg Abbott,The only thing better than watching a UT game is watching it with my daughter. https://t.co/iunTWfHDXT,2019-10-17 01:07:46,en
1326,90651198,GregAbbott_TX,Greg Abbott,"Dozens of women WHO HAVE BEEN ATTACKED in Austin have thanked me for trying to make the community safer. 

I will do what must be done to ensure safety for those women and for all Texans. https://t.co/SdsLE37Grz",2019-10-16 21:18:24,en
1327,90651198,GregAbbott_TX,Greg Abbott,"We are working with Microsoft to develop a tech-savvy, highly skilled workforce. 

This leads to high paying jobs and encourages employers to hire more Texans. 

#txlege 

https://t.co/8tqpaU98j6",2019-10-16 18:27:00,en
1328,90651198,GregAbbott_TX,Greg Abbott,Some special visitors to the Governor’s Mansion today. https://t.co/rotLZZ7zPc,2019-10-16 16:27:25,en
1329,90651198,GregAbbott_TX,Greg Abbott,"Today we deployed $61 million in Homeland Security Funds to support state and local efforts to prevent terrorism.

We remain forever vigilant in countering terrorism at all levels. 

#txlege 

https://t.co/SAPAxB3PQa",2019-10-16 02:52:08,en
1330,90651198,GregAbbott_TX,Greg Abbott,"Great to be back in El Paso working with @Microsoft TechSpark today. 

This program fosters job creation and economic opportunity right here in Texas. https://t.co/xZ140R9Jsk",2019-10-14 23:39:11,en
1331,90651198,GregAbbott_TX,Greg Abbott,"The outrageous death of Atatiana Jefferson: What was Fort Worth cop possibly thinking when he shot?  

That's the key question.

https://t.co/xaGvR4kf3l",2019-10-14 20:36:32,en
1332,90651198,GregAbbott_TX,Greg Abbott,"I spent 3 days in downtown Dallas &amp; saw ZERO homeless laying around or camping on sidewalks.

No feces &amp; no used needles.

Dallas has more homeless people than Austin but is able to retain public health &amp; safety.

Austin’s problem isn’t the homeless; it’s lack of leadership. https://t.co/OCX8G2hyUc",2019-10-14 15:55:27,en
1333,90651198,GregAbbott_TX,Greg Abbott,"RT @MLBONFOX: HOUSTON, WE HAVE A WALK-OFF!!! https://t.co/mGz9LZDEx5",2019-10-14 05:08:41,en
1334,90651198,GregAbbott_TX,Greg Abbott,RT @TheLedgeSports: Carlos Correa walks it off for the Astros and the ALCS is tied 1-1 https://t.co/gxOrTKxSB1,2019-10-14 05:08:12,en
1335,90651198,GregAbbott_TX,Greg Abbott,"From the Texas State Fair...
...baby goats born this week. https://t.co/hLRGksrkj7",2019-10-14 01:22:21,en
1336,90651198,GregAbbott_TX,Greg Abbott,"Vote YES on Prop. 4 to prevent a state income tax in Texas.

Current Texas law allows a majority of lawmakers to call a statewide vote to impose an income tax. 

Prop. 4 requires 2/3 of legislators to propose an income tax, making it nearly impossible.

https://t.co/HMYE6TP8qK",2019-10-13 20:30:47,en
1337,90651198,GregAbbott_TX,Greg Abbott,In true Texas fashion. Congratulations @Simone_Biles! Well deserved. https://t.co/6cDgvLGyp6,2019-10-13 19:30:08,en
1338,90651198,GregAbbott_TX,Greg Abbott,"Happy 244th Birthday, @USNavy!

Thank you to all the brave men &amp; women who continue to defend and serve our great nation. #244NavyBday https://t.co/HRTRZXB7tV",2019-10-13 19:05:35,en
1339,90651198,GregAbbott_TX,Greg Abbott,Smokey https://t.co/yMAyAv6MSu,2019-10-12 22:51:51,en
1340,90651198,GregAbbott_TX,Greg Abbott,Hard fought battle today. Always proud to be a Longhorn. #HookEm https://t.co/VdgwSuTDFE,2019-10-12 22:39:03,en
1341,90651198,GregAbbott_TX,Greg Abbott,"Great game for the #RedRiverRivalry. 

I think we will see these two teams play again for the Big 12 Championship. 

#HookEm https://t.co/AHThBMhQF8",2019-10-12 19:58:30,en
1342,90651198,GregAbbott_TX,Greg Abbott,"Let’s do this, Coach. #HookEm  @TexasFootball https://t.co/Rfem25PwLk",2019-10-12 18:54:53,en
1343,90651198,GregAbbott_TX,Greg Abbott,"Every restaurant in Dallas tonight. 

#HookEm https://t.co/FZdOKZJzbv",2019-10-12 04:24:31,en
1344,90651198,GregAbbott_TX,Greg Abbott,"Honored to appoint and swear in the first judge for the newly created 471st District Court, Andrea Bouressa. 

Judge Bouressa is a 4th generation Texan from Murphy. She will uphold the Constitution and enforce the rule of law. 

#txlege https://t.co/Jg1pIpoPEC",2019-10-12 01:30:02,en
1345,90651198,GregAbbott_TX,Greg Abbott,"Big 12 penalty flag on that.
But game on. https://t.co/7jsPaUyOhI",2019-10-11 19:41:04,en
1346,90651198,GregAbbott_TX,Greg Abbott,".@GovStitt you can’t spell HORNS UP without OU. 

I’ll wager some great @RailheadBBQ &amp; @LoneStarBeer on the game. What’s Oklahoma putting up other than no points tomorrow? 

#HookEm #RedRiverRivalry @TexasFootball https://t.co/IlIA1zOzWx",2019-10-11 16:15:29,en
1347,90651198,GregAbbott_TX,Greg Abbott,"Good questions. State agencies are already working on these concerns. 

We will announce information about it soon. https://t.co/hJRNCZCXRH",2019-10-11 05:27:30,en
1348,90651198,GregAbbott_TX,Greg Abbott,"The City of Austin is dedicating more than $20,000 PER HOMELESS PERSON in Austin.

The problem isn't resources. It's prioritization. 

It's inaction &amp; word salad on an urgent public health &amp; safety issue.

Haven For Hope in San Antonio works.

Lawlessness is never the answer. https://t.co/saXO0dgxZN",2019-10-11 03:43:07,en
1349,90651198,GregAbbott_TX,Greg Abbott,"Reinstating the ban on homeless camping in Austin is an essential first step to improve the safety &amp; health of all people who live in and visit Austin. 

Austin can do it at next Thursday’s Council meeting. 

Read more here:

https://t.co/AWv7HfPFHi",2019-10-11 01:05:06,en
1350,90651198,GregAbbott_TX,Greg Abbott,"So proud of Simone Biles as she Becomes the Most Decorated Female Gymnast in History With 21st Medal.

Also proud to call her a Texan.

https://t.co/JWG1qxpeCe",2019-10-09 20:28:48,en
1351,90651198,GregAbbott_TX,Greg Abbott,"UT professor wins Nobel prize in chemistry for his work in developing lithium-ion batteries. 

Our universities are home of the very best who are improving the world around us. 

#txlege
 
https://t.co/pLQx6H9sB9",2019-10-09 16:02:08,en
1352,90651198,GregAbbott_TX,Greg Abbott,"Watch this video. 

Is Austin’s policy of allowing the homeless to do whatever they want really helping the homeless?  

We know it’s bad for Austin. https://t.co/UyrIf4Wazm",2019-10-09 15:30:13,en
1353,90651198,GregAbbott_TX,Greg Abbott,"We continue to see property tax cuts like these resulting from the property tax reforms passed this legislative session.

Spring Independent School District approves the lowest property tax tax rate in 20 years.

#txlege

https://t.co/BcV4FUwCmb",2019-10-09 02:59:10,en
1354,90651198,GregAbbott_TX,Greg Abbott,"Two years ago you DEMANDED the State provide Houston with advance funding to respond to the hurricane &amp; predicted dire results if you didn't get it.

In Sept. 2017 I immediately handed you checks for more than $100 million. Today 35% of that remains unspent. 

Where'd it go? https://t.co/QdUJUaPeWJ",2019-10-08 23:45:52,en
1355,90651198,GregAbbott_TX,Greg Abbott,"Lincoln Riley knows what’s up. 

He saw the score &amp; went all #HookEmHorns in the middle of the last #RedRiverRivalry. 

#HookEm https://t.co/WSJ6ic8Ym4",2019-10-08 21:37:01,en
1356,90651198,GregAbbott_TX,Greg Abbott,"Mayor you DEMANDED that Houston get its own allocation of over $1 billion in Fed. funds to rebuild housing.

You've rebuilt less than 10. Where did all the money go?

During that same time the General Land Office has rebuilt almost 1,000.

The GLO didn't slow you down. You did. https://t.co/QdUJUaPeWJ",2019-10-08 18:45:01,en
1357,90651198,GregAbbott_TX,Greg Abbott,"Homeless man charged with arson in connection to 7-Eleven fire by UT campus.

Yesterday there was a story about a homeless man arrested for trying to steal from a convenience store &amp; assaulting its owner.

My goal is to end these crimes &amp; restore safety.  https://t.co/jElBFZwLJj",2019-10-08 18:26:48,en
1358,90651198,GregAbbott_TX,Greg Abbott,The #1 Cowboy fan. https://t.co/HTTZV1Keza,2019-10-08 03:34:34,en
1359,90651198,GregAbbott_TX,Greg Abbott,"“By just about any measure Texas stands out as the nation’s leader for logistics.
 
For the 17th year in a row Texas topped the nation as the number one exporting state.

For 15th consecutive year Texas was named the Best State for Business.”

Just sayin’ https://t.co/HIGl3CLAaG",2019-10-07 21:31:29,en
1360,90651198,GregAbbott_TX,Greg Abbott,"A surge of border crossings is expected this weekend.

So I’ll shut down all border crossings on the Red River for 72 hours beginning Thursday Oct. 10th. 
•
•
•
Just kidding. 
The last thing I’d do is to stop the Sooners coming to Texas to lose again.
#Hookem
#RedRiverRivalry",2019-10-07 17:05:28,en
1361,90651198,GregAbbott_TX,Greg Abbott,"The United States-Mexico-Canada Agreement—USMCA—is vital to the Texas economy. 

It’s time for Congress, and especially the Texas delegation, to pass this agreement.

Every Texas Congressional District will benefit if it is passed.  https://t.co/HGNyh7RYPt",2019-10-06 18:41:26,en
1362,90651198,GregAbbott_TX,Greg Abbott,"There’s a growing bond between the Indian-American community &amp; Texas. 

Today we celebrated the largest Gandhi memorial in the U.S. It’s in Irving. 

The memorial stands as a reminder of the many lessons shared by Gandhi. 

We released 15 doves as a symbol of peace &amp; unity. https://t.co/90uZRJKZJY",2019-10-06 17:49:34,en
1363,90651198,GregAbbott_TX,Greg Abbott,"There is rising wage growth in America. 

The biggest rise is in low wage industries. 

Americans who need a pay raise the most are getting the biggest pay increase. https://t.co/L4YycKbcwA",2019-10-06 17:01:58,en
1364,90651198,GregAbbott_TX,Greg Abbott,"Thanks for this input. 

Everyone in the Austin area: Continue to post public safety threats and pictures showing unsafe conditions that demand action. Tag @MayorAdler. 

Include the date and location. 

I’m working on a plan to clean this up &amp; need to know where to prioritize. https://t.co/mH0u4HjbZl",2019-10-06 16:10:40,en
1365,90651198,GregAbbott_TX,Greg Abbott,"Who predicted that BOTH ⁦@SMU⁩ and ⁦@Baylor⁩ would be undefeated &amp; ranked in the Top 25 after the first Saturday in October?

Congratulations to both!

⁦⁦@SMU_Football⁩ ⁦@BUFootball⁩
#SicEm #PonyUpDallas

Tomorrow's Top 25 Today https://t.co/1Lc7BsWvPQ",2019-10-06 03:55:16,en
1366,90651198,GregAbbott_TX,Greg Abbott,"Last night the Japan America Society of Houston held its 51st Annual Gala.

Japan and Texas may be on opposite sides of the world, but we continue to get closer and closer not only as business partners and allies, but friends. @JASHouston @GoBiginTexas #txlege https://t.co/Hn1wOIMitI",2019-10-05 21:36:48,en
1367,90651198,GregAbbott_TX,Greg Abbott,"Texas worked with local &amp; federal law enforcement on this warrant roundup that netted 119 felony arrests of dangerous gang members in Central Texas. 

They were wanted for violent crimes, including capital murder and gang-related crimes.

⁦@TxDPS⁩ https://t.co/UckOeHuHWD",2019-10-05 17:02:02,en
1368,90651198,GregAbbott_TX,Greg Abbott,"Victims of Tropical Storm Imelda in six Texas counties will receive federal assistance after President Trump granted Texas’ request for a federal disaster declaration. 

#txlege  https://t.co/POOV3MoDgI",2019-10-04 22:02:52,en
1369,90651198,GregAbbott_TX,Greg Abbott,"Thank you @TFRW for your massive show of support. 

Your tireless work is crucial to the future of Texas! https://t.co/xXzMpTFFhP",2019-10-04 20:34:05,en
1370,90651198,GregAbbott_TX,Greg Abbott,"Go @astros!

#TakeItBack https://t.co/5ZF2VMEqFo",2019-10-04 18:31:50,und
1371,90651198,GregAbbott_TX,Greg Abbott,"The #RGV offers many great things. 

Delia’s Tamales is one of them. 

⁦@deliastamales⁩ https://t.co/KYKfDaEDzr",2019-10-04 02:58:59,en
1372,90651198,GregAbbott_TX,Greg Abbott,"Rows &amp; rows of South Texas orchards—freshly watered by some passing rain &amp; kissed goodnight by a beautiful Texas sunset. 

God blesses Texas. 
#RGV https://t.co/AZv6d4XXTw",2019-10-04 00:19:10,en
1373,90651198,GregAbbott_TX,Greg Abbott,"TEXAS is ranked the #1 state in America for women to start their own business. 

Thanks to the amazing women entrepreneurs in Texas. 

#txlege https://t.co/GJSCCMbp5K",2019-10-03 22:36:27,en
1374,90651198,GregAbbott_TX,Greg Abbott,"The First Lady did a remarkable job today at the “Can You See Me” event in Houston.

Texas is already a leader in the battle against human trafficking, but there is more to be done. Texans must all join us in this fight. @FLCA @A21 #txlege",2019-10-03 22:13:05,en
1375,90651198,GregAbbott_TX,Greg Abbott,"#TBT to our Japan trip last week.

Texas will continue to strengthen our relationship with Japan beyond this trip. @GoBigInTexas https://t.co/S1FVs1zu0C",2019-10-03 19:22:16,en
1376,90651198,GregAbbott_TX,Greg Abbott,"Texas National Guard deployment to Mexico border is extended as we continue to grapple with the failure by Congress to fix a broken immigration system and to fund border security.

https://t.co/PjIx7k1zBb",2019-10-03 16:03:16,en
1377,90651198,GregAbbott_TX,Greg Abbott,"BIG NEWS: Arlington, Texas Selected as Site for First Ever National Medal of Honor Museum.

The Medal of Honor is the nation’s highest &amp; most prestigious military honor,

The Museum is a perfect fit in a state that reveres our military.

https://t.co/M1MPBAHGtH via @YahooFinance",2019-10-02 22:21:03,en
1378,90651198,GregAbbott_TX,Greg Abbott,"Examples like this are just some of the reasons for action to end the homelessness crisis caused by Austin policies. 

I invite the public to post their own examples—providing the date and location where the picture was taken. https://t.co/zqLNCIvm0i",2019-10-02 21:07:20,en
1379,90651198,GregAbbott_TX,Greg Abbott,"Today I sent a letter to @MayorAdler about the growing crisis arising from the Austin Homeless policy.

Feces &amp; used needles are piling up &amp; residents are endangered.

If not fixed by Nov.1, I'll use State authority to protect Texans’ health &amp; safety.

#txlege https://t.co/KmvEtMW81T",2019-10-02 17:43:28,en
1380,90651198,GregAbbott_TX,Greg Abbott,"The U.S. Dept. of Education recognized 27 Texas schools as National Blue Ribbon Schools with 10 from the Rio Grande Valley.

The recognition is based on all student scores, student subgroup scores &amp; graduation rates.

We’re proud of our schools.

#txlege https://t.co/UJ5S7xRb0d",2019-10-01 23:33:27,en
1381,90651198,GregAbbott_TX,Greg Abbott,"I have requested a federal disaster declaration for Southeast Texas areas affected by #Imelda.  

This seeks federal funds to help the region rebuild faster and better. 

Thanks also to all local groups that are helping fellow Texans rebuild. 

#txlege  https://t.co/yZHv8L5ktn",2019-10-01 21:22:15,en
1382,90651198,GregAbbott_TX,Greg Abbott,"Texas game wardens answered the call during Tropical Storm Imelda.

The storm showcased their first responder role.

Using airboats, flat-bottom boats &amp; swift-water rescue boats they helped rescue 570 people trapped in vehicles &amp; on roofs

@TexasGameWarden
https://t.co/NFeMOjojJF",2019-09-30 02:39:23,en
1383,90651198,GregAbbott_TX,Greg Abbott,Thought this Sunday. https://t.co/TqeSQOp9hY,2019-09-29 16:43:05,en
1384,90651198,GregAbbott_TX,Greg Abbott,"SpaceX is getting ready to launch humans to the moon from Texas.

https://t.co/6Rsh1vizj4 https://t.co/Jr5eMnv5dl",2019-09-29 16:25:48,en
1385,90651198,GregAbbott_TX,Greg Abbott,Video from the plane. https://t.co/c6sZlab53X https://t.co/fd3YFxfIZR,2019-09-28 00:36:34,en
1386,90651198,GregAbbott_TX,Greg Abbott,"This is southern Alaska today in September. 

It’s a white-capped wonderland. https://t.co/6ebCasqbWd",2019-09-28 00:33:59,en
1387,90651198,GregAbbott_TX,Greg Abbott,"We are focusing on economic development in smaller Texas communities.

This deal we announced in Japan helps achieve that goal.

This new plastics facility in Seguin will bring hundreds of jobs to the area.

#txlege

https://t.co/H4yN5uEC6k via @KENS5",2019-09-27 17:51:52,en
1388,90651198,GregAbbott_TX,Greg Abbott,"Today I signed a Statement of Mutual Cooperation with Japan Bank for International Cooperation.

The agreement fosters collaboration and development between Texas &amp; Japan. 

In short: It creates jobs! https://t.co/8soYV37rny",2019-09-27 13:23:44,en
1389,90651198,GregAbbott_TX,Greg Abbott,"Perfect time to get this announcement while I’m in Tokyo. 

American Airlines says long-awaited DFW to Tokyo Haneda flights will start in March. 

 https://t.co/ylbTP1lc7U",2019-09-27 01:28:30,en
1390,90651198,GregAbbott_TX,Greg Abbott,"Making a sales pitch to Hitachi to expand their business in Texas. 

The baseball was signed by Nolan Ryan—traveling at a much slower speed than his pitch. https://t.co/XmxqowRRmt",2019-09-26 22:50:24,en
1391,90651198,GregAbbott_TX,Greg Abbott,On #NationalPancakeDay I celebrate the best Pancake of them all. ⁦@TexasPancake⁩ https://t.co/ttIycafRKO,2019-09-26 13:04:59,en
1392,90651198,GregAbbott_TX,Greg Abbott,"I came all the way from Texas to Japan and what did I find?

A Toyota Tundra built in Texas by Texans. https://t.co/Yyk0QlMpcp",2019-09-25 14:17:23,en
1393,90651198,GregAbbott_TX,Greg Abbott,"Wages are rising. 

Texas is #1 in America for personal income growth. 

#txlege https://t.co/P8ddpOvSFB",2019-09-25 12:33:46,en
1394,90651198,GregAbbott_TX,Greg Abbott,"OMG. 

I leave town and Peaches turns into a rabbit. https://t.co/YUozYAvI7l",2019-09-25 09:39:45,en
1395,90651198,GregAbbott_TX,Greg Abbott,"We watched (helped?) Lexus cars being handmade at Toyota City in Japan. 

Some will be driven in Texas.

We also saw cars built that use hydrogen for fuel.

We are proud to have the Toyota North American HQ in Plano &amp; a massive manufacturing facility in San Antonio.

#txlege https://t.co/zhzHZ66LZw",2019-09-24 14:07:10,en
1396,90651198,GregAbbott_TX,Greg Abbott,"This is one of the many strategies we implemented to make schools safer. 

Across the state DPS Troopers are using offices in schools to ensure a law enforcement presence to keep students &amp; teachers safe. 

#txlege @TxDPS https://t.co/yfJxKVFCmT",2019-09-24 01:29:50,en
1397,90651198,GregAbbott_TX,Greg Abbott,"Exactly. We won’t allow the socialistic policies of the likes of @AOC to hijack the thriving Texas economy that’s built on capitalism, less government, reducing regulations &amp; tax cuts that have been achieved every year I’ve been Governor. 

#txlege https://t.co/19V5Mly93W",2019-09-24 01:23:53,en
1398,90651198,GregAbbott_TX,Greg Abbott,"America is blessed to have you there. 

Good luck @Simone_Biles. https://t.co/JRcFxTjaHJ",2019-09-24 01:07:25,en
1399,90651198,GregAbbott_TX,Greg Abbott,"Apple in Texas: Latest Mac Pro to be made in Texas after securing tariff exemptions. 

“Made in Texas” is a very powerful brand. 

 https://t.co/SPneCSB4gI #FoxBusiness",2019-09-24 01:02:13,en
1400,90651198,GregAbbott_TX,Greg Abbott,"Day two of our business trip to Japan is in Nagoya.

I met with the president &amp; other executives of Aisin, who just announced the building of a new plant facility in Cibolo.

Big business is happening in the great state of Texas. https://t.co/FU29cNdAQG",2019-09-23 13:48:40,en
1401,90651198,GregAbbott_TX,Greg Abbott,"Thanks to President Trump for the aid the federal government is sending to help Texas respond to #Imelda.  

#txlege  

https://t.co/enXgAmng08 via @houstonchron",2019-09-23 04:37:24,en
1402,90651198,GregAbbott_TX,Greg Abbott,"Job growth in Texas continues to be on fire. 

Last month we added more than 18,000 new jobs. 

Over the past year we added more than 300,000. 

We also have a record Low Unemployment Rate of 3.4 % for Third Consecutive Month. 

#txlege

 https://t.co/0TtbOlmlyE",2019-09-23 02:24:08,en
1403,90651198,GregAbbott_TX,Greg Abbott,"The first day of our business trip to Japan is in Osaka. 

I’m meeting with leaders of Osaka Gas, Kubota Tractor &amp; Daikin. 

They do big business in Texas &amp; support our local communities. https://t.co/8kK8hHPRgs",2019-09-22 15:28:59,en
1404,90651198,GregAbbott_TX,Greg Abbott,"Texas is proud to host India Prime Minister @narendramodi. 

There is a strong bond between Texas and India. 

We look forward to strengthening our relationship during his visit to Texas. 

#txlege 

https://t.co/TdjqRzCqVt",2019-09-22 05:00:41,en
1405,90651198,GregAbbott_TX,Greg Abbott,@Mike_Mendoza1 Great idea,2019-09-21 02:19:01,en
1406,90651198,GregAbbott_TX,Greg Abbott,"God Bless Mattress Mack. 

He helped Texans get through Harvey and now he’s doing it after #Imelda. 

We thank our First Responders who’ve rescued so many. 

And we thank outstanding people like #MattressMack who always help others. 

No place like Texas. https://t.co/rpOOQi7CaR",2019-09-20 22:25:35,en
1407,90651198,GregAbbott_TX,Greg Abbott,"This is HUGE news.

The backbone of the next generation of technology is being built in Texas.

Ericsson picks Lewisville for its first 5G smart factory in the U.S. 

#txlege

https://t.co/I1mgMUupWr via @DentonRC",2019-09-20 15:09:41,en
1408,90651198,GregAbbott_TX,Greg Abbott,"I’ve declared a state emergency amid amid flooding from Tropical Storm Imelda.
 
This gives counties counties access to state resources as they respond to the flooding.

This adds to water rescue squads already deployed by TX.

#txlege

 https://t.co/jBe7GCn2Vi via @TexasTribune",2019-09-19 17:39:00,en
1409,90651198,GregAbbott_TX,Greg Abbott,"We cherish our law enforcement officers &amp; first responders.

They represent the very best of Texas.

They will always have the eternal gratitude of our great state.

#BackTheBlue

https://t.co/deCe1kb8Sk via @gosanangelo",2019-09-19 02:50:20,en
1410,90651198,GregAbbott_TX,Greg Abbott,Add me on @Snapchat. https://t.co/KmwXs3zlkE,2019-09-18 20:26:52,en
1411,90651198,GregAbbott_TX,Greg Abbott,"Happy 72nd birthday to the @usairforce! Your courage &amp; perseverance continue to inspire us all.

Thank you for your service to this great nation. #AirForceBirthday https://t.co/sGk2qgwmtZ",2019-09-18 17:14:36,en
1412,90651198,GregAbbott_TX,Greg Abbott,"Texas has a booming business relationship with Japan and South Korea.

We will expand our business and cultural connections this next week.

https://t.co/U0I7IRHA3i",2019-09-18 01:14:57,en
1413,90651198,GregAbbott_TX,Greg Abbott,"232 years ago the United States Constitution was signed.

The values, liberties &amp; principles remain the foundation of our nation.

We must preserve, protect &amp; defend these principles, for they are the bedrock of what makes us American. 

#WeThePeople #ConstitutionDay https://t.co/h0vQqyq3aK",2019-09-17 14:25:45,en
1414,90651198,GregAbbott_TX,Greg Abbott,"Texas Launches Telehealth Program to Help Sexual Assault Victims.

#txlege 

https://t.co/9ePo0gC8kA",2019-09-17 13:11:18,en
1415,90651198,GregAbbott_TX,Greg Abbott,"TEXANS: Heads up.

We have some severe weather headed to our coastal area..

Take precaution as needed and heed local warnings.

Stay safe.

https://t.co/WDdbDT3LKT via @nbcdfwweather",2019-09-17 13:04:48,en
1416,90651198,GregAbbott_TX,Greg Abbott,@PopeWaffles That's hilarious,2019-09-17 02:14:01,en
1417,90651198,GregAbbott_TX,Greg Abbott,Did they get it from the New York Times? https://t.co/IThb00sMHJ,2019-09-17 02:03:35,en
1418,90651198,GregAbbott_TX,Greg Abbott,"Tonight we hosted the @Nasdaq Exchange at the Governor’s Mansion.

They provide access to funding that empower the leaders, entrepreneurs, &amp; innovators who make Texas so great.

Our incredible employers—&amp; their employees—have made TX has the 10th largest economy in the world. https://t.co/6ClD99UUye",2019-09-17 01:40:34,en
1419,90651198,GregAbbott_TX,Greg Abbott,"Texans who have served their time, reformed their lives, &amp; retuned to their communities, are getting workforce training to ensure they will be employed &amp; contributing citizens in our state. 

Second chances are possible. 

#txlege 

https://t.co/K3fr6MOjdJ",2019-09-15 16:54:51,en
1420,90651198,GregAbbott_TX,Greg Abbott,Texas passed a law to protect these precious babies. https://t.co/fLYWS2B53x,2019-09-15 16:21:10,en
1421,90651198,GregAbbott_TX,Greg Abbott,"To be clear Cy-Fair ISD CUT property tax rates after the reforms we passed this session.

Your county elected leaders voted to increase property taxes at the COUNTY level.

Beginning next year our new law puts strict limits on the county’s ability to raise your property taxes. https://t.co/mbkfRJcJjx",2019-09-15 16:19:54,en
1422,90651198,GregAbbott_TX,Greg Abbott,"Property owners in Houston ISD will see a 5.8 percent reduction in their school tax rate in 2019.  

This is the result of the property tax reforms and reductions passed this last legislative session. 

#txlege

https://t.co/HaAsSE0RsN",2019-09-14 21:43:36,en
1423,90651198,GregAbbott_TX,Greg Abbott,RT @VistaspKarbhari: Always inspiring to speak with @GregAbbott_TX Thank you for your strong support Wonderful to have a Governor who cares…,2019-09-14 04:15:18,en
1424,90651198,GregAbbott_TX,Greg Abbott,"I’m grateful for the way you are all responding to challenges &amp; making TX a better place. 

It’s great to be here with one of the most influential Indian-American business associations in the entire nation.

Thank you for strengthening economic ties &amp; supporting small businesses. https://t.co/LGX5VHKry5",2019-09-13 22:43:51,en
1425,90651198,GregAbbott_TX,Greg Abbott,@MrGrantTatum @Whataburger Fist bump,2019-09-13 03:56:10,en
1426,90651198,GregAbbott_TX,Greg Abbott,Rolled into the #RGV tonight like... https://t.co/u7Iy7levqF,2019-09-13 02:19:36,en
1427,90651198,GregAbbott_TX,Greg Abbott,"RT @leachfortexas: With the loving support of Becky and our kids, I am excited to announce that I am running for re-election to the Texas H…",2019-09-12 21:26:35,en
1428,90651198,GregAbbott_TX,Greg Abbott,"Good.

Grand Jury Indicts Man on Capital Murder for El Paso Attack.

 https://t.co/GxZy0Pgssw",2019-09-12 20:53:26,en
1429,90651198,GregAbbott_TX,Greg Abbott,"Today I swore in my new appointee to the Texas Supreme Court, Jane Bland. 

She graduated #1 in her law school class &amp; has been a top notch trial court judge &amp; justice on the Court of Appeals. 

She’s a proven conservative who applies the law as written. 

#txlege https://t.co/sceSDmNliO",2019-09-12 02:03:47,en
1430,90651198,GregAbbott_TX,Greg Abbott,It was an honor commemorating 50 1st responders at the Star of TX Awards. Today marks one of our nation’s darkest moments. But in darkness shined a light of resilience spurred by 1st responders rushing to danger. To those who serve &amp; the families standing by their side. Thank you https://t.co/DaZl9U7X53,2019-09-11 22:04:24,en
1431,90651198,GregAbbott_TX,Greg Abbott,"18 years ago, tragedy struck America. We will never forget the victims, heroes, and 1st responders.

May God heal our country, be our strength, and protect us. God Bless, America! #NeverForget #UnitedWeStand https://t.co/zHb8jSYSPi",2019-09-11 18:21:21,en
1432,90651198,GregAbbott_TX,Greg Abbott,"El Patio is coming back just weeks after closing. 

Now do @Whataburger ownership.  

https://t.co/4UyJjRcpMi",2019-09-11 04:57:44,en
1433,90651198,GregAbbott_TX,Greg Abbott,"New Texas law could save college transfer students money and time. 

This is one of many ways we are making college more affordable. 

We want everyone to have the opportunity to reach for their dreams. 

#txlege

https://t.co/Ft2xUGWTFC",2019-09-11 00:34:41,en
1434,90651198,GregAbbott_TX,Greg Abbott,"Half of the top 10 best U.S. home markets in America are in the Dallas area. 

#txlege 

https://t.co/pA9L99G9jA",2019-09-09 22:15:00,en
1435,90651198,GregAbbott_TX,Greg Abbott,"Maher: “blue parts of America are having a big prosperity party while that big sea of red feels like their invitation got lost in the mail

Me: Texas leads U.S. in job creation, exports &amp; best state for biz. People are fleeing CA moving to TX. Party on.

 https://t.co/lab8FfqX0h",2019-09-09 06:04:20,en
1436,90651198,GregAbbott_TX,Greg Abbott,"Alright, alright, alright...

On the sidelines with Professor Mcconaughey tonight. #ThisIsTexas #HookEm https://t.co/CXm6QIDnra",2019-09-08 01:08:45,en
1437,90651198,GregAbbott_TX,Greg Abbott,Kicking off the game with the coin toss. #HookEm https://t.co/s3RMZ74030,2019-09-08 01:06:10,en
1438,90651198,GregAbbott_TX,Greg Abbott,Ben Crenshaw in the house. #HookEm https://t.co/niYzrmGAOj,2019-09-07 21:14:12,en
1439,90651198,GregAbbott_TX,Greg Abbott,Here with @TexasMascot at the Governor’s Mansion tailgate. Hook ‘em horns and beat LSU. #ThisIsTexas #HookEm https://t.co/ewxb89SUy1,2019-09-07 20:41:13,en
1440,90651198,GregAbbott_TX,Greg Abbott,RT @Proj_Beloved: What a day! Thank you @GregAbbott_TX for such a meaningful signing ceremony. #MollyJanesLaw is law in Texas. Together we…,2019-09-07 03:23:59,en
1441,90651198,GregAbbott_TX,Greg Abbott,Today Texas hosted Supreme Court Justice Gorsuch for the oath of office for Justice Brett Busby — my new appointee to the Texas Supreme Court. https://t.co/8CXU7l57M0,2019-09-07 00:35:39,en
1442,90651198,GregAbbott_TX,Greg Abbott,"I signed the Molly Jane Matheson law. She was sexually assaulted &amp; murdered. 

The murderer was a suspect in prior attacks. At the time, no law existed to inform jurisdictions about these cases. 

This will enable Law Enforcement access to info on potential rapists &amp; offenders. https://t.co/xGPmlzjkwk",2019-09-06 21:11:14,en
1443,90651198,GregAbbott_TX,Greg Abbott,"Law-enforcement say they identified a person they suspect illegally manufactured &amp; sold the rifle used in the Odessa shooting.

We want to keep guns out of hands of criminals who break the law...

...without infringing on the rights of law-abiding Texans.

https://t.co/zQfqjh2tfh",2019-09-05 20:49:25,en
1444,90651198,GregAbbott_TX,Greg Abbott,"Actually, it's not surprising.

It's long been known that Voter ID laws have strong bi-partisan support among Texans.

https://t.co/3bLvUFRwox",2019-09-04 21:55:25,en
1445,90651198,GregAbbott_TX,Greg Abbott,"The Texas House &amp; Senate are getting to work on laws to keep communities safe from gun violence.

I will announce legislative considerations next week &amp; executive action this week.

Legislators can be part of the process or part of the problem.

#txlege

https://t.co/GLMbG2rOrj",2019-09-04 21:29:52,en
1446,90651198,GregAbbott_TX,Greg Abbott,"We're working on a legislative package right now.

Expedited executions for mass murderers would be a nice addition.

#txlege

https://t.co/XxQ152XPof",2019-09-03 01:41:55,en
1447,90651198,GregAbbott_TX,Greg Abbott,"Help is on the way!

Here’s some of the equipment Texas sent to Florida to help them respond to #HurricaneDorian. 

It includes swift water rescue boats &amp; rescue teams led by Texas Task Force 1. 

@txtf1  #txlege https://t.co/EJBMCI2jTe",2019-09-02 21:09:16,en
1448,90651198,GregAbbott_TX,Greg Abbott,"Not only did the Odessa gunman have a criminal history...

...he also previously failed a gun purchase background check in Texas...

...&amp; he didn’t go thru a background check for the gun he used in Odessa. 

We must keep guns out of criminals’ hands.  https://t.co/vgrqcHtBtF",2019-09-02 16:00:07,en
1449,90651198,GregAbbott_TX,Greg Abbott,"Gov. Greg Abbott: Growing frequency of shootings, terror attacks demands action.

https://t.co/Q9TcAceDcA",2019-09-01 00:35:43,en
1450,90651198,GregAbbott_TX,Greg Abbott,"The state of Texas &amp; Dept. of Public Safety are working with local law enforcement to provide resources &amp; deliver justice for this heinous attack.

Thanks to 1st responders who acted swiftly.

Texans will unite to end these evil attacks.

https://t.co/UO5T4q5gNo",2019-08-31 23:50:28,en
1451,90651198,GregAbbott_TX,Greg Abbott,"Texas is sending emergency assistance to Florida to respond to #HurricaneDorian.

We sent Texas Task Force 1 including swift water rescue boats &amp; rescue teams.

Texans help others.

@txtf1 #txlege

Texas task force to help Florida during Hurricane Dorian https://t.co/yvopgkCimN",2019-08-31 19:45:29,en
1452,90651198,GregAbbott_TX,Greg Abbott,"Saturday’s are for...

#repost @UTBarstool https://t.co/B549NplTKG",2019-08-31 16:43:56,en
1453,90651198,GregAbbott_TX,Greg Abbott,"Today was the first Domestic Terrorism Task Force meeting.

We will define, detect &amp; deter the rise in Domestic Terrorism.

Our broad focus ranges from the racist terrorism behind the shooting in El Paso to growing Cyber Terrorism.

Our goal: Keep TX safe

https://t.co/bZkcMxi1h3",2019-08-31 00:12:22,en
1454,90651198,GregAbbott_TX,Greg Abbott,Time for football. https://t.co/CWc6UkAz0x,2019-08-30 02:15:59,en
1455,90651198,GregAbbott_TX,Greg Abbott,"We're #1--AGAIN.

Texas cities gained most jobs in nation in July.

We thank our growing &amp; successful businesses...
...&amp; the best workforce in America.

#txlege

https://t.co/hX0gZ0EWxd",2019-08-29 02:43:07,en
1456,90651198,GregAbbott_TX,Greg Abbott,"Texas law gives rape victims more control over their lives...

...&amp; ensures their despicable attackers get the justice they deserve.

I signed a law to fund testing of all rape kits. 

That + another law gives victims the ability to track their evidence thru the legal system. https://t.co/JiKf0rNteD",2019-08-29 00:11:10,en
1457,90651198,GregAbbott_TX,Greg Abbott,"Today I appointed Ysmael D. Fonseca Jr. to a judge position in Hidalgo Co.

He has a solid record of prosecuting human trafficking offenses.

He replaces Judge Tijerina, whom I elevated to the Court of Appeals.

#txlege #RGV

https://t.co/s128lZ8Y6i",2019-08-28 23:25:40,en
1458,90651198,GregAbbott_TX,Greg Abbott,Pancake and Peaches are rockin’ some patriotic bow ties on #NationalBowTieDay. https://t.co/TlCuTmK2pd,2019-08-28 18:57:08,en
1459,90651198,GregAbbott_TX,Greg Abbott,After #NationalDogDay I was reminded of this classic by President George H. W. Bush. https://t.co/XGCF3iSGWh,2019-08-28 01:44:55,en
1460,90651198,GregAbbott_TX,Greg Abbott,"After the shooting at Santa Fe, Texas passed 17 laws &amp; added $339M in security and mental health for students.

We are working to achieve similar results after the shooting in El Paso.

WIth #txlege working together we can make Texas better.

https://t.co/uEazGgwrkp",2019-08-28 00:21:10,en
1461,90651198,GregAbbott_TX,Greg Abbott,"Yesterday I appointed Jane Bland to the Texas Supreme Court. 

She graduated #1 in her law school class...
...&amp; has been a top notch lawyer &amp; judge ever since.

She's a proven conservative who applies the law rather than making it up.

#txlege 

https://t.co/o2PJCYpsoX",2019-08-27 20:33:18,en
1462,90651198,GregAbbott_TX,Greg Abbott,"Caught red handed... Cheating on @ChickFilA.

I swear it’s a one time fling. #PopeyesVsChickFilA https://t.co/i8GChcZLMP",2019-08-27 17:35:59,en
1463,90651198,GregAbbott_TX,Greg Abbott,"We know you’re tired of waiting in line to get a driver’s license. 

So the Legislature provided the funding needed to add more staff &amp; shorten lines. 

Today I sent a Directive to the head of the Agency...

...to take IMMEDIATE action to shorten wait times. 

#txlege https://t.co/mxH2zswayG",2019-08-27 00:41:09,en
1464,90651198,GregAbbott_TX,Greg Abbott,"Today is National Dog Day. 

Then again, Pancake &amp; Peaches think it’s their day EVERYDAY. 

Happy National Dog Day to the #FirstDogsOfTexas. 

@TexasPancake https://t.co/hkVHRCm0VQ",2019-08-26 22:19:40,en
1465,90651198,GregAbbott_TX,Greg Abbott,"MORE property tax cuts in Texas. 

Hutto ISD adopts its lowest tax rate in 10 years. 

It cut property tax rates by more than 6%. 

This is the result of House Bill 3 that passed this session. 

#txlege  https://t.co/DxYV89SrRM",2019-08-26 20:37:21,en
1466,90651198,GregAbbott_TX,Greg Abbott,"2 years ago Hurricane Harvey lashed our shores &amp; flooded our cities. 

From Fulton &amp; Rockport to Houston &amp; Beaumont/Port Arthur, Texas was battered but we weren’t beaten.

We will continue to rebuild.
But we will always be a reminder that Texans are tougher than than any storm. https://t.co/nYR8wKtngP",2019-08-26 02:51:22,en
1467,90651198,GregAbbott_TX,Greg Abbott,"The loss of Texas Dept. of Public Safety Trooper Moises Sanchez is a tragedy.

He was shot in the line of duty.

Hidalgo County District Attorney is right to seek capital murder charges against the killer.

https://t.co/3ZEDGHvJFC",2019-08-25 21:42:00,en
1468,90651198,GregAbbott_TX,Greg Abbott,"God does not promise us lives free from storms. 

God’s promise is that He guide us through those storms. https://t.co/4VersOPscP",2019-08-25 14:50:44,en
1469,90651198,GregAbbott_TX,Greg Abbott,"So proud of Fulton, Rockport, &amp; the entire Gulf Coast region.

They've shown that Texan resilience is mightier than any storm.

#txlege

https://t.co/d1CXKXnoxp via @callerdotcom",2019-08-25 03:18:00,en
1470,90651198,GregAbbott_TX,Greg Abbott,"Today I joined legislators in Fulton &amp; Rockport to celebrate rebuilding from Hurricane Harvey.

I signed laws that create a fund to help communities rebuild from disasters...

...and laws that cut the red tape that slows the recovery process. 
#txlege https://t.co/3rf47ONY9d",2019-08-24 19:06:06,en
1471,90651198,GregAbbott_TX,Greg Abbott,Marco. You misspelled Texas. https://t.co/008CxhBihp,2019-08-24 12:58:15,en
1472,90651198,GregAbbott_TX,Greg Abbott,"Many people—especially women—get unwanted sexually explicit pictures by text or social media. 

It’s disgusting. 

Now, it’s illegal in Texas. 

#txlege https://t.co/Uga0QL4FbL",2019-08-23 22:43:04,en
1473,90651198,GregAbbott_TX,Greg Abbott,"High School Football is BACK. 

To all teams &amp; fans...this one’s for you.

As Governor, I have officially proclaimed August 29-31 to be TEXAS FOOTBALL DAYS in Texas. 

Good luck to all the teams. #TXFootballDays @FOXSportsSW @The_TAFR https://t.co/rhrPl12Lb2",2019-08-23 19:09:02,en
1474,90651198,GregAbbott_TX,Greg Abbott,"Google Plyler v. Doe.

5 liberals on the Supreme Court ruled that Texas had to provide and fund public education for illegal immigrants. 

The next decade, in Texas v. U. S., Federal courts rejected our lawsuit that the federal government should pay for that education cost. https://t.co/gIq1mPOsDJ",2019-08-23 06:17:44,en
1475,90651198,GregAbbott_TX,Greg Abbott,"Here's the standard response to the reckless way Austin has handled the homeless: 

""I am a Democrat at heart; I have been in Austin, Texas, for over 30 years. But I am telling you, I am feeling a lot more red these days when it comes to my business.”

https://t.co/Z1pTDX9yWt",2019-08-23 04:13:01,en
1476,90651198,GregAbbott_TX,Greg Abbott,"Today we had hearings responding to the tragic shooting in El Paso.

We focused on community healing, combating domestic terrorism, reducing hateful ideologies, &amp; keeping guns out of hands of deranged killers while respecting 2nd Amendment rights.

We’ll keep TX safe.

#txlege https://t.co/ymct4aiSgK",2019-08-22 21:45:18,en
1477,90651198,GregAbbott_TX,Greg Abbott,I signed a law today that creates the University of Houston Medical School. Swipe to see @UHouston’s evolution of excellence. #GoCoogs https://t.co/emktb6FjTc,2019-08-22 03:06:09,en
1478,90651198,GregAbbott_TX,Greg Abbott,"They have to qualify for FEMA first.  

So...... https://t.co/r6KlUy4DxI",2019-08-22 01:55:14,en
1479,90651198,GregAbbott_TX,Greg Abbott,"Wait til you see the football stadiums. 

Next level. https://t.co/Zz6Le7SAb1",2019-08-22 01:52:46,en
1480,90651198,GregAbbott_TX,Greg Abbott,"Dara. Welcome to Texas!

Remember when we worked together to defeat burdensome regulations that Austin imposed on @Uber? 

Please remind your employees the importance of keeping Texas the land of opportunity by insisting on less government &amp; more freedom for entrepreneurs. https://t.co/y5xCnOluV4",2019-08-21 21:24:02,en
1481,90651198,GregAbbott_TX,Greg Abbott,Today I signed a bill establishing the @UHouston College of Medicine. This is the next step in this university’s evolution of excellence...to ensure we are educating the next generation of doctors. This school fills an important need for this community &amp;the entire state of Texas. https://t.co/4BsJsfWyFZ,2019-08-21 21:10:20,en
1482,90651198,GregAbbott_TX,Greg Abbott,You had a tremendous legislative session &amp; deserve re-election. https://t.co/pNRs0itndE,2019-08-21 19:24:45,en
1483,90651198,GregAbbott_TX,Greg Abbott,"Uber will set up a major hub in downtown Dallas.

Uber is confident it can create 3,000 jobs &amp; pay at least an average annual salary of $100,000. 

Cha-ching!!!

#txlege

https://t.co/BEbiIkcYrf",2019-08-21 01:31:39,en
1484,90651198,GregAbbott_TX,Greg Abbott,"MORE property tax cuts.

Edinburg ISD School Board cuts property tax rate by about 8%...
...&amp; raises teacher salaries.

Ask your ISD how much they are cutting your property taxes.

#txlege 

https://t.co/HzHPMagvOA",2019-08-21 01:25:14,en
1485,90651198,GregAbbott_TX,Greg Abbott,"More tax cuts resulting from HB3 passed during the legislative session.

The Cleburne ISD is cutting property taxes by more than 6%.

Similar cuts are being reported around the state.

#txlege

https://t.co/t7Fbs2IHXb |",2019-08-21 01:21:32,en
1486,90651198,GregAbbott_TX,Greg Abbott,"Buc-ee's is teaming up with the Texas Dept. of Transportation’s Don’t Mess With Texas Program to keep Texas clean.

Join this effort to remind people: Don't Mess with Texas.

@Bucees #txlege

https://t.co/9FiJOw9eZX",2019-08-20 19:21:01,en
1487,90651198,GregAbbott_TX,Greg Abbott,"Border Patrol foils smuggling attempts &amp; seize $2 million in cocaine and marijuana. 

Thanks ⁦@CBP⁩.  https://t.co/BnB4C4epop",2019-08-20 18:08:42,en
1488,90651198,GregAbbott_TX,Greg Abbott,"Today I appointed Ruth Ruggero Hughs to be Texas Secretary of State.

As an immigrant to America &amp; now a citizen of our great country she cherishes the right to vote &amp; will ensure that right is safeguarded.

She will be a tremendous ambassador for Texas.

https://t.co/HYiP97Odyi",2019-08-20 01:19:32,en
1489,90651198,GregAbbott_TX,Greg Abbott,"You’re welcome in Texas as long as you never forget why you fled a liberal state. 

Texans expect less government, lower taxes &amp; more freedom. 

Newcomers must keep it that way.

Also you’ll need to switch to ⁦@ShinerBeer⁩ or ⁦@LoneStarBeer⁩ or other Texas brands https://t.co/gTMbBedol0",2019-08-19 18:58:25,en
1490,90651198,GregAbbott_TX,Greg Abbott,"More good news from the property tax reforms passed this session. 

Pflugerville ISD to see largest property tax rate drop in more than a decade.  

#txlege  https://t.co/bIueu350BM",2019-08-19 16:22:57,en
1491,90651198,GregAbbott_TX,Greg Abbott,"Texas Tech telemedicine improves teens’ mental health in 24 school districts.  

We’re expanding this program in Texas to help more students address mental health challenges. 

It’s just one of dozens of ways we responded to the shooting at Santa Fe H. S. https://t.co/dyt4llLnfE",2019-08-18 22:02:56,en
1492,90651198,GregAbbott_TX,Greg Abbott,"We celebrate 99 years of the 19th Amendment. This rightfully ensured that women had a voice and a vote to shape our democracy. 

Generations of women—in my family &amp; yours—have made America stronger. https://t.co/1GJvpRG3kr",2019-08-18 21:10:51,en
1493,90651198,GregAbbott_TX,Greg Abbott,"From the town hall tonight. 

I explain why Texas is the most exceptional state in America. 

We’re gonna keep it that way. 

#txlege #AbbottTownHall https://t.co/H10XIRMQsu",2019-08-16 03:49:45,en
1494,90651198,GregAbbott_TX,Greg Abbott,"From the memorial service last night in El Paso. 

We REMAIN, #ElPasoStrong https://t.co/MLM28EVy6R",2019-08-16 03:44:03,en
1495,90651198,GregAbbott_TX,Greg Abbott,"Happy Anniversary to my wonderful wife — the fabulous First Lady of Texas. 

This is our 38th but it still seems like our first. The picture is from our first anniversary celebrated at Padre Island. https://t.co/dqbG8zVemo",2019-08-15 14:54:47,en
1496,90651198,GregAbbott_TX,Greg Abbott,Proud to support you. https://t.co/lQO8elnY1N,2019-08-15 04:32:07,en
1497,90651198,GregAbbott_TX,Greg Abbott,"Tonight El Paso held a moving memorial service to remember those who were lost and injured. 

We celebrated the fabulous 1st Responders. 

And we dedicated ourselves to a safer Texas for everyone. 

All of Texas is #ElPasoStrong https://t.co/nFgzdjI5HL",2019-08-15 03:07:34,en
1498,90651198,GregAbbott_TX,Greg Abbott,"Today I announced a Domestic Terrorism Task Force in the wake of the El Paso shooting that killed 22 people.
 
I also directed the Dept. of Public Safety to combat domestic terrorism &amp; investigate gangs affiliated with racist &amp; extremist hate groups. https://t.co/fuwSfI6yS8",2019-08-14 16:08:03,en
1499,90651198,GregAbbott_TX,Greg Abbott,"RT @AngelicaforTX: ""I am proud to endorse Angelica Garcia for State Representative, and I am certain that she will be a fearless advocate f…",2019-08-14 02:41:52,en
1500,90651198,GregAbbott_TX,Greg Abbott,"RT @RepStanLambert: Thank you for the kinds words, Gov. @GregAbbott_TX!  Today I proudly announce my re-election bid for #HD71 in the #txle…",2019-08-13 20:53:55,en
1501,90651198,GregAbbott_TX,Greg Abbott,"That is Jaco Booyens, on Life, Liberty &amp; Levin. He produced the film “8 days” 

Says Governor Abbott is a champion on cracking down on sex trafficking. 

“He goes into the office and says ‘children aren’t for sale’”

#txlege is committed to this cause. https://t.co/r8ZWVaeTP9",2019-08-13 02:57:09,en
1502,90651198,GregAbbott_TX,Greg Abbott,"House Bill 3 raises teacher pay and lowers property tax rates. 

#txlege 

 https://t.co/l3227vyKwz",2019-08-12 15:54:33,en
1503,90651198,GregAbbott_TX,Greg Abbott,"Just when you thought Simone Biles couldn’t get any better... she does. 

What an amazing athlete. 

Proud that she’s a Texan. https://t.co/XKU0HAJiRA",2019-08-12 02:30:43,en
1504,90651198,GregAbbott_TX,Greg Abbott,"Violent crime is down 29% in South Dallas since Texas DPS troopers deployed to help Dallas Police. There have been 0 homicides in that part of the city in July. 

They’ve seized &gt; 70 guns &amp; &gt; 37 pounds of drugs &amp; made &gt; 400 arrests. 

#txlege  https://t.co/w0d7GNKaSn",2019-08-11 16:04:07,en
1505,90651198,GregAbbott_TX,Greg Abbott,"Property Tax reforms are showing real results:

The Graham Independent School District reduced its property tax rate to the lowest tax rate in more than ten years.

Stories like this are surfacing across the state.

#txlege

https://t.co/mL9ciNvxB0",2019-08-09 17:19:31,en
1506,90651198,GregAbbott_TX,Greg Abbott,"Texas provided $5 Million to aid El Paso in the immediate response to the domestic terrorism.

We will continue to support El Paso as it rebuilds its community.

We've also already started working on action to prevent a repeat of this terrorism.

#txlege 

https://t.co/28SR82YlGL",2019-08-08 22:10:56,en
1507,90651198,GregAbbott_TX,Greg Abbott,We will get this done. https://t.co/SYG0fQ1GdE,2019-08-08 02:42:38,en
1508,90651198,GregAbbott_TX,Greg Abbott,"Today I worked with El Paso legislators to identify solutions to keep El Paso &amp; all Texans safer. 

We will meet with other legislators to get consensus. 

25 suggestions from Santa Fe shooting round table discussions are now law. 

I want similar results for El Paso. 

#txlege https://t.co/ojSdaP3kfw",2019-08-07 21:56:45,en
1509,90651198,GregAbbott_TX,Greg Abbott,Perfect night for @BillMillerBarBQ https://t.co/9bMV5Lk8Tx,2019-08-07 01:17:55,en
1510,90651198,GregAbbott_TX,Greg Abbott,"The Texas Veterans Commission provides $1 million to help fund much needed veterans' services in Nueces County.  

#txlege 

https://t.co/tv3vwmqDxC",2019-08-06 20:46:53,en
1511,90651198,GregAbbott_TX,Greg Abbott,Some Texas justice will be served up. https://t.co/u1IvHraWI6,2019-08-05 01:57:03,en
1512,90651198,GregAbbott_TX,Greg Abbott,"RT @chucklindell: This morning, Gov. Greg Abbott ordered Texas flags to be lowered to half-staff in memory of those killed in the El Paso…",2019-08-04 18:58:53,en
1513,90651198,GregAbbott_TX,Greg Abbott,"Our hearts will forever be with the people of El Paso. 

We pray that God will touch all affected with the healing and hope only He can provide. 

Texas will use every tool and strategy we possess to aid and support the victims and their families. 

God Bless El Paso. 

#txlege https://t.co/6rVZVmDyI1",2019-08-04 18:10:28,en
1514,90651198,GregAbbott_TX,Greg Abbott,"Now in the beautiful city of El Paso. 

Texans grieve today for the people of this wonderful place. 

We unite in support of all the victims. 

We thank First Responders for their swift action. 

We ask God to bind up the wounds of all who’ve been harmed. https://t.co/2l8jDPHbe1",2019-08-03 22:38:59,en
1515,90651198,GregAbbott_TX,Greg Abbott,"In El Paso, the Texas Dept. of Public Safety is assisting local law enforcement &amp; federal authorities to bring this tragedy to the swiftest &amp; safest possible conclusion. 

We thank all First Responders for their courageous response &amp; urge all area residents to remain safe. https://t.co/H6UDwu81SY",2019-08-03 18:15:11,en
1516,90651198,GregAbbott_TX,Greg Abbott,"“The Green New Deal was crafted in order to seize the economy, not to fix the climate.”

""The interesting thing about the Green New Deal is it wasn't originally a climate thing at all,"" Chakrabarti said.”

That is AOC’s former Chief of staff.  https://t.co/DkqArnmRSJ",2019-08-03 03:13:18,en
1517,90651198,GregAbbott_TX,Greg Abbott,Texas = Best https://t.co/zTxSZcd1Lf,2019-08-03 01:59:06,en
1518,90651198,GregAbbott_TX,Greg Abbott,"Congratulations to my very first law clerk at the Texas Supreme Court on his confirmation to be a Federal District Judge. 

This is an excellent appointment by the President. 

He has a record of applying the law as written rather than judicial activism.
 https://t.co/SKNtwTPTRw",2019-07-31 21:25:36,en
1519,90651198,GregAbbott_TX,Greg Abbott,"More evidence that Texas' economy is booming. 

The service sector—which represents most of the conomy—hits 2019 high.  

Thanks, Texans, for all you do to create more jobs.  

#txlege  https://t.co/fj589BhVEB",2019-07-31 17:12:30,en
1520,90651198,GregAbbott_TX,Greg Abbott,"Decatur ISD cuts property tax rates by almost 7%.

This comes after the property tax reforms &amp; reductions this legislative session.

Announcements like this appear across Texas.

#txlege

https://t.co/Wh3yWBgmmi",2019-07-31 16:04:45,en
1521,90651198,GregAbbott_TX,Greg Abbott,"The Texas Dept. of Transportation is using $600 million to reduce roadway deaths.

The money, an unprecedented $300 million each of the next two years, is the first tangible effort to eliminate roadway fatalities in Texas.

Do your part by driving safely.

https://t.co/9GNvNy9uvP",2019-07-30 23:08:15,en
1522,90651198,GregAbbott_TX,Greg Abbott,"Abilene officially ninth city in US to end veteran homelessness. 

Thank You Abilene for helping those who served our country &amp; for setting an example on how to fix homelessness.  https://t.co/Oy1njrpvgb",2019-07-30 19:19:23,en
1523,90651198,GregAbbott_TX,Greg Abbott,"Texas is cracking down on 'porch pirates' who steal packages delivered to your front door.

The law is about to get tougher on September 1.

#txlege 

https://t.co/NH7aLJAN6Z via @elpasotimes",2019-07-30 17:18:56,en
1524,90651198,GregAbbott_TX,Greg Abbott,Proud to call Texas home. https://t.co/EfcvsfZSo4,2019-07-30 01:14:49,en
1525,90651198,GregAbbott_TX,Greg Abbott,"The Texas National Guard joins San Benito to wage war on drug havens in the Rio Grande Valley  
 
In September, the National Guard’s Operation Crackdown will raze about 25 run-down houses, many suspected to be drug havens.

#txlege @TexasGuard

https://t.co/EayA3WHy8r",2019-07-30 00:07:06,en
1526,90651198,GregAbbott_TX,Greg Abbott,"Repeat DWI offenders are released back onto the streets endangering Texans.

""In 2017, 39% of all fatal crashes in Texas involved a drunken driver,"" according to the most recent data.

#Txlege, we must address this.

https://t.co/BaCVzpUJZC",2019-07-29 01:26:32,en
1527,90651198,GregAbbott_TX,Greg Abbott,"28 known gang members arrested during 'Operation Gang Busters'

Texas has ZERO TOLERANCE for gang members who threaten our communities. 

The Texas Dept. of Public Safety joined local &amp; federal authorities on this crackdown. 

#txlege   https://t.co/ATZ9NCzRmM",2019-07-28 15:38:28,en
1528,90651198,GregAbbott_TX,Greg Abbott,Have a blessed Sunday. https://t.co/dA5EQLdE2C,2019-07-28 14:47:30,en
1529,90651198,GregAbbott_TX,Greg Abbott,"Happy birthday to my mom. 

We lost her last decade, but she remains ever present in our lives. https://t.co/lUrVlmJyAm",2019-07-27 19:22:48,en
1530,90651198,GregAbbott_TX,Greg Abbott,"Former Mexican police officer indicted for trafficking enough fentanyl to kill 10 million.  

He was pulled over by a Texas Dept. of Public Safery trooper. 

We thank our federal partners for prosecuting him. 

https://t.co/MePyCH8zhB",2019-07-27 16:08:08,en
1531,90651198,GregAbbott_TX,Greg Abbott,"More teacher pay raises &amp; property tax cuts stemming from the laws Texas passed this session.

Hutto ISD announces pay raises for teachers. 

They also proposed cutting property tax rates by almost 10%

Similar proposals are being made across TX.

#txlege
https://t.co/GGKgnFPIcA",2019-07-26 23:57:13,en
1532,90651198,GregAbbott_TX,Greg Abbott,"Texans—Your hard work has powered our state to the 2nd fastest growing GDP in America. 

Our economy is on 🔥🔥🔥!!!

Our Gross Domestic Product is now more than 1.8 TRILLION  DOLLARS a year. 

#txlege https://t.co/r8HiOixbbW",2019-07-26 01:45:04,en
1533,90651198,GregAbbott_TX,Greg Abbott,"RT @AbbottCampaign: From being a leading advocate for property tax relief to reforming our public education system, @MattShaheen can be cou…",2019-07-25 23:33:02,en
1534,90651198,GregAbbott_TX,Greg Abbott,"On #NationalTequilaDay I’m sippin’ on my favorite. 

It’s a product of George Strait. https://t.co/5qi9MVUJpR",2019-07-25 04:12:05,en
1535,90651198,GregAbbott_TX,Greg Abbott,"@candynoble was a difference maker in the Texas House of Representatives. She helped deliver property tax reforms, increase teacher pay, and fund border security. 

Help re-elect her to ensure Texas will advance a conservative agenda.  

#txlege https://t.co/oFqIlZ9kKr",2019-07-24 18:14:01,en
1536,90651198,GregAbbott_TX,Greg Abbott,"I had the pleasure to meet one of our young Texans, Levi. 

Check out the Lone Star boots. https://t.co/om36ZW8IU9",2019-07-23 23:43:07,en
1537,90651198,GregAbbott_TX,Greg Abbott,"That does it. 

I believe in less government.

But allowing these scooters on crowded interstate highways is bad government and endangers public safety. 

Action is needed. 

#txlege https://t.co/EnfU3eBP0G",2019-07-23 05:28:12,en
1538,90651198,GregAbbott_TX,Greg Abbott,Thanks Matt for helping to get the Fragile Kids bill to my desk. https://t.co/yuVdz6SCfs,2019-07-23 05:20:43,en
1539,90651198,GregAbbott_TX,Greg Abbott,"Yes, Texans, you’re really that good. 

You created more jobs than any state in America. 

And our unemployment rate set an all-time record low. 

Texas = Jobs 

#txlege  https://t.co/IJnYs9UStA",2019-07-21 15:51:19,en
1540,90651198,GregAbbott_TX,Greg Abbott,"Congratulations to the City of Abilene on successfully addressing Veterans' Homelessness.

Other cities should follow your example.

#txlege

https://t.co/BSARqhMPlL",2019-07-21 01:53:27,en
1541,90651198,GregAbbott_TX,Greg Abbott,"We celebrate another example of American exceptionalism. 

Spurred by freedom, the American people have consistently displayed the spirit &amp; innovation that has made America the greatest country in the history of the world. 

God Bless America.  

#MoonLanding https://t.co/vKYCtJvXnd",2019-07-20 20:51:27,en
1542,90651198,GregAbbott_TX,Greg Abbott,"The 14 most popular Governors in America have one thing in common....

....they are all Republican.  

Republicans are delivering common sense government that cuts taxes, controls spending, reduces regulation, supports law enforcement &amp; funds education.  https://t.co/I4ilxqipTB",2019-07-20 15:49:46,en
1543,90651198,GregAbbott_TX,Greg Abbott,"Students came to the Capitol to testify that government shouldn’t prevent them from selling lemonade.  

We agreed!!!

It is now law that kids can sell lemonade at stands in Texas. 

Capitalism for kids! https://t.co/v18vzO5tMD",2019-07-20 00:54:34,en
1544,90651198,GregAbbott_TX,Greg Abbott,This looks like #TopGun2 might be better than the first #TopGun. https://t.co/cNvVH2o3ho,2019-07-19 03:05:03,en
1545,90651198,GregAbbott_TX,Greg Abbott,"Today I signed the ⁦@ChickfilA⁩ law in Texas. 

And, had a great lunch. 

No business should be discriminated against simply because its owners donate to a church, the Salvation Army, or other religious organization. 

Texas protects religious liberty. https://t.co/1QwSTuoWu0",2019-07-19 00:32:53,en
1546,90651198,GregAbbott_TX,Greg Abbott,"In some states leaders support abortion until the last minute of pregnancy — even after a child is born. 

Not in Texas. 

I formally signed the Born Alive Act to make it illegal to kill a child who survives an abortion. 

It also ensures the baby receives needed medical care. https://t.co/NOMzs6xxsK",2019-07-18 15:43:54,en
1547,90651198,GregAbbott_TX,Greg Abbott,"Another example of an ISD proposing teacher pay raises while CUTTING PROPERTY TAX RATES

These just now appear in proposed budgets because they had to wait until the law was passed.

Future tax increases will be limited by the 2.5% revenue growth cap.

https://t.co/ThBg8GT5EH https://t.co/ygPovIzm8y",2019-07-18 03:09:25,en
1548,90651198,GregAbbott_TX,Greg Abbott,"Texas Property Tax Reform delivers raises for teachers &amp; relief for homeowners.

For example: 

""Richardson ISD teachers are getting a raise""--

--while the district is CUTTING its tax rate from $1.17 to $1.07 per $100 valuation.

More than 8.5% rate cut

https://t.co/082JtMtUcf",2019-07-18 02:48:47,en
1549,90651198,GregAbbott_TX,Greg Abbott,"Today I formally signed a law that protects Texans from surprise medical bills. 

Texas is now a national leader in protecting patients from skyrocketing medical costs. 

Thanks #txlege https://t.co/LITSgl5PGs",2019-07-18 00:08:11,en
1550,90651198,GregAbbott_TX,Greg Abbott,"Have you ever been burdened by sky high surprise medical bills?

Texas now boasts the nation’s strongest laws to shield patients from surprise bills.

#txlege

https://t.co/8BmI4YBQaM",2019-07-16 16:43:03,en
1551,90651198,GregAbbott_TX,Greg Abbott,"We had that word with Twitter today.

We are working on solutions to ensure posts are seen. https://t.co/W1oQU2FHVg",2019-07-15 23:36:55,en
1552,90651198,GregAbbott_TX,Greg Abbott,"This soldier gave his life for our country.

We remember our heroes.

God Bless America. https://t.co/hDBQUede9t",2019-07-15 23:34:24,en
1553,90651198,GregAbbott_TX,Greg Abbott,"Texas has an out-sized impact on the U.S. economy. 

25% of all U.S. office construction in the last decade was in Texas
 
“We continue to be on top of the list of best places to do business &amp; have a highly skilled labor force &amp; favorable tax conditions.” https://t.co/gAyR1ihs24",2019-07-15 14:59:50,en
1554,90651198,GregAbbott_TX,Greg Abbott,"This day 35 years ago my back was broken &amp; I was paralyzed forever. 

Little did I know I would one day be Governor of Texas. 

It just shows that anything is possible in our great state. 

Never let your challenges stop YOU from achieving your goals. https://t.co/xPZaQ9hxXq",2019-07-15 01:13:26,en
1555,90651198,GregAbbott_TX,Greg Abbott,"SHHH Texans!  Keep this between us.

But I thought you'd want to know.

Texas continues its reputation as a low tax state.

This study shows Texas has the 3rd lowest (3rd best) State &amp; Local tax collections per person.

https://t.co/gbliliEsCW via @usatoday",2019-07-14 22:51:28,en
1556,90651198,GregAbbott_TX,Greg Abbott,"The American flag is more than fabric. 

It’s the universal symbol of freedom. 

It’s a reminder that we are the land of the free &amp; home of the brave—paid for by blood. 

Families have been separated—permanently—in defense of that flag so that others can live in freedom. https://t.co/C8UaU0KMxA",2019-07-14 14:52:34,en
1557,90651198,GregAbbott_TX,Greg Abbott,"Talk about a perfect time to be taking a video...
#blackout https://t.co/1feFikirgu",2019-07-14 04:44:40,en
1558,90651198,GregAbbott_TX,Greg Abbott,"We send prayers to the people of Louisiana who are battling #HurricaneBarry2019. 

We also send help. 

Texas sent search &amp; rescue teams to help save lives. 

God Bless Louisiana. https://t.co/wI8TiYVZJX",2019-07-13 22:42:18,en
1559,90651198,GregAbbott_TX,Greg Abbott,"I dare @AOC or any Presidential candidate to support this anti-American act. 

In fact they must all condemn it. 

We need to know just how patriotic they are. 

Which country’s flag do they support? https://t.co/jGCzH9GBid",2019-07-13 16:43:59,en
1560,90651198,GregAbbott_TX,Greg Abbott,"Multiple reports say Twitter categorized my Blue Angels post as sensitive. 

Just another way Twitter is erecting challenges for conservatives and for American institutions. 

My office is calling Twitter officials for a meeting. 

Greater regulation of Twitter is on the table. https://t.co/ElY8lpnES9",2019-07-13 15:03:38,en
1561,90651198,GregAbbott_TX,Greg Abbott,"I’ve always loved watching the Blue Angels. 

They inspire the precision and power that makes the U.S. military the mightiest in the history of the world. https://t.co/bpFwX5HwK0",2019-07-13 14:36:43,en
1562,90651198,GregAbbott_TX,Greg Abbott,"Austin is moving forward with monthly cleanups of homeless camps.

65 different locations are targeted at least once a month.

Maintaining public health &amp; safety at these public areas has been around since 2015.
It's right to continue this.

#txlege

https://t.co/gMZNLC4Nfa",2019-07-13 00:20:31,en
1563,90651198,GregAbbott_TX,Greg Abbott,"We help our neighbors in time of need.

Texas has deployed resources to Louisiana ahead of Tropical Storm Barry.

At same time we are providing resources to help East Texas regions that may face flooding.

 https://t.co/c7GW88Qoht",2019-07-12 21:31:27,en
1564,90651198,GregAbbott_TX,Greg Abbott,"Texas is enforcing the ban on sanctuary cities. 

Here’s the latest in the legal battle against San Antonio. 

This is the first major test of the Texas Sanctuary Ban &amp; will be in courts for awhile.

Expect more enforcement in coming months. 

#txlege  https://t.co/MEoJyumSyN",2019-07-12 09:08:37,en
1565,90651198,GregAbbott_TX,Greg Abbott,"Thank You AT&amp;T 👏👏

AT&amp;T will introduce automatic blocking for robocalls. 

#txlege  https://t.co/p5oxsaXOJH",2019-07-11 04:56:36,en
1566,90651198,GregAbbott_TX,Greg Abbott,"Just wait till these frustrated citizens learn that Austin still bans homeless camping AT CITY HALL.

Mayor Adler acknowledged that business owners are concerned about the impact that homeless campers have on business but they shouldn’t consider the City Hall ban hypocritical. https://t.co/Dm31g5Wk5B",2019-07-11 01:44:08,en
1567,90651198,GregAbbott_TX,Greg Abbott,"Today I’m at the Emergency Operation Center preparing the state for the storm in the Gulf.  

Some predict the storm could turn into a hurricane. 

I encourage all Texans in the Gulf region to do all you can to keep your lives &amp; property safe.  

#txlege https://t.co/qQI9eGrNYW",2019-07-10 18:59:13,en
1568,90651198,GregAbbott_TX,Greg Abbott,"Ross Perot exemplified what it means to be a Texan and American. 

He leaves an enormous legacy. https://t.co/aZdOGclSEi",2019-07-09 22:37:29,en
1569,90651198,GregAbbott_TX,Greg Abbott,"No one should be victimized by sexual assault. 

Today I signed Melissa’s Law to close a loophole that gave lighter sentences to some rapists. 

If you sexually assault someone in Texas you will face stiff punishment. 

#txlege https://t.co/sW6cIEiZM0",2019-07-09 18:01:09,en
1570,90651198,GregAbbott_TX,Greg Abbott,"Texas is the No. 1 state for business startups for the second year in a row.

#txlege

https://t.co/qwr4ZkQMmY",2019-07-09 03:18:23,en
1571,90651198,GregAbbott_TX,Greg Abbott,"Houston man accused of trying to join ISIS pleads guilty. 

Thanks to the Law Enforcement agencies that brought this criminal to justice.   https://t.co/K0l47xYM8L",2019-07-08 19:28:40,en
1572,90651198,GregAbbott_TX,Greg Abbott,This is gold. https://t.co/qWHY7f5aMz,2019-07-08 06:44:56,en
1573,90651198,GregAbbott_TX,Greg Abbott,"Police track down Texas teen who licked Blue Bell ice cream then put it back in Walmart freezer

Glad they caught this despicable criminal

Behavior like this is unacceptable in Texas &amp; is rightfully punished

Don't Mess With Texas... or with Blue Bell

https://t.co/qLTVIa4uv1",2019-07-08 05:24:50,en
1574,90651198,GregAbbott_TX,Greg Abbott,"Tonight the Governor’s Mansion is lit blue for Fallen Law Enforcement Officer Day in Texas. 

We remember the officers who lost their lives in the 2016 attack in Dallas.  

We are grateful for our law enforcement officers who risk their lives to keep Texas safe. 

#BackTheBlue https://t.co/wkIFksZz3u",2019-07-07 21:01:00,en
1575,90651198,GregAbbott_TX,Greg Abbott,Happy Birthday President Bush. https://t.co/QlHDoCbjRA,2019-07-06 19:38:20,en
1576,90651198,GregAbbott_TX,Greg Abbott,This is the kind of things Texans do. https://t.co/SxXIawRzQi,2019-07-06 07:13:42,en
1577,90651198,GregAbbott_TX,Greg Abbott,"Happy Birthday America. 

Thanks to our military for preserving American Independence.  

#IndependeceDay 
#4thofJuly https://t.co/dTticd93qq",2019-07-04 19:46:59,en
1578,90651198,GregAbbott_TX,Greg Abbott,"Even Obama’s Secretary of Homeland Security says that Democrat Candidates' border Proposals are  'tantamount to declaring publicly that we have open borders” 
 https://t.co/DejVWxvg9m",2019-07-03 20:43:29,en
1579,90651198,GregAbbott_TX,Greg Abbott,This is now the longest U.S. economic expansion in history.  https://t.co/sMHeT2OZBg,2019-07-02 15:59:56,en
1580,90651198,GregAbbott_TX,Greg Abbott,"Look at this insanity caused by Austin’s reckless homeless policy. 

All state-imposed solutions are on the table including eliminating local sovereign immunity for damages and injuries like this caused by a city’s homeless policy. 

The horror stories are piling up. 

#txlege https://t.co/WkBryvLKWU",2019-07-02 05:39:41,en
1581,90651198,GregAbbott_TX,Greg Abbott,Well said. https://t.co/KQxS0aDddr,2019-07-01 02:11:13,en
1582,90651198,GregAbbott_TX,Greg Abbott,"Raise your hand if you predicted Trump would be the first President to visit North Korea since the Korean War. 

No one knows how this will end up. 

But it sure is fascinating history. https://t.co/IWJ2oPjKjm",2019-06-30 06:52:13,en
1583,90651198,GregAbbott_TX,Greg Abbott,"Texas is serious about clearing rape kit backlog. 

We will use this evidence to arrest &amp; prosecute rapists. 

And we will help victims of sex assault. 

#txlege  https://t.co/zqCl7TzPkp",2019-06-29 20:55:58,en
1584,90651198,GregAbbott_TX,Greg Abbott,"Congratulations to teachers in Midland.

MISD board approves raises for all teachers.

You will guide our students to a brighter future.

#txlege
https://t.co/RrpmaU7Pm2 via @mwtnews",2019-06-28 02:57:57,en
1585,90651198,GregAbbott_TX,Greg Abbott,"On this day in 2005 the U. S. Supreme Court issued its decision in the case I argued defending the Ten Commandments Monument on the Texas Capitol grounds. 

We won!

And that monument still stands today. https://t.co/82bxrz9nKD",2019-06-28 02:04:41,en
1586,90651198,GregAbbott_TX,Greg Abbott,"I’ve issued a disaster declaration for Cameron, Hidalgo &amp; Willacy Counties after severe flooding. 

Texas will work with local communities to help them recover as quickly as possible. 

#txlege  

https://t.co/1ahQGaOSva",2019-06-27 21:51:30,en
1587,90651198,GregAbbott_TX,Greg Abbott,"Congress: Do your job.

House to vote on Senate's version of emergency border bill.

https://t.co/51c4tFrEuO",2019-06-27 20:42:41,en
1588,90651198,GregAbbott_TX,Greg Abbott,"Houston-area teachers to get raises thanks to new state budget plan.

This helps to hire and retain the best teachers to educate our students. 

#txlege
https://t.co/dFHSNXRrEl via @HOUBizjournal",2019-06-27 20:34:39,en
1589,90651198,GregAbbott_TX,Greg Abbott,"Texas energy companies continue to advance new technologies that reduce carbon. 

Exxon Mobil invests in Global Thermostat carbon capture technology. 

#txlege  https://t.co/540jAr2Caw",2019-06-27 18:19:57,en
1590,90651198,GregAbbott_TX,Greg Abbott,"Behind scene action at #DemDebate 

⁦@TexasPancake⁩ https://t.co/Bwlbu2b6u7",2019-06-27 01:56:08,en
1591,90651198,GregAbbott_TX,Greg Abbott,"More headlines like this are coming:

Property tax reduction approved in BISD. 

“The new law should mean a lower tax burden for most of the district’s taxpayers”

The BISD tax rate was lowered from $1.17 to $1.10 per $100 of property value by the board. https://t.co/16878yufDN",2019-06-27 00:22:02,en
1592,90651198,GregAbbott_TX,Greg Abbott,"Here’s wishing a quick recovery for @MattressMack who had a stroke scare. 

He’s done so much to help Texans, especially providing shelter for Hurricane Harvey victims. 

Thanks Mack. 
Get well soon. https://t.co/A4CxFr6Mym",2019-06-26 02:30:58,en
1593,90651198,GregAbbott_TX,Greg Abbott,"More National Guard troops are deployed to the border.

Why?

More than 45,000 people from 52 different countries were apprehended crossing the border in just 3 weeks this month.

Now, Congress must do its job &amp; fund border security. 

https://t.co/cn8SRFRelF",2019-06-26 01:30:46,en
1594,90651198,GregAbbott_TX,Greg Abbott,"The 10th Amendment. 
Read it.  Understand it. 
Learn how I applied it as Attorney General. 
Most power in America is intended to be with states and individuals. https://t.co/iA9ZTpb7Kv https://t.co/AQ1uxHXjO2",2019-06-25 05:03:41,en
1595,90651198,GregAbbott_TX,Greg Abbott,Hosting a statewide telephone town hall to talk with Texans about issues on their mind and our successful legislative session. #txlege https://t.co/epiIqV7rnY,2019-06-25 00:13:37,en
1596,90651198,GregAbbott_TX,Greg Abbott,"If Austin— or any other Texas city—permits camping on city streets it will be yet another local ordinance the State of Texas will override. 

At some point cities must start putting public safety &amp; common sense first. 

There are far better solutions for the homeless &amp; citizens. https://t.co/xYezoovVCg",2019-06-24 01:40:09,en
1597,90651198,GregAbbott_TX,Greg Abbott,If only people knew how you were blasting the board with your throws. 😂😂😂 https://t.co/mMQaUOJE0k,2019-06-22 23:08:15,en
1598,90651198,GregAbbott_TX,Greg Abbott,"Dinner &amp; games with Longhorn Legend @sehlinger3 and his family and friends. 

#HookEm https://t.co/uo2LnxMKaU",2019-06-22 22:43:58,en
1599,90651198,GregAbbott_TX,Greg Abbott,"Texas Sets New Record All-Time Low Unemployment Rate of 3.5%. 

There’s never been a better time for jobs in Texas.  https://t.co/ftOgCTxPSd",2019-06-22 21:36:26,en
1600,90651198,GregAbbott_TX,Greg Abbott,"I just deployed 1,000 National Guard Troops to the border. 

This is needed because more than 45,000 people were apprehended crossing our border illegally in the last 3 weeks. 

They come from 52 different countries. 

Congress must do its job and fund border security. https://t.co/gIsfOmQKoM",2019-06-21 17:51:12,en
1601,90651198,GregAbbott_TX,Greg Abbott,"Texas tops the U.S. for real estate development spending and jobs.
#TexasForever
https://t.co/GC3HjzFnml",2019-06-20 22:43:54,en
1602,90651198,GregAbbott_TX,Greg Abbott,"Thanks @RepDanCrenshaw for doing your part to help address the border challenges. 
Texans need the entire delegation from their state to step up and fix this. https://t.co/S7T6YPz85X",2019-06-20 17:32:20,en
1603,90651198,GregAbbott_TX,Greg Abbott,"I signed a law to ensure rapists are caught and prosecuted by providing funding needed to clear the backlog of untested rape evidence.  

Thanks to #txlege for getting this done. https://t.co/3SYIctSwYQ",2019-06-20 00:25:57,en
1604,90651198,GregAbbott_TX,Greg Abbott,"Today we celebrate #Juneteenth2019. 

Texas was the first state to establish Juneteenth as a state holiday. 

We celebrate the arrival of the Emancipation Proclamation in Texas, the abolition of slavery, and the guarantee of freedom. 

May freedom &amp; peace forever reign in Texas.",2019-06-19 21:39:19,en
1605,90651198,GregAbbott_TX,Greg Abbott,"I signed a law that bans sanctuary cities in Texas two years ago. 

Allegations are being investigated for possible legal action. 

#TexasForever https://t.co/y5l4jhV3qz",2019-06-19 03:18:34,en
1606,90651198,GregAbbott_TX,Greg Abbott,"Do you dislike costly surprise medical bills?

We now have a law against them in Texas.

 https://t.co/OV38IT2Z0K",2019-06-19 01:58:22,en
1607,90651198,GregAbbott_TX,Greg Abbott,"Democrat border town mayor says 'we are sick and tired' of feds not listening, fixing illegal immigration problem. 

Congress must step up &amp; do it’s job. 

In meantime Texas is adding Dept. of Public Safety Troopers &amp; National Guard to border security. 

https://t.co/WRf0evko6v",2019-06-18 18:39:47,en
1608,90651198,GregAbbott_TX,Greg Abbott,"Great to join Fox &amp; Friends to talk about @ChickfilA, property tax cuts &amp; teacher pay raises in Texas. 

https://t.co/WV3BVGCeVT",2019-06-18 15:31:40,en
1609,90651198,GregAbbott_TX,Greg Abbott,"What a great band!
Truly enjoyed your tremendous performance. https://t.co/X594JF3BmT",2019-06-18 04:35:26,en
1610,90651198,GregAbbott_TX,Greg Abbott,"The State of Texas is eternally grateful for the heroism and valor shown by law enforcement &amp; first responders to bring a swift end to this senseless attack.

We are an exceptional state because of the service &amp; sacrifice of those who serve &amp; protect us.

https://t.co/8s1t2MKE3U",2019-06-18 02:24:19,en
1611,90651198,GregAbbott_TX,Greg Abbott,"Texas is dedicating almost a billion dollars to help secure the border. 

We’re funding the National Guard &amp; Department of Public Safety to help Border Patrol.  

We’re adding boats &amp; planes to detect &amp; deter cartels that try to smuggle people into Texas. 

#txlege https://t.co/70deqMnZmI",2019-06-17 23:54:35,en
1612,90651198,GregAbbott_TX,Greg Abbott,"RT @LifeNewsHQ: VICTORY!

Texas Gov. Greg Abbott Signs Bill to Stop Infanticide, Care for Babies Born Alive After Abortion 

https://t.co/a…",2019-06-17 21:23:41,en
1613,90651198,GregAbbott_TX,Greg Abbott,Best Father’s Day video I’ve seen today. https://t.co/XkIHQDQkAS,2019-06-17 04:08:04,en
1614,90651198,GregAbbott_TX,Greg Abbott,Congratulations! https://t.co/NYpRHAL2sz,2019-06-17 02:44:49,en
1615,90651198,GregAbbott_TX,Greg Abbott,"@jen_myPsalms182 ""Texas retired teachers can expect extra pension check of up to $2,000""  This is accurate. We were able to do it by making the Teacher Retirement System actuarily sound.
https://t.co/2un53Zw5ia",2019-06-17 02:41:43,en
1616,90651198,GregAbbott_TX,Greg Abbott,"""Humble ISD teachers will get 7% raise this year.""

Headlines like this are appearing across the state.

Texas wants to hire &amp; retain the best teachers &amp; create a pathway to earn a 6-figure salary.

This is first big pay raise for teachers in a long time.

https://t.co/UBPxCdLVfG",2019-06-17 02:29:51,en
1617,90651198,GregAbbott_TX,Greg Abbott,"My niece was promoted to Captain in the National Guard. 

Her full time job is as a police officer at San Antonio Police Dept. 

So proud. 

@TexasGuard @NationalGuard https://t.co/Knon23TzwI",2019-06-16 23:31:42,en
1618,90651198,GregAbbott_TX,Greg Abbott,"Fathers cherish the memories they have with their children. 

The role of Father is more important than ever. 

I wish all Fathers a very happy #FathersDay. https://t.co/pvXujPO6On",2019-06-16 20:06:50,en
1619,90651198,GregAbbott_TX,Greg Abbott,"OJ Simpson is now on Twitter. 
Live reaction. https://t.co/2D18n8lIga",2019-06-16 04:11:57,en
1620,90651198,GregAbbott_TX,Greg Abbott,"@Brackston I look forward to shaking your hand. 
Thanks for creating a great meme.",2019-06-15 23:33:57,en
1621,90651198,GregAbbott_TX,Greg Abbott,"@Brackston Congrats if you did. 
It’s flying around the inter webs.",2019-06-15 22:15:29,en
1622,90651198,GregAbbott_TX,Greg Abbott,https://t.co/8gPZ3W6Kmq,2019-06-15 21:45:36,und
1623,90651198,GregAbbott_TX,Greg Abbott,"I just signed a law allowing “Beer-to-Go” in Texas. 

It allows you to take home beer from Craft Breweries in Texas. 

Enjoy responsibly. 

Thanks #txlege 
#beer https://t.co/qDRkZgS9m6",2019-06-15 16:20:53,en
1624,90651198,GregAbbott_TX,Greg Abbott,#TexasForever https://t.co/XPkn9Urmgx,2019-06-15 04:50:46,und
1625,90651198,GregAbbott_TX,Greg Abbott,"Make Local Politics Great Again. 

https://t.co/SHQSE7E8Ro",2019-06-15 03:12:34,en
1626,90651198,GregAbbott_TX,Greg Abbott,"Are you tired of deceptive calls from telemarketers?

I just signed a law out-lawing it in Texas. 

Thanks #txlege https://t.co/VB03HXeQ91",2019-06-14 21:25:00,en
1627,90651198,GregAbbott_TX,Greg Abbott,"Today I signed a law that creates a fund to assist our communities after natural disasters and to match federal aid for future storms. 
The law includes $1.6 billion in state aid for Harvey Harvey plus funding for flood projects.
#txlege
 https://t.co/2DLipds1wR via @houstonchron",2019-06-14 04:36:03,en
1628,90651198,GregAbbott_TX,Greg Abbott,"Thank you for sponsoring this common sense legislation.

Your new grand-child will soon be selling lemonade because of your help. https://t.co/mYSgrTwFCv",2019-06-13 04:34:15,en
1629,90651198,GregAbbott_TX,Greg Abbott,"Texas Just Keeps Getting Freer.

Here Are 5 New Laws That Give Texans More Liberty.

And, there's more where that came from.

#txlege

 https://t.co/o1zrm9YYfS",2019-06-13 02:10:50,en
1630,90651198,GregAbbott_TX,Greg Abbott,"“Tightening the leash on property taxes in Texas is now a reality.”
 
I signed a law that cut property taxes by $5 Billion. 

Also I signed a law that caps how much cities, counties and school districts can raise property taxes in the future. 

#txlege 

https://t.co/q8Hx4TmV5Q",2019-06-12 22:23:31,en
1631,90651198,GregAbbott_TX,Greg Abbott,@UNiKMeTaLLiX The school taxes part is the largest part of the property tax bill paid by homeowners and businesses. This law lowers the property tax rate of all property tax payers in Texas.,2019-06-12 20:57:58,en
1632,90651198,GregAbbott_TX,Greg Abbott,"Texas is helping the police officers who protect our communities &amp; families. 
We now have a law that helps cops pay back student loans.
Thanks #txlege for getting this to my desk.
#BackTheBlue
 https://t.co/JVWypDpHy6",2019-06-12 02:52:54,en
1633,90651198,GregAbbott_TX,Greg Abbott,@69Entrepreneur Most of your property taxes are school property taxes. Your tax bill should decrease the amount of the reduction in school property taxes.,2019-06-12 00:36:49,en
1634,90651198,GregAbbott_TX,Greg Abbott,"Today I signed a law that:
- cuts property taxes
- pays teachers more &amp;
- better funds public education. 

God Bless Texas. 

Thanks #txlege for your hard work. https://t.co/yaq850YJBR",2019-06-11 23:47:05,en
1635,90651198,GregAbbott_TX,Greg Abbott,@Karen87926480 @RepMattKrause See my previous tweet,2019-06-11 02:26:24,en
1636,90651198,GregAbbott_TX,Greg Abbott,@BobbyWidner1 @RepMattKrause See my prior tweet,2019-06-11 02:25:33,en
1637,90651198,GregAbbott_TX,Greg Abbott,"It’s now legal for kids to sell lemonade at stands. 

We had to pass a law because police shut down a kid’s lemonade stand. 

Thanks to ⁦@RepMattKrause⁩. 
#txlege 
#LEMONADE https://t.co/xwfCob2nvV",2019-06-11 01:51:12,en
1638,90651198,GregAbbott_TX,Greg Abbott,"In addition to border security, my office is working on Health Security.
The Dept. of State Health Services is monitoring immigration sites to protect against infectious disease.
In the meantime, Congress must secure the border &amp; prevent a health threat. 

https://t.co/u8jjWqLsTG",2019-06-11 01:08:37,en
1639,90651198,GregAbbott_TX,Greg Abbott,"My desk Friday —&gt; 
My desk now  =
Got ‘er dun 🤠 https://t.co/JdE2HrnCpn",2019-06-10 04:12:20,en
1640,90651198,GregAbbott_TX,Greg Abbott,"I just signed a law protecting free speech on college campuses. 

#txlege https://t.co/jHIh8431SH",2019-06-10 00:12:21,en
1641,90651198,GregAbbott_TX,Greg Abbott,"The “walking quorum” loophole in the Texas Open Meetings Act is now closed. 

This ensures greater transparency in government proceedings. 

SB 1640 has been signed and is now law. https://t.co/XZ5DqDQfQI",2019-06-09 23:09:20,en
1642,90651198,GregAbbott_TX,Greg Abbott,"SB 12 is now law. 
It funds the Teacher Retirement System and puts it on a path toward actuarial soundness. This reduces an unfunded liability. 

SB 12 also provides a one-time supplemental payment to retired school employees. 
#txlege https://t.co/mqPjpYXXgN",2019-06-09 22:36:38,en
1643,90651198,GregAbbott_TX,Greg Abbott,"We are sending prayers and offering any help needed to those affected by storms today. 
#txlege https://t.co/S5FbxTJSR3",2019-06-09 22:02:47,en
1644,90651198,GregAbbott_TX,Greg Abbott,The Lord is my strength and my shield. https://t.co/WcrOkUpe0b,2019-06-09 19:57:01,en
1645,90651198,GregAbbott_TX,Greg Abbott,@AirwreckaVee @EpochTimes FYI the military is exempt from this law,2019-06-09 18:22:02,en
1646,90651198,GregAbbott_TX,Greg Abbott,@MikeBert87 @EpochTimes FYI the law exempts military.,2019-06-09 18:21:12,en
1647,90651198,GregAbbott_TX,Greg Abbott,"Turns out the critics of the Texas maternal mortality rate were just lying. 
It’s less than half of what the critics said. It’s about 1/10 of 1%. 
Still, Texas has done more than ever to reduce that rate even more. 
Facts matter. 
#txlege  https://t.co/azZO4LEh1O",2019-06-09 16:07:59,en
1648,90651198,GregAbbott_TX,Greg Abbott,"It’s do or die time for legislation in Texas. 
Are they signed and given life?
Or are they given last rights?
#txlege https://t.co/g5KN2C66te",2019-06-08 17:00:54,en
1649,90651198,GregAbbott_TX,Greg Abbott,"AWESOME. Texas Tech Athletics is on FIRE this year.
Texas Tech Track &amp; Field is now your NATIONAL CHAMPION.
Go  @TexasTechTF.
This on top of the Championship game played by @TexasTechMBB.
And the Tech baseball team is doing well.
This is the year of #WreckEm.
@TexasTech https://t.co/iTvphRz1v4",2019-06-08 04:27:15,en
1650,90651198,GregAbbott_TX,Greg Abbott,"I love this video.
A great young patriot. https://t.co/CCirkcUK3c",2019-06-08 04:07:48,en
1651,90651198,GregAbbott_TX,Greg Abbott,"We will do whatever it takes to assist our law enforcement partners to keep Texans safe.
#txlege
 https://t.co/6itecip9eI via @TexasTribune",2019-06-08 02:39:06,en
1652,90651198,GregAbbott_TX,Greg Abbott,"Aaron Watson stopped by today with his hit new music: Red Bandana. 

Check it out. 

@aaron_watson https://t.co/hRqTZX8zTR",2019-06-07 23:26:42,en
1653,90651198,GregAbbott_TX,Greg Abbott,"An amazing story about an American soldier who landed at Omaha Beach on D-Day recalling the hell of battle &amp; gratitude for survival. (Click on the link below)

All Americans need to know these stories to understand why we are the greatest country in the history of the world. https://t.co/Qk7BlmY0nE",2019-06-07 05:34:59,en
1654,90651198,GregAbbott_TX,Greg Abbott,"RT @RepMattKrause: Thank you @GregAbbott_TX! Enjoyed working with your office on HB 218/SB 37 ""The Removing Barriers to Work Act."" The prio…",2019-06-07 03:40:27,en
1655,90651198,GregAbbott_TX,Greg Abbott,"Today I signed school safety laws in response to the Santa Fe High School shooting. 
They make our schools safer places for children to learn, for teachers to educate, and for families to gather. 
#txlege 
https://t.co/F0Xd9311hW",2019-06-07 03:16:39,en
1656,90651198,GregAbbott_TX,Greg Abbott,"Texas is protecting your right to earn a living with a law that prevents an occupational license from being denied or revoked because of default on a student loan. 
#txlege https://t.co/fAgLUdFU1w",2019-06-06 23:45:27,en
1657,90651198,GregAbbott_TX,Greg Abbott,"Some people want to make Texas the radioactive waste dumping ground of America.

I won't let that happen,
#txlege

https://t.co/99H8OxiHFo",2019-06-06 03:14:29,en
1658,90651198,GregAbbott_TX,Greg Abbott,"No Texan should be in danger.

I will make the resources of the state of Texas and the Texas Department of Public Safety available to Dallas to ensure that they have every resource and tool they need to address any increase in murders in Dallas.
#txlege
https://t.co/VKo8CtHquX",2019-06-05 02:01:11,en
1659,90651198,GregAbbott_TX,Greg Abbott,"For some issues it doesn't matter what political party, what race, what geography you come from. Everybody wants safety &amp; justice. That's what we delivered with this historic legislation to end the rape kit test backlog &amp; to combat sex crimes. #txlege
https://t.co/OuVcoNdhrB",2019-06-05 00:35:20,en
1660,90651198,GregAbbott_TX,Greg Abbott,"Gov. Greg Abbott and Officer's Widow Demolish the Houston Chronicle After Lying About Her https://t.co/BYeaz0OwnJ. 

Chronicle now caught publishing false information again.",2019-06-04 20:46:19,en
1661,90651198,GregAbbott_TX,Greg Abbott,"Today I signed 5 laws that crack down on human trafficking and that help victims of sexual assault. 

Thanks #txlege for keeping Texas a national leader in ensuring justice. 

#humantrafficking 
#EndHumanTrafficking https://t.co/GGqeLncNue",2019-06-04 19:22:50,en
1662,90651198,GregAbbott_TX,Greg Abbott,"TEXAS PLUMBERS: We’ve got this. The Legislature has given the Governor many tools in my toolbox to extend the State Board of Plumbing Examiners for two years without needing to call a special session. We will let you know very soon.  Don’t worry.
#txlege  https://t.co/OEW0UDubH7",2019-06-04 14:27:14,en
1663,90651198,GregAbbott_TX,Greg Abbott,"Agree 100%

Homeland Security Says Change Needed After ‘Dangerous Overcrowding’ At El Paso Center. 

“We need a solution &amp; changes” McAleenan said. “We asked for $4.5 billion from Congress – we need it immediately.”

Time for Congress to act.  https://t.co/VQGqVJbYZD",2019-06-04 06:17:59,en
1664,90651198,GregAbbott_TX,Greg Abbott,"I just signed a law allowing you to order beer and wine from retailers to be delivered to your home. 

Enjoy responsibly. 
#txlege https://t.co/4T6C6B7O77",2019-06-03 23:54:07,en
1665,90651198,GregAbbott_TX,Greg Abbott,"Honored to host former Ambassador from Japan, Ryozo Kato. He’s also a former Commissioner of Baseball in Japan. 

He gave me these chop sticks. They are made from wood from broken baseball bats. https://t.co/HOeaNP8k53",2019-06-03 23:00:49,en
1666,90651198,GregAbbott_TX,Greg Abbott,"The hardest-working cities in America are mostly in Texas. 

This is one of the many reasons employers like to hire Texans. 
#txlege  https://t.co/feVn3pK7US",2019-06-03 17:55:25,en
1667,90651198,GregAbbott_TX,Greg Abbott,"One of the largest solar farms in America is beginning construction in west Texas—a region known for oil &amp; gas. 

Texas is already the national leader in wind production. We are swiftly moving to that position in solar. 

#thanks ege  https://t.co/FrBLcfZ9tm",2019-06-02 16:17:31,en
1668,90651198,GregAbbott_TX,Greg Abbott,"I just signed the law that bans red light cameras in Texas. 
#txlege https://t.co/AyF28hxGwO",2019-06-01 22:05:31,en
1669,90651198,GregAbbott_TX,Greg Abbott,"Stung by medical bills? 

Texas is doing something about it 

https://t.co/akoBXgg9IY",2019-06-01 05:40:52,en
1670,90651198,GregAbbott_TX,Greg Abbott,"Are @AOC &amp; ⁦@tedcruz⁩ making a deal to prevent former members of Congress from lobbying? 

This would be epic. https://t.co/ddG9USafeK",2019-05-30 23:17:47,en
1671,90651198,GregAbbott_TX,Greg Abbott,"A starters kit for the numerous newcomers to Texas. 

Hat tip to ⁦@TexasHumor⁩ https://t.co/qS8D3L4AnI",2019-05-30 05:20:45,en
1672,90651198,GregAbbott_TX,Greg Abbott,RT @FourPriceTX: The 86th Legislative Session concluded yesterday. I appreciate @GovAbbott visiting the Texas House floor before we adjourn…,2019-05-30 01:45:14,en
1673,90651198,GregAbbott_TX,Greg Abbott,"Dad stops man with gun caught going into daughter's bedroom. 

Texas! https://t.co/gpCpeQOucs",2019-05-29 23:47:25,en
1674,90651198,GregAbbott_TX,Greg Abbott,"Pancake and Peaches with a basket of peaches picked from our tree. 

Pancake is eying peaches, not Peaches. 

⁦@TexasPancake⁩ https://t.co/lSykQd0oLM",2019-05-29 23:27:39,en
1675,90651198,GregAbbott_TX,Greg Abbott,"Texas has a new industry. 

Oyster farming will be legal in Texas as of September 1. 

Enjoy.  https://t.co/oVqpyQKuFk",2019-05-28 23:32:59,en
1676,90651198,GregAbbott_TX,Greg Abbott,"Thanks Senators for your work with the House to pass legacy legislation that will improve the lives of every generation. 

See you in 2 years. 

NO SPECIAL SESSION. 
#txlege https://t.co/sXuPLPsPNN",2019-05-27 22:23:27,en
1677,90651198,GregAbbott_TX,Greg Abbott,"Texas passed a bill making college credit easier to transfer. This is one way to reduce the cost of higher education. 

I look forward to signing it. 
#txlege  https://t.co/6MaKsaFMN7",2019-05-27 21:44:43,en
1678,90651198,GregAbbott_TX,Greg Abbott,"This Memorial Day, Texas is emphasizing remembering those who fought and died in the Vietnam War. Today more than a half-million Vietnam veterans are living in Texas. We want them to access the benefits they have earned. #txlege #MemorialDay #VietnamWar   https://t.co/cuI0gappt3",2019-05-27 20:32:56,en
1679,90651198,GregAbbott_TX,Greg Abbott,RT @loiskolkhorst: Thank you Governor @GregAbbott_TX for signing legislation promoting oyster mariculture on the gulf coast. Thank you Rep.…,2019-05-27 19:14:07,en
1680,90651198,GregAbbott_TX,Greg Abbott,"America was forged by patriots who were willing to die for Liberty. 

We have grown into the greatest country in the history of the world because generations of Americans have remembered the price of Liberty. 

This #MemorialDay we must never forget those who fought for it. https://t.co/jGygbUlZpz",2019-05-27 16:14:26,en
1681,90651198,GregAbbott_TX,Greg Abbott,"Summer is nigh.
Let the kids sell lemonade.
#GetGovernmentOffTheBacksOfKids
#LemonadeFreedom https://t.co/peptCL0wAW",2019-05-27 03:37:17,en
1682,90651198,GregAbbott_TX,Greg Abbott,"At the Capitol we recognized the Texas military members killed while serving. We honor their dedication. We remember their sacrifice. We celebrate their lives.

We have freedom because they fought for it. 

#NeverForget 
#MemorialDayWeekend 
#txlege  https://t.co/GKFnvNfxP4",2019-05-26 16:53:17,en
1683,90651198,GregAbbott_TX,Greg Abbott,"Great to have ZZ Top &amp; Willie Robertson of Duck Dynasty in Houston. 

Thanks to ZZ Top for the fabulous autographed guitar. 
It’ll be displayed in the Governor’s Office. 

Special thanks to Chuck Hill. 

⁦@ZZTop⁩ ⁦@williebosshog⁩ https://t.co/8r5sBOGF5h",2019-05-26 04:01:01,en
1684,90651198,GregAbbott_TX,Greg Abbott,"Laredo becomes No. 1 trade port in the US. It surpasses even Los Angeles. 
#txlege  https://t.co/db3DOgaTBF",2019-05-24 20:35:12,en
1685,90651198,GregAbbott_TX,Greg Abbott,"If you're fleeing states like California, NY, &amp; Illinois to move to Texas, remember why you’re escaping high taxes, burdensome regulations &amp; sanctuary policies.

We don’t want the same thing happening here. 

We plan to KEEP Texas, Texas! https://t.co/bqpScogHGk",2019-05-24 06:01:17,en
1686,90651198,GregAbbott_TX,Greg Abbott,That’s a fact. https://t.co/ROfzA1w5yR,2019-05-24 05:20:27,en
1687,90651198,GregAbbott_TX,Greg Abbott,@AaronRodgers12 not impressed. https://t.co/StM7TlgiY2,2019-05-24 04:02:26,en
1688,90651198,GregAbbott_TX,Greg Abbott,"It's
Gonna
Happen!

Texas on brink of banning surprise medical bills.

https://t.co/Hsl3toAaXY via @houstonchron",2019-05-24 02:45:13,en
1689,90651198,GregAbbott_TX,Greg Abbott,...that day when Pancake crashes the press conference announcing property tax reduction and teacher pay raises. ⁦@TexasPancake⁩ https://t.co/0Iwmu289HD,2019-05-24 02:02:59,en
1690,90651198,GregAbbott_TX,Greg Abbott,"Thanks to Senator John Cornyn for leading the U.S. Senate to release $4.4B in Hurricane Harvey housing aid to Texas. @JohnCornyn #txlege
 https://t.co/B3A1tEyxsV",2019-05-24 01:36:50,en
1691,90651198,GregAbbott_TX,Greg Abbott,"RT @RepDennisBonnen: Today I joined @GregAbbott_TX @DanPatrick &amp; #txlege Members to announce we’ve reached an agreement on HB 3, the most h…",2019-05-24 01:04:58,en
1692,90651198,GregAbbott_TX,Greg Abbott,BREAKING: We are about to announce agreement on all the big issues this legislative session. More than $5 billion in property tax reduction (more each biennium) + limits on ability to raise your property taxes more. More funding for schools + teacher pay raises. #txlege,2019-05-23 19:44:19,en
1693,90651198,GregAbbott_TX,Greg Abbott,Today I hosted the Texas tennis team. They just won the National Championship. #HookEm @texaslonghorns https://t.co/zahxbVydni,2019-05-23 17:27:35,en
1694,90651198,GregAbbott_TX,Greg Abbott,"Texas approves $3 billion in flood control after Hurricane Harvey.
We are also adopting new strategies to speed rebuilding by cutting red tape and providing assistance to local officials. #txlege 
https://t.co/ijq4G3N3Cz",2019-05-23 02:18:06,en
1695,90651198,GregAbbott_TX,Greg Abbott,Are you frustrated (angry) about skyrocketing drug prices? Legislation is headed my way on a law that will be great for patients and should help corral drug prices. #txlege  https://t.co/BAcSqKn9ub,2019-05-22 21:34:36,en
1696,90651198,GregAbbott_TX,Greg Abbott,"""Texas has the lowest unemployment rate it has ever had since the government started keeping records"" 
 
""In every metro area except San Antonio, you are seeing high-wage jobs really dominating""
 
“The tight job market is adding to overall wages”
#txlege  https://t.co/djnXGsVFS6",2019-05-22 20:34:14,en
1697,90651198,GregAbbott_TX,Greg Abbott,Sex trafficking is a widespread issue across Texas; affecting even the smallest of cities. We are combatting it wherever it exists. #EndHumanTrafficking #HumanTrafficking https://t.co/tHrsegTO3n,2019-05-22 18:40:39,en
1698,90651198,GregAbbott_TX,Greg Abbott,Proud to host the chess National Champion University of Texas Rio Grande Valley. They competed against the likes of Harvard and won it all for the second year in a row. #TexasProud ⁦@utrgv⁩ #RGV https://t.co/0CVkWwD2b4,2019-05-22 16:40:11,en
1699,90651198,GregAbbott_TX,Greg Abbott,Thanks to the @CBPSouthTexas for their tireless work on the border. #txlege https://t.co/22U0O2PXSe,2019-05-22 06:24:36,en
1700,90651198,GregAbbott_TX,Greg Abbott,"A Texas oil company is using innovation to produce oil while reducing carbon emissions. Innovation beats regulation. 
#txlege  https://t.co/ffrCkZFlPl",2019-05-21 22:22:11,en
1701,90651198,GregAbbott_TX,Greg Abbott,Texas man gets prison for smuggling immigrants in furniture. You smuggle. You go to jail.  https://t.co/3H7RoqX2Nv,2019-05-21 19:58:24,en
1702,90651198,GregAbbott_TX,Greg Abbott,"So. What are the odds I’ll sign the Chick-fil-A bill?

I’ll let you know after dinner. 

⁦@ChickfilA⁩ #txlege https://t.co/xKS3vDV4gS",2019-05-21 01:35:13,en
1703,90651198,GregAbbott_TX,Greg Abbott,HEADS UP TEXANS: Some of you will have some severe weather. We're providing resources to help your local officials respond. Please heed local warnings and take personal precautions to stay safe. #txlege https://t.co/VW19p6MNoL,2019-05-21 01:25:39,en
1704,90651198,GregAbbott_TX,Greg Abbott,"Renewal &amp; resilience today in Sutherland Springs, Texas where church opens new sanctuary 18 months after massacre of 26 worshipers. The people of Sutherland Springs have hope &amp; strength that flows from faith in God. https://t.co/t5aHu6dEdJ",2019-05-20 04:10:00,en
1705,90651198,GregAbbott_TX,Greg Abbott,"Texas is the best state in America for new jobs. 

We added more jobs than any other state over the last year. 

Thanks to our thriving businesses that continue to hire &amp; to our workforce which is the best in America.

#txlege #jobs  https://t.co/RA2GQECnH5",2019-05-19 19:04:17,en
1706,90651198,GregAbbott_TX,Greg Abbott,Texas tells Nancy Pelosi &amp; her Congressional Committees to pound sand. Texas has not subjugated its sovereign status to Congress. Congress doesn’t have oversight over states like Texas. https://t.co/GQPaSAHDEO,2019-05-18 21:55:03,en
1707,90651198,GregAbbott_TX,Greg Abbott,https://t.co/gV2P6FeURg,2019-05-18 18:23:14,und
1708,90651198,GregAbbott_TX,Greg Abbott,And to think I broke my back simply by going jogging. https://t.co/BR2tB4jJ0g,2019-05-18 07:45:31,en
1709,90651198,GregAbbott_TX,Greg Abbott,"Texas House passes Senate bill to ensure ""free speech"" on college campuses. #txlege https://t.co/MO0p2b9hOk via @TexasTribune",2019-05-18 03:37:11,en
1710,90651198,GregAbbott_TX,Greg Abbott,Bill to ban red light cameras in Texas is one step from becoming law. #txlege  https://t.co/IMVT1XM1wq,2019-05-17 22:04:07,en
1711,90651198,GregAbbott_TX,Greg Abbott,All five McAllen ISD high schools  are ranked among the best in America. #RGV  https://t.co/HZArKECHWn,2019-05-17 21:59:04,en
1712,90651198,GregAbbott_TX,Greg Abbott,Here’s some appetizing news: Whataburger is looking to expand its operations and put even more restaurants across America. ⁦@Whataburger⁩  https://t.co/GehVYZrGaS,2019-05-17 18:25:03,en
1713,90651198,GregAbbott_TX,Greg Abbott,"Texas added 28,900 jobs in April marking the 108th consecutive month of job growth in Texas. A total of 283,000 jobs were added the last year. Texas unemployment falls back to record low. #txlege  https://t.co/RA2GQECnH5",2019-05-17 16:18:45,en
1714,90651198,GregAbbott_TX,Greg Abbott,Fake News Houston Chronicle Retracts Many Stories With Questionable Sources. https://t.co/1LWbE2GDJ6 via @VINnews,2019-05-17 02:54:58,en
1715,90651198,GregAbbott_TX,Greg Abbott,"Honduran Man Arrested For Trying To Cross Texas Border With Infant Who Isn’t His.  

ICE Calls It ‘New Level Of Child Endangerment.’ 

Thanks ⁦@ICEgov⁩ for the enforcement efforts. 
#txlege  https://t.co/NLAUAJxMmR",2019-05-17 01:54:54,en
1716,90651198,GregAbbott_TX,Greg Abbott,"This is the Governor’s Cup. 
It goes to the Governor of the winner of Texas—OU game. 
Texas stands more than a chance. 
They stand as reigning champion of the Red River Rivalry. 
That other fella holding the Golden Hat is @sehlinger3. 
I think you met him last year. 
#HookEm https://t.co/xJ0OcgmvcE https://t.co/cW7tTLzWvi",2019-05-16 05:51:09,en
1717,90651198,GregAbbott_TX,Greg Abbott,Both the Texas House &amp; Senate have passed bills to limit local taxing authorities' power to increase your property taxes. They are negotiating final details now. I should be able to sign the law in a few weeks. Effective date would be September 1.  #txlege https://t.co/1IWk55ukiy,2019-05-16 04:50:48,en
1718,90651198,GregAbbott_TX,Greg Abbott,"Been waiting for this.
College football returns in 100 days. https://t.co/okb2gO5fRE",2019-05-16 04:26:40,en
1719,90651198,GregAbbott_TX,Greg Abbott,"Shocking: Immigration agents broke up a massive marriage fraud ring in Houston that involved nearly 100 people throughout Texas &amp; overseas accused of taking part in sham marriages. This wasn't a border issue, it was intra-state crime. Thanks to @ICEgov. https://t.co/Doy6HY7Z4K",2019-05-16 03:53:30,en
1720,90651198,GregAbbott_TX,Greg Abbott,Keep Texas Great. #KTG https://t.co/paVTIwQhYU,2019-05-16 03:52:30,en
1721,90651198,GregAbbott_TX,Greg Abbott,Trinity University in Texas rejects students' request to remove Chick-fil-A. Great to see common sense prevail on a college campus. #txlege @ChickfilA https://t.co/BqkiOG6Pui,2019-05-15 03:47:24,en
1722,90651198,GregAbbott_TX,Greg Abbott,Three-day Central Texas human trafficking sting leads to 15 arrests. Law enforcement across Texas is cracking down on this heinous crime. Thanks here to the Bell Co. Sheriff Office. #txlege https://t.co/JWbggg80CG,2019-05-15 02:39:27,en
1723,90651198,GregAbbott_TX,Greg Abbott,"4 of the top 6 cities for living the American Dream are right here in Texas. 

That’s what we call a good start. 

#txlege https://t.co/10sUwsQXaU",2019-05-14 18:29:38,en
1724,90651198,GregAbbott_TX,Greg Abbott,The great Dirk Nowitzki joined us today. The greatest Dallas Maverick &amp; one of the best NBA players of all time. We’re glad he remains a Texan. ⁦@swish41⁩ ⁦@NBA⁩ ⁦@dallasmavs⁩ https://t.co/vHRjcxjefX,2019-05-14 15:28:27,en
1725,90651198,GregAbbott_TX,Greg Abbott,The official keyboard of the Texas Governor. https://t.co/ugsOBpbziu,2019-05-14 03:44:00,en
1726,90651198,GregAbbott_TX,Greg Abbott,Great to have my “cuz” Josh Abbott of the ⁦@joshabbottband⁩ at the Capitol today. Great singer. Great Texan. https://t.co/bciTsRgS0S,2019-05-14 01:52:33,en
1727,90651198,GregAbbott_TX,Greg Abbott,"Thank you Jacquie for honoring our Champions of Freesom. 

You represent Texas well. https://t.co/rIVCpGuBJF",2019-05-13 23:51:33,en
1728,90651198,GregAbbott_TX,Greg Abbott,"Salvadoran gang member wanted for homicide deported by ICE. 
Immigration officials say he entered the country illegally through Texas.

Thanks @ICEgov for keeping criminals like this out of Texas.

#txlege 

https://t.co/ql8eowRNZo",2019-05-13 17:53:56,en
1729,90651198,GregAbbott_TX,Greg Abbott,An overwhelming majority of Texans support our plan to limit local taxing authorities' power to increase your property taxes without voter approval. We will make this happen!! #txlege https://t.co/mmH3kPpfto,2019-05-13 17:27:23,en
1730,90651198,GregAbbott_TX,Greg Abbott,"Doris Day Dies at 97. 

We lost a genuine ray of sunshine.  https://t.co/q38okgUx51",2019-05-13 15:36:13,en
1731,90651198,GregAbbott_TX,Greg Abbott,Dear Mayor Pete: America is the greatest nation in history of the world. Are there imperfections? Sure. Is there a more exceptional country? No. It allows both a paraplegic to rise to Governor of TX &amp;  a gay man to run for President. Opportunity for all.  https://t.co/6dbER1PQh3,2019-05-13 02:00:49,en
1732,90651198,GregAbbott_TX,Greg Abbott,Me warming up for what I’ll be doing the rest of the legislative session. https://t.co/KTd3IQU8tA,2019-05-13 00:59:43,en
1733,90651198,GregAbbott_TX,Greg Abbott,Mother’s Day ice cream celebration. https://t.co/XF1a7OXb5s,2019-05-12 22:48:06,en
1734,90651198,GregAbbott_TX,Greg Abbott,"Happy Mother’s Day to my mom who made my brother and me who we are. 

We wish a very Happy Mother’s Day  to all the women who are raising the next generation of Texans.

God Bless our Moms. 
And God Bless Texas. 

#HappyMotharsDay https://t.co/CFhgvU5nOQ",2019-05-12 18:11:53,en
1735,90651198,GregAbbott_TX,Greg Abbott,"That was sent by a liberal group. 

SB 9 seeks to improve election integrity and do more to prevent election fraud. It should be supported. https://t.co/nii8BJchuW",2019-05-12 07:46:48,en
1736,90651198,GregAbbott_TX,Greg Abbott,"RT @kseliger: Thank you to SB 213 co-authors and all of the parents, teachers and schools who have continued to support Individual Graduati…",2019-05-10 23:46:36,en
1737,90651198,GregAbbott_TX,Greg Abbott,"Before 6:00 a.m. 
Killing me. 
Videos that have now been confiscated and destroyed. https://t.co/tCIih4gTSQ",2019-05-10 20:02:34,en
1738,90651198,GregAbbott_TX,Greg Abbott,Graduation time for my daughter! So proud of all she has achieved. The best is yet to come. https://t.co/2L8D5MaWPG,2019-05-10 14:15:01,en
1739,90651198,GregAbbott_TX,Greg Abbott,No income tax in Texas. The Texas House just passed a resolution to constitutionally ban an income tax in Texas. Thanks @leachfortexas. #txlege https://t.co/qWbRqaykQM,2019-05-10 00:14:13,en
1740,90651198,GregAbbott_TX,Greg Abbott,Tired of pesky telemarketer tricks harassing you at home? We have a fix the that. Thanks to ⁦Representative @BenLemanTX⁩ for his good work. #txlege  https://t.co/p2nmPRUDBH,2019-05-09 04:48:26,en
1741,90651198,GregAbbott_TX,Greg Abbott,The Texas Tech Basketball team has outstanding young men. We were honored to welcome them to the Capitol. @TexasTechMBB @TexasTech #WreckEm https://t.co/Xoq0OXqmQq,2019-05-09 01:49:18,en
1742,90651198,GregAbbott_TX,Greg Abbott,"Congress dithers while illegal border apprehensions spike. 
I worked with the President &amp; Sec. of Homeland Security this week on new tactics to secure the border. 
Texas is providing ~ a billion dollars to send National Guard &amp; DPS officers to the border. https://t.co/8PQgFxNjbp",2019-05-09 00:06:28,en
1743,90651198,GregAbbott_TX,Greg Abbott,"To help Texans with flooding the next few days, we have placed response resources in areas across the state. We have activated additional rescue boats to support our local partners in the Houston &amp; Harris County area. Stay safe &amp; heed warnings. #txlege https://t.co/Vw5sh05MEj",2019-05-08 03:24:33,en
1744,90651198,GregAbbott_TX,Greg Abbott,I was just thinking the same thing. https://t.co/fkT6Kwy1Jr,2019-05-08 03:04:02,en
1745,90651198,GregAbbott_TX,Greg Abbott,"Border security remains an urgent priority. Texas can lead the way. We need more tools, infrastructure &amp; barriers to combat human trafficking and illegal drugs pouring across the border. Pass HB 4306 #txlege @KyleBiedermann @poncho_nevarez @BriscoeCain #txlege",2019-05-07 18:31:22,en
1746,90651198,GregAbbott_TX,Greg Abbott,Today we honored the Texas Tech basketball team that advanced all the way to the NCAA National Championship game. We’re very proud of them and the pride they stoked in our state. ⁦@TexasTechMBB⁩ ⁦@TexasTech⁩ #WreckEm #RedRaiders #GunsUp https://t.co/VcQoFuK7Vg,2019-05-07 18:01:00,en
1747,90651198,GregAbbott_TX,Greg Abbott,We honor and forever remember our law enforcement officers who put their lives on the line to keep our communities safe. #txlege #BackTheBlue #ThinBlueLine https://t.co/irOc3qYpqm,2019-05-07 14:49:07,en
1748,90651198,GregAbbott_TX,Greg Abbott,Today we celebrated the legacy of 13 Texas Peace Officers who lost their lives in line of duty. Texas is forever grateful for their service and sacrifice. Texas is better because of them. #txlege #BackTheBlue #ThinBlueLine  https://t.co/HGJdg7HYNr,2019-05-07 04:20:16,en
1749,90651198,GregAbbott_TX,Greg Abbott,I approve this message: Child molesters should never get a penny in government pensions.  https://t.co/1COEOvGos4,2019-05-07 04:11:56,en
1750,90651198,GregAbbott_TX,Greg Abbott,"8 of the top 10 states for business in America are all run by Republican Governors with Texas leading the way. 
 
The bottom 5 states are all run by Democrat governors.  https://t.co/hqOqoK23Pm",2019-05-07 02:27:22,en
1751,90651198,GregAbbott_TX,Greg Abbott,Texas is again named the Best State for Business by the nation’s leading CEOs — now for the 15th year in a row. #txlege https://t.co/lkF5sCWA1w https://t.co/m9CTqF2oBy,2019-05-06 23:22:49,en
1752,90651198,GregAbbott_TX,Greg Abbott,"RT @leachfortexas: I was honored today to stand with the Sherrard family alongside @GregAbbott_TX for the bill signing ceremony for HB 540,…",2019-05-06 23:20:13,en
1753,90651198,GregAbbott_TX,Greg Abbott,Property tax relief that’s both attainable AND sustainable. https://t.co/4rdRzNzBnK,2019-05-06 04:10:11,en
1754,90651198,GregAbbott_TX,Greg Abbott,"It's been a privilege to answer your questions about education funding and property taxes the past hour. 
I have to go back to work now. Big day &amp; week ahead.
We will keep working to ensure Texas REMAINS the greatest state in America.",2019-05-05 21:34:18,en
1755,90651198,GregAbbott_TX,Greg Abbott,"This is a common question.
Texas passed a law to end education funding to students in our schools who are here illegally.
The Supreme Court struck it down in Plyler v. Doe.
https://t.co/vk37ArQ0CT https://t.co/870bkpNAzE",2019-05-05 21:31:21,en
1756,90651198,GregAbbott_TX,Greg Abbott,No. Since that time property appraisals &amp; tax increases have gone through the roof. Reform &amp; reduction are needed. State spending on education assists that process &amp; addresses Robin Hood but it doesn't reform or reduce property taxes. That's why we want to buy down tax rates. https://t.co/vQ0f7l6I5K,2019-05-05 21:23:48,en
1757,90651198,GregAbbott_TX,Greg Abbott,"That's exactly what we are doing.
It's in SB2. 
School property tax revenues will be limited to no more than a 2.5% increase.
City &amp; County property tax revenues will be limited to no more than a 3.5% increase. On this one, it can go higher with voter approval. https://t.co/ukeyq0d0w5",2019-05-05 21:19:11,en
1758,90651198,GregAbbott_TX,Greg Abbott,"Great questions. The legislature created them both, and this session is reforming them both. Reforms are already proposed to rein in excessive appraisals. And HB3 does more this session than ever to reform and reduce the Robin Hood school funding system. Funding is in HB3. https://t.co/OwhgHxl85t",2019-05-05 21:07:56,en
1759,90651198,GregAbbott_TX,Greg Abbott,"That gap is being filled by Texas. 
HB3 provides about $6 billion in additional funding.
The Senate takes it up tomorrow.
The final number is yet to be determined but Texas will better fund our schools, pay our teachers more AND write a budge where we live within our means. https://t.co/mV6WvE2iqM",2019-05-05 20:59:29,en
1760,90651198,GregAbbott_TX,Greg Abbott,"This is a common misperception about property tax reform in TX. The state doesn't levy property taxes, only local government &amp; schools. For Texas to lower property taxes it must spend money to buy down the school property taxes. That's why we're spending billions to lower taxes. https://t.co/jj9FC5Ndgm",2019-05-05 20:49:12,en
1761,90651198,GregAbbott_TX,Greg Abbott,"The Texas Water Development Board. 
https://t.co/xdv5KernP5 https://t.co/fNbs3SlnJn",2019-05-05 20:32:03,en
1762,90651198,GregAbbott_TX,Greg Abbott,Yes. We already plan to spend $2.7 billion per year to reduce property taxes. Without more though that reduction will be eroded by rising property values &amp; the 2.5% tax rate increase allowed by SB 2. Dedicating sales tax makes property tax reduction greater &amp; lasting.  #txlege https://t.co/IAw0GkXP9G,2019-05-05 19:56:20,en
1763,90651198,GregAbbott_TX,Greg Abbott,"Texas can BOTH cut property tax rates and limit spending.  

Pass SB1891 by Sen. Hancock to limit state spending to population &amp; inflation. 

#txlege @KHancock4TX @TexasSenateGOP @TXGOPCaucus @TxCC",2019-05-05 19:44:48,en
1764,90651198,GregAbbott_TX,Greg Abbott,Even Hollywood Elite eventually realize the importance of enforcing the law. All Americans expect it. We should all support it. “Kardashians thank ICE after catching illegal who broke into Kendall Jenner’s home.” https://t.co/iwU8B4lgO5,2019-05-05 15:20:06,en
1765,90651198,GregAbbott_TX,Greg Abbott,Congratulations to Fort Worth Mayor Betsy Price on her resounding reelection. @MayorBetsyPrice https://t.co/Ytj4QdcJqB,2019-05-05 15:02:54,en
1766,90651198,GregAbbott_TX,Greg Abbott,Tonight &amp; tomorrow we remember law enforcement officers lost in the line of duty. John 15:13 is particularly fitting. Texas would not be as exceptional as we are without the dedicated service of our outstanding law enforcement. #txlege https://t.co/Uu23VsGxkQ,2019-05-05 14:56:03,en
1767,90651198,GregAbbott_TX,Greg Abbott,That makes me more powerful than Xi Jinping! Ha! https://t.co/C18xNu1icm,2019-05-05 05:53:34,en
1768,90651198,GregAbbott_TX,Greg Abbott,Of course I do. https://t.co/BgoHXwpBj0,2019-05-05 05:37:19,en
1769,90651198,GregAbbott_TX,Greg Abbott,Once again Texas has the #1 strongest economy in America. #txlege https://t.co/FKqGe3qRf3,2019-05-04 16:43:28,en
1770,90651198,GregAbbott_TX,Greg Abbott,Border Patrol reveals scam by illegal immigrants to recycle children back &amp; forth across the border to pose as children of family units seeking asylum. Jail time sends the right message for child trafficking to enter illegally.  https://t.co/kQUuNFo7lZ,2019-05-04 14:10:12,en
1771,90651198,GregAbbott_TX,Greg Abbott,Today I announced additional grant funding for border security operations in Texas. These funds come from U.S. Homeland Security. They are in addition to the $800 million Texas is spending on border security. #txlege https://t.co/olgSxHqiYo,2019-05-04 00:11:08,en
1772,90651198,GregAbbott_TX,Greg Abbott,I understand how you feel &amp; know the U.S. has benefited by many Syrians who’ve become patriotic citizens. My action against Obama immigration system was b/c of the lawless disregard of the state’s role in the refugee relocation process &amp; its refusal to enforce immigration laws. https://t.co/wnNyyGFrvY,2019-05-03 05:17:10,en
1773,90651198,GregAbbott_TX,Greg Abbott,I’ve long liked that idea. But with the property tax reform your taxes should be growing less than your appraisal. https://t.co/BuZpkWQddn,2019-05-03 05:10:50,en
1774,90651198,GregAbbott_TX,Greg Abbott,For schools there is no voter override of the 2.5% property tax revenue cap. It’s a hard cap with no exceptions. https://t.co/AW9nvFo2Hr,2019-05-03 05:07:48,en
1775,90651198,GregAbbott_TX,Greg Abbott,That’s correct. https://t.co/80ho1cR6NU,2019-05-03 05:05:11,en
1776,90651198,GregAbbott_TX,Greg Abbott,Yes. There will likely be a 2.5% property tax revenue cap on school districts. You are right that that is where you will receive most of your relief. https://t.co/DC1hy1RmSL,2019-05-03 05:03:43,en
1777,90651198,GregAbbott_TX,Greg Abbott,The cap on school &amp; local taxes is approved by the House &amp; Senate as anticipated then the law would go into effect September 1st. We also want to use several strategies to buy down (lower) your property tax rates. That may require voter approval in November. https://t.co/7cqxCFYkzi,2019-05-03 05:01:56,en
1778,90651198,GregAbbott_TX,Greg Abbott,I’m all for lowering the appraisal cap. BUT you need to know that one benefit of the 3.5% property tax revenue cap on cities and counties is that it effectively means that regardless of your appraisal your taxes shouldn’t go up more than 3.5% unless voters approve it. https://t.co/3DV0extbQF,2019-05-03 04:53:16,en
1779,90651198,GregAbbott_TX,Greg Abbott,Texas needs answers to skilled worker shortage. House Bill 4296 does that by helping high school students get a plumbing license before they graduate. Thanks to @RepMattSchaefer for his leadership. #txlege,2019-05-02 20:12:02,en
1780,90651198,GregAbbott_TX,Greg Abbott,"SB2 effectively caps appraisals below 5%. It caps school revenue increases at 2.5% &amp; cities &amp; counties at 3.5%. Because the most your school property tax revenue can increase is 2.5%, if your appraisal goes up 10% then schools must cut your property tax rate by about 7.5%. https://t.co/6WcoFR26vD",2019-05-02 05:33:00,en
1781,90651198,GregAbbott_TX,Greg Abbott,We were SO PROUD to host the National Champion Baylor Lady Bears at the Capitol and to recognize the acclaim they have brought to their school and state. #SicEm https://t.co/tXJvXl4Jpg,2019-05-02 03:25:40,en
1782,90651198,GregAbbott_TX,Greg Abbott,TX House Ways &amp; Means Committee just passed out a great bill that lowers your school property tax rates by more than 15%. It dedicates 100% of a penny increase in sales tax to cutting your property taxes. This is on top of the bill limiting local government raising your taxes.,2019-05-02 01:06:16,en
1783,90651198,GregAbbott_TX,Greg Abbott,"ICE is Cracking Down on 'Fake Families' Using Children as 'Pawns' at Border. I can’t believe some people say the border is not an emergency issue. 
Texas is about to spend almost a billion dollars in state money to do the federal government’s job. #txlege https://t.co/tJCZevSSlo",2019-05-01 23:49:23,en
1784,90651198,GregAbbott_TX,Greg Abbott,As severe weather moves into North Texas the state is taking every precaution including pre-positioning helicopters &amp; boats  to assist local officials with potential search &amp; rescue operations. I urge all residents to heed warnings from local officials. https://t.co/ueaKRck5vk,2019-05-01 22:40:49,en
1785,90651198,GregAbbott_TX,Greg Abbott,White House asks Congress for $4.5 billion in emergency spending for border. Congress better step up and fund this.  https://t.co/j9SPxHOiTc,2019-05-01 17:50:49,en
1786,90651198,GregAbbott_TX,Greg Abbott,RT @TPPF: “TX is on the verge of realizing meaningful tax reform. Homeowners + businesses have labored under a broken property tax system t…,2019-05-01 05:27:19,en
1787,90651198,GregAbbott_TX,Greg Abbott,Great visit. Point well taken. It may be hard but the more we work in it the closer we all get to seeing how all the pieces fit together to provide meaningful and lasting property tax relief. We’ll get er done. https://t.co/g03J2yjkOX,2019-05-01 05:26:59,en
1788,90651198,GregAbbott_TX,Greg Abbott,Monica's Law will save the lives &amp; protect the safety of countless women. Thanks to Representative Brooks Landgraf of Odessa on leading the effort to pass the law. I look forward to signing it. @BrooksLandgraf  #txlege https://t.co/JlSnWUyZbh,2019-05-01 02:04:06,en
1789,90651198,GregAbbott_TX,Greg Abbott,"Congratulations to Speaker Bonnen, Chairman Burrows &amp; Texas House on passing SB2 to limit the ability of taxing authorities to raise your property taxes. We’re one step closer to property tax relief in Texas. ⁦@RepDennisBonnen⁩ ⁦@Burrows4TX⁩ #txlege https://t.co/gtXxEwcRy4",2019-05-01 00:38:38,en
1790,90651198,GregAbbott_TX,Greg Abbott,"Jordanian pleads guilty in Texas to illegally smuggling Yemen immigrants into the United States. Thanks to the U.S. Attorney for cracking down on these illegal immigrations schemes. 
https://t.co/4q0Ah8WoHN",2019-04-30 20:29:20,en
1791,90651198,GregAbbott_TX,Greg Abbott,RT @Burrows4TX: With @GregAbbott_TX on the floor ahead of today’s vote on HB2; I’m very grateful for his support and counsel #txlege https:…,2019-04-30 18:40:25,en
1792,90651198,GregAbbott_TX,Greg Abbott,Thanks to the @TXGOPCaucus for the opportunity to visit with you about property tax reform and passing SB2. Thanks for addressing the needs of your constituents and our state. You are taking an important step to reform a broken &amp; costly property tax system. #txlege https://t.co/rDzXBKdEuj,2019-04-30 18:32:11,en
1793,90651198,GregAbbott_TX,Greg Abbott,"@ICE shifts resources to address crisis at Texas border to investigate human smuggling operations &amp; the use of fraudulent documents to create fake families seeking to exploit U.S. immigration laws. 
The federal government is increasing border security.

 https://t.co/sIDHdxBDwp",2019-04-30 04:34:06,en
1794,90651198,GregAbbott_TX,Greg Abbott,We gathered before dawn this morning to celebrate the Texas Prayer Breakfast. God Bless Texas. https://t.co/H0KikvVNrh,2019-04-30 02:23:29,en
1795,90651198,GregAbbott_TX,Greg Abbott,Property taxes are on the agenda tomorrow in the Texas House. Call your Representative and thank them for supporting property tax reform. #txlege https://t.co/o7O5VpsXmR,2019-04-30 00:12:39,en
1796,90651198,GregAbbott_TX,Greg Abbott,Great idea. It’s a strategy we are working on. If you like it tweet your Texas House &amp; Senate member to support it. #txlege https://t.co/an1QwkT5Bn,2019-04-29 03:49:49,en
1797,90651198,GregAbbott_TX,Greg Abbott,"It’s a great time to be a Texan. 
Our employment rate has never been better. 
#txlege https://t.co/Qyn05iaR7Y",2019-04-29 01:53:42,en
1798,90651198,GregAbbott_TX,Greg Abbott,The Justice Department filed criminal charges against a Massachusetts judge and a former court officer for allegedly helping an illegal immigrant avoid arrest. This reckless &amp; illegal conduct must be prosecuted wherever it occurs. https://t.co/ETaFOHacEZ,2019-04-28 23:30:24,en
1799,90651198,GregAbbott_TX,Greg Abbott,Have a blessed Sunday. https://t.co/hxtbaNtji6,2019-04-28 18:47:59,en
1800,90651198,GregAbbott_TX,Greg Abbott,"The Robot Skills World Champions at the high school level are right here in Texas. 

Congratulations to Flower Mound High School for showing the world what Texas exceptionalism is all about.  https://t.co/cYJnMBSd7P",2019-04-28 16:33:20,en
1801,90651198,GregAbbott_TX,Greg Abbott,One of the strategies to fix a broken property tax system is to hold local elected officials accountable to voters for tax appraisal increases. If they raise your appraisal an outrageous amount you can fire them at the next election. Pass SB 347 by Sen. @PeteFlores_TX #txlege https://t.co/ZGHoe18VZF,2019-04-28 16:07:16,en
1802,90651198,GregAbbott_TX,Greg Abbott,I’m so doing this..... https://t.co/4XqhWLOsAe,2019-04-26 02:11:10,en
1803,90651198,GregAbbott_TX,Greg Abbott,"Texas exports rise 3 times faster than the U.S. increase, keeping Texas #1 in America for exports. In fact, Texas represented nearly 20% of all U.S. exports in the January-February period. #txlege  https://t.co/NXkx6I1aAp",2019-04-25 23:04:39,en
1804,90651198,GregAbbott_TX,Greg Abbott,The 10 most popular Governors in America have one thing in common -- they are all Republican.  https://t.co/kYIyfqVhFy,2019-04-25 20:46:08,en
1805,90651198,GregAbbott_TX,Greg Abbott,Edinburg Mayor Richard Molina charged with orchestrating an illegal voting scheme. Texas is cracking down on election fraud. #txlege https://t.co/oPMjiiliji via @TexasTribune,2019-04-25 18:46:06,en
1806,90651198,GregAbbott_TX,Greg Abbott,Texas Builds Gold Depository To Rival Fort Knox. https://t.co/Efve361soc #safehaven,2019-04-25 02:51:28,en
1807,90651198,GregAbbott_TX,Greg Abbott,"Nominations are now open for the 2019 Star of Texas Awards which honor peace officers, firefighters &amp; emergency medical first responders who were seriously injured or killed in the line of duty. Send nominations to the Governor's Office by June 15, 2019. https://t.co/yqHYD8KkKC",2019-04-25 02:14:39,en
1808,90651198,GregAbbott_TX,Greg Abbott,Daylight saving or standard time? Question might be on Texas ballot. You get to choose. https://t.co/iTiR0kYMe5,2019-04-25 02:01:03,en
1809,90651198,GregAbbott_TX,Greg Abbott,Congratulations to Rio Grande Valley leaders on reaching this landmark agreement that will improve transportation across the #RGV. https://t.co/xfYBocn9mY,2019-04-25 01:50:08,en
1810,90651198,GregAbbott_TX,Greg Abbott,"RT @KirkPWatson: Great meeting today w/ Gov. @GregAbbott_TX &amp; Rep. @VoteGiovanni re: SB 943, our government transparency and Public Informa…",2019-04-25 01:20:32,en
1811,90651198,GregAbbott_TX,Greg Abbott,Texas House votes to advance bill to shore up teacher pension fund.  https://t.co/6qj9qxViyO,2019-04-24 19:48:34,en
1812,90651198,GregAbbott_TX,Greg Abbott,Undercover Katy human-trafficking sting yields 47 arrests in 10 days. #humantrafficking #EndHumanTrafficking  https://t.co/TjgUC1MGLQ,2019-04-24 19:03:40,en
1813,90651198,GregAbbott_TX,Greg Abbott,"Does that include people who steal items worth less than $750 in Dallas County?
Does he disagree with the Dallas County DA's refusal to prosecute thieves who steal items valued less than $750, or does he have a double standard? https://t.co/Y8AHvmkmkS",2019-04-24 18:43:20,en
1814,90651198,GregAbbott_TX,Greg Abbott,"Another arrest for election fraud. Thanks to the Smith County Sheriff's Office for arresting a school employee accused of filling out absentee ballots by hand to tamper with a school board election.

Cracking down on vote fraud is a top priority. 
#txlege https://t.co/PIc49iFvjR",2019-04-24 17:33:29,en
1815,90651198,GregAbbott_TX,Greg Abbott,Bernie Sanders says Boston bomber should be able to vote from prison. Would he extend that to all proven jihadists in American jails? Some inmates might be able to govern the prisons they are locked in. America cannot be taken over by this lunacy. https://t.co/9V9U1w0UXW,2019-04-24 04:14:51,en
1816,90651198,GregAbbott_TX,Greg Abbott,Thanks to the Country Music Association leaders for stopping by for dinner. As they departed I snagged this picture with Kix Brooks of Brooks &amp; Dunn. ⁦@KixBrooks⁩ #countrymusic https://t.co/O2Zx8Q3fGS,2019-04-24 02:35:35,en
1817,90651198,GregAbbott_TX,Greg Abbott,“The state is long overdue for a thoughtful conversation regarding the selection and election of judges. What troubles many is how judges run for election or reelection as a member of a party while pursuing a job that calls for complete objectivity.” https://t.co/kvHeW08SlN,2019-04-23 16:38:32,en
1818,90651198,GregAbbott_TX,Greg Abbott,The Border Patrol seizes $781K worth of heroin in Hidalgo. ⁦@CBP⁩ continues to do great work on our border.  https://t.co/fcva8Aib9I,2019-04-23 16:09:12,en
1819,90651198,GregAbbott_TX,Greg Abbott,Our baseball team can beat yours. https://t.co/hFD7q7X0hW,2019-04-23 05:10:08,en
1820,90651198,GregAbbott_TX,Greg Abbott,So true. The state is trying to free citizens from heavy handed &amp; costly regulations at the local level. We are also working to reduce regulations at the state level. The goal is maximum freedom for individuals. https://t.co/8M8kfimzIL,2019-04-23 04:00:14,en
1821,90651198,GregAbbott_TX,Greg Abbott,"On April 21, 1836, Sam Houston &amp; the Texian Army defeated Santa Anna &amp; the Mexican Army at the Battle of San Jacinto. Texas Independence was secured. May we never forget the sacrifice of those who put Texas on the path of exceptionalism. #RememberTheAlamo https://t.co/ofej8ScARd",2019-04-22 04:44:22,en
1822,90651198,GregAbbott_TX,Greg Abbott,"A good day to connect the sports and religious worlds. 
(Of course, in Texas, sports is a religion.) https://t.co/8O37Z5oQ0s",2019-04-22 00:35:56,en
1823,90651198,GregAbbott_TX,Greg Abbott,The Democrats' refusal to support children born alive will haunt them in the upcoming elections. Republicans are on the right side of life. There's only a tiny constituency who favors killing kids born alive. #txlege https://t.co/sBUtJQnFOS,2019-04-21 22:27:06,en
1824,90651198,GregAbbott_TX,Greg Abbott,"Performance and quality, not politics, should decide who's a judge in Texas. #txlege https://t.co/uPe3CgLD10",2019-04-21 22:17:39,en
1825,90651198,GregAbbott_TX,Greg Abbott,"Downtown New York for Easter 1956. 
May we never forget that we were created as one nation under God. https://t.co/V6efxcZv22",2019-04-21 17:05:02,en
1826,90651198,GregAbbott_TX,Greg Abbott,Thank you for upholding the role of a District Attorney. https://t.co/ot7cW8tlhS,2019-04-21 05:17:45,en
1827,90651198,GregAbbott_TX,Greg Abbott,"While you're at it, why don't you call on the House to reform a broken immigration system? Senators &amp; Representatives need to stop posing and start voting to fix our broken border. https://t.co/qrdRpv2I2o",2019-04-21 04:43:40,en
1828,90651198,GregAbbott_TX,Greg Abbott,"Papers must learn the Constitution. 10th Amend. is guiding principle ""The powers not delegated to the U.S. by the Constitution nor prohibited by it to the States are reserved to the States respectively, or to the people."" People doesn't mean local govt.
https://t.co/FXw0FJk2UU",2019-04-21 04:23:46,en
1829,90651198,GregAbbott_TX,Greg Abbott,Don't buy this paper's suggestion at the end that Texas needs an income tax. Not going to happen. Government at all levels must control spending &amp; support our tax cap. The best states for business have no income tax. Texas ranks #1 for business. #txlege https://t.co/Qb1rfgIE5q,2019-04-21 04:15:04,en
1830,90651198,GregAbbott_TX,Greg Abbott,Law Enforcement and government leaders agree that the Dallas District Attorney's proposal not to prosecute theft of less than $750 is wrong. It promotes lawlessness and abandons the rule of law. #txlege https://t.co/KEbKXFsj1h,2019-04-21 04:09:46,en
1831,90651198,GregAbbott_TX,Greg Abbott,RT @BrooksLandgraf: Our family appreciates @GovAbbott &amp; and First Lady Cecilia Abbott for hosting this year’s Easter egg hunt at the Texas…,2019-04-21 03:49:46,en
1832,90651198,GregAbbott_TX,Greg Abbott,More Texans have jobs than ever before. The Texas labor force tops 14 million for the first time as monthly job growth expands for the 107th consecutive month. #txlege #jobs  https://t.co/C33kClQscF,2019-04-21 00:16:30,en
1833,90651198,GregAbbott_TX,Greg Abbott,"Obituary from Friday:
https://t.co/pwfSS4lQ74 via @SlideShare https://t.co/XpPIgawh98",2019-04-20 05:56:27,en
1834,90651198,GregAbbott_TX,Greg Abbott,That’s exactly right and why I urge others to get on board with my property tax reform plan. It does more than any other to actually reduce your property taxes. #txlege https://t.co/W1xq97cacU,2019-04-19 22:13:58,en
1835,90651198,GregAbbott_TX,Greg Abbott,"The Easter Egg Hunt is a favorite tradition at the Governor’s Mansion. We have fond memories when our daughter did it two decades ago. We were so happy to see so many children so the egg hunt this year. 
#HappyEaster https://t.co/hmnqs3iL5o",2019-04-19 18:16:59,en
1836,90651198,GregAbbott_TX,Greg Abbott,Perfectly said. https://t.co/ozL1Bgq3wQ,2019-04-19 18:04:05,en
1837,90651198,GregAbbott_TX,Greg Abbott,"Have a blessed Good Friday. 
#GoodFriday2019 https://t.co/orbDjTh31X",2019-04-19 15:32:19,en
1838,90651198,GregAbbott_TX,Greg Abbott,"2 get prison for immigrant smuggling that led to 2 deaths. You can expect more prosecutions, but Congress must fund federal government operations to fully enforce the law. Call or tweet your congress member &amp; tell them to act.
 https://t.co/YnbCpM3jhE",2019-04-19 03:48:35,en
1839,90651198,GregAbbott_TX,Greg Abbott,Occupational licenses are a government barrier to work &amp; job killer. We must continue to lead in job creation and helping working Texans.   Pass HB 2847 HB 226 SB 1209.  #txlege @GoldmanCraig @KHancock4TX @ RepMattKrause @IJ @TCCRI @nfib_tx,2019-04-18 20:33:32,en
1840,90651198,GregAbbott_TX,Greg Abbott,"TEXANS: Some dangerous weather is streaking across our state from north of Amarillo to south of Austin. Stay alert &amp; safe. Heed local warnings. Depending on where you are you may encounter hail, flooding or even a tornado. Be safe &amp; Texas strong.  https://t.co/ewW8RlM8BP",2019-04-18 01:47:25,en
1841,90651198,GregAbbott_TX,Greg Abbott,Delighted to have the wonderful Ambassador ⁦@NikkiHaley⁩ in Texas. She has powerful words for the role America plays in the world today. https://t.co/h6xun7GpMt,2019-04-18 01:21:55,en
1842,90651198,GregAbbott_TX,Greg Abbott,"I admire the Ellis Co. DA stance against the reckless idea by the Dallas DA to not prosecute theft &lt; $750. 
""If the citizens of Ellis County want a district attorney who refuses to enforce certain laws, they can get one, But not while I'm in office.""

 https://t.co/lTB5qpz1rK",2019-04-17 22:19:26,en
1843,90651198,GregAbbott_TX,Greg Abbott,I issued a disaster declaration for East Texas counties hit by storms. I thank 1st responders &amp; local officials in these communities for their efforts to aid fellow Texans in the aftermath of these storms. Together we’ll help these communities rebuild.  https://t.co/mZ2pHW4eqT,2019-04-17 21:45:04,en
1844,90651198,GregAbbott_TX,Greg Abbott,We had the annual Easter Egg Hunt at the Governor’s Mansion and Pancake came dressed for the party. ⁦@TexasPancake⁩ https://t.co/7GLLwfqmEb,2019-04-17 19:51:39,en
1845,90651198,GregAbbott_TX,Greg Abbott,The Galveston Co. District Attorney is investigating possible voter fraud by non-citizens. It’s always appropriate for law enforcement authorities to ensure integrity of the ballot box. #txlege  https://t.co/5qwavrQnrb,2019-04-17 18:14:13,en
1846,90651198,GregAbbott_TX,Greg Abbott,"Border Patrol apprehends 35 Hondurans near Presidio, Texas. We thank the @CBP for always being on the job.  https://t.co/dNtcXbumbu",2019-04-17 03:23:03,en
1847,90651198,GregAbbott_TX,Greg Abbott,"In Texas we support the lives of innocent children. The Texas House voted 93-1 for the Born Alive Act. ""A baby who survives an abortion deserves the full protection of the law and the highest standards of medical care,” said Rep. Jeff Leach @leachfortexas 
https://t.co/gjvOpqy9TO",2019-04-17 01:57:15,en
1848,90651198,GregAbbott_TX,Greg Abbott,"California city begins universal basic income experiment. Recipients will receive $500 a month with no conditions such as work or sobriety requirements. 
At some point they will run out of other people’s money.  https://t.co/NvlHy1Optp",2019-04-17 01:11:51,en
1849,90651198,GregAbbott_TX,Greg Abbott,"In Texas we #BackTheBlue. “It was a good day for cops at the Texas Capitol, as separate bills to create a student loan payment assistance program for law enforcement officers passed both chambers of the Legislature.” #txlege  https://t.co/TvfroqOvGZ",2019-04-17 00:49:43,en
1850,90651198,GregAbbott_TX,Greg Abbott,Excellent news. Texas House unanimously passes Dallas Rep. Victoria Neave’s bill to end state’s rape kit backlog. #txlege  https://t.co/h9XHbbAuJ5,2019-04-16 21:22:53,en
1851,90651198,GregAbbott_TX,Greg Abbott,@KarmaGDMFgeddon Glad to have you here,2019-04-16 04:25:30,en
1852,90651198,GregAbbott_TX,Greg Abbott,@Monica_Sells21 Great to have you here,2019-04-16 04:14:13,en
1853,90651198,GregAbbott_TX,Greg Abbott,"@realBobPlanet Remember, the ""real"" part of it won't kick in until the law finally passes and goes into effect. That won't be until next tax year.",2019-04-16 03:50:00,en
1854,90651198,GregAbbott_TX,Greg Abbott,@ATX_PATRIOT @Shannon63081192 Glad to have you here.  We are dog lovers too.,2019-04-16 03:46:27,en
1855,90651198,GregAbbott_TX,Greg Abbott,@Childlikefaaith @Tea4Freedom We're glad you are here,2019-04-16 03:34:09,en
1856,90651198,GregAbbott_TX,Greg Abbott,@WillichCassy glad to have you here,2019-04-16 03:19:43,en
1857,90651198,GregAbbott_TX,Greg Abbott,@dynamite_scott Welcome to TX,2019-04-16 03:18:37,en
1858,90651198,GregAbbott_TX,Greg Abbott,@NeyNeyByers We're glad you're here,2019-04-16 03:17:06,en
1859,90651198,GregAbbott_TX,Greg Abbott,@CurtisFDickinso welcome to Texas,2019-04-16 03:16:12,en
1860,90651198,GregAbbott_TX,Greg Abbott,@EddieWins_ Glad to have you here,2019-04-16 03:13:59,en
1861,90651198,GregAbbott_TX,Greg Abbott,@RogerSt415 Proud to have you here,2019-04-16 03:08:55,en
1862,90651198,GregAbbott_TX,Greg Abbott,@txtheater Proud to have you here,2019-04-16 03:07:31,en
1863,90651198,GregAbbott_TX,Greg Abbott,@WhitakerAl We're glad to have you here,2019-04-16 03:06:30,en
1864,90651198,GregAbbott_TX,Greg Abbott,@Shannon63081192 You fit right in.,2019-04-16 03:05:31,en
1865,90651198,GregAbbott_TX,Greg Abbott,@AHeath56 We're glad you think so &amp; glad to have you here.,2019-04-16 03:05:16,en
1866,90651198,GregAbbott_TX,Greg Abbott,@ZEO5520 You'll fit right in.,2019-04-16 03:02:48,en
1867,90651198,GregAbbott_TX,Greg Abbott,@trueholygoat You're a capitalist. We are proud to have you.,2019-04-16 03:00:34,en
1868,90651198,GregAbbott_TX,Greg Abbott,RT if you’re a proud homegrown Texan. https://t.co/UNs7KP9L01,2019-04-16 02:57:11,en
1869,90651198,GregAbbott_TX,Greg Abbott,Property Tax Reform Step 1 delivered by the Texas Senate today. They passed limits on the ability of taxing authorities to raise your taxes without your vote of approval. Now on to appraisal reform &amp; lowering current tax rates. #txlege #TxSen https://t.co/9tz8p9Mhet,2019-04-16 02:53:29,en
1870,90651198,GregAbbott_TX,Greg Abbott,I'm very proud of the RGV working together on this road building solution. This can further advance the region with more roads for your growing population and businesses. #RGV #txlege https://t.co/wCcYl1h7M2 via @BrownsvilleNews,2019-04-16 02:38:32,en
1871,90651198,GregAbbott_TX,Greg Abbott,"First lady of Texas, Cecilia Abbott, will lead the Houston Polish Festival.  https://t.co/ui3NSRwt9M",2019-04-15 18:31:57,en
1872,90651198,GregAbbott_TX,Greg Abbott,Commentary: Judicial selection reforms are long overdue in Texas. Every living current or former Chief Justice of the Texas Supreme Court supports this reform. The only constituency of judges is the rule of law.  https://t.co/TMEihMKIl9,2019-04-15 18:22:27,en
1873,90651198,GregAbbott_TX,Greg Abbott,We raised the homestead exemption 2 sessions ago &amp; no one feels the benefit of that tax relief because it was eroded by rising appraisals &amp; rates. Raising the homestead exemption won’t lead to lasting property tax relief. We must reform appraisals &amp; lower tax rates. #txlege https://t.co/KvSpaiwfr9,2019-04-15 16:21:00,en
1874,90651198,GregAbbott_TX,Greg Abbott,On tax day this year let’s focus on property tax reform in Texas. If you agree that skyrocketing property taxes must be fixed please tweet or call your legislator &amp; demand they vote this week to support the property tax reform bills in the House &amp; Senate. #txlege #TaxDay https://t.co/DV6KNX8Lyi,2019-04-15 15:19:25,en
1875,90651198,GregAbbott_TX,Greg Abbott,"Thanks for taking the bait. TX provides for the hungry &amp; needy through TANF &amp; other programs.
You proved my point. You &amp; others reveal that STEALING is ok when people want things: cell phone, tire, lawn mower, almost any item you see in a store or in the open. That's socialism. https://t.co/PrDu86Jf00",2019-04-15 04:29:45,en
1876,90651198,GregAbbott_TX,Greg Abbott,"Property tax itself is unfair. Any amount. What it boils down to is, the government owns it , not you. Period!!!!!
There, William, I tweeted it. Because it's true. That's why I'm trying to shift from a property tax system to a consumption tax system so you control what you pay. https://t.co/kuXoNhPovC",2019-04-15 03:55:04,en
1877,90651198,GregAbbott_TX,Greg Abbott,"Dallas Co. District Attorney stokes crime by refusing to prosecute theft of personal items worth less than $750. If someone is hungry they can just steal some food. If cold, steal a coat. Where does it end? It's wealth redistribution by theft. #txlege https://t.co/dqfYogr4NX",2019-04-15 03:42:14,en
1878,90651198,GregAbbott_TX,Greg Abbott,I believe the tax appraiser should be subject to election every two years so you can fire your tax appraiser if they jack up property taxes the way they do now. https://t.co/FCQcRIzSiO,2019-04-14 19:13:29,en
1879,90651198,GregAbbott_TX,Greg Abbott,"This helps explain how the Texas property tax system is unfair to us all and must be reformed. We want to reform appraisals, limit how much taxing authorities can raise property tax rates, and reduce your property tax rate. Call your legislator tomorrow for property tax reform. https://t.co/xGiXrjpdCA",2019-04-14 18:16:01,en
1880,90651198,GregAbbott_TX,Greg Abbott,Have a blessed Palm Sunday. https://t.co/mvHt378Ldf,2019-04-14 16:31:55,en
1881,90651198,GregAbbott_TX,Greg Abbott,"Today we honored the first responders &amp; civilians who died while working to save others during the explosion and fire in the town of West, Texas. A Fallen Heroes Memorial was dedicated. The community has displayed the  trademark Texan resiliency. #txlege https://t.co/VNoGkkh80C",2019-04-13 18:43:05,en
1882,90651198,GregAbbott_TX,Greg Abbott,We must stop sick and predatory health care providers who violate their patients’ trust. Pass SB 1259 #txlege @StephanieKlick Sen. Joan Huffman  https://t.co/fHHlmJolWh,2019-04-13 13:24:04,en
1883,90651198,GregAbbott_TX,Greg Abbott,"The money used to reduce property taxes is used to buy down/reduce your property tax rate.
There are many appraisal reforms under consideration. My favorites: limits on how much appraisals can increase &amp; forcing appraisers to be elected every 2 years so you can fire them. https://t.co/9ZtufRi3GF",2019-04-13 03:45:21,en
1884,90651198,GregAbbott_TX,Greg Abbott,"If you rent an apartment or a house part of that cost is property taxes.
Wherever you buy anything (groceries, clothes, etc) the stores pay rent that typically includes property taxes. Those prices are often passed on to you. 
No one escapes the claws of property taxes. https://t.co/vkdyw7SzIK",2019-04-13 03:42:15,en
1885,90651198,GregAbbott_TX,Greg Abbott,If my property tax reform passes it will reduce your M&amp;O tax rate by 16% in the first year &amp; decrease it an additional 1-2% every year after that. It can only happen if taxing authorities are prevented from jacking your rates back up. https://t.co/8NrTr22r3m,2019-04-13 03:37:27,en
1886,90651198,GregAbbott_TX,Greg Abbott,"We can use current revenue to buy down your property tax rate several % points.
IF the choice is to increase sales tax a penny, it would be dedicated to reducing property taxes. One penny would allow us to reduce property tax M&amp;O rates by 16%. It would be voted on by taxpayers. https://t.co/U5nHesOfNb",2019-04-13 03:32:50,en
1887,90651198,GregAbbott_TX,Greg Abbott,"The full plan is 3 parts.
1. Appraisal reform to address the skyrocketing appraisals.
2. Use billions of dollars to reduce your property tax rate. 
3. Keep the rate down by limiting the amount that taxing authorities can raise your property rates. https://t.co/ggsrzZCbI7",2019-04-13 03:21:15,en
1888,90651198,GregAbbott_TX,Greg Abbott,The tax bill you recieved is based on current law. We're working this session to change that law &amp; lower property taxes. After the new law goes into effect is when you will see property tax relief. You can help by calling your state legislator &amp; demanding property tax reform. https://t.co/ICDGFgPYfI,2019-04-13 01:57:54,en
1889,90651198,GregAbbott_TX,Greg Abbott,@watchingfreedom The tax bill you recieved is based on current law. We're working this session to change that law &amp; lower property taxes. After the new law goes into effect is when you will see property tax relief. You can help by calling your state legislator &amp; demanding property tax reform.,2019-04-13 01:53:05,en
1890,90651198,GregAbbott_TX,Greg Abbott,RT @stormirdgz: @GregAbbott_TX @Brett_Bailz Thank @GregAbbott_TX for standing up not just for me but for every conservative student in the…,2019-04-12 20:49:03,en
1891,90651198,GregAbbott_TX,Greg Abbott,RT @NRO: Government programs often become more expensive over time. Medicare for All is growing without even having gotten into law. https:…,2019-04-11 23:51:39,en
1892,90651198,GregAbbott_TX,Greg Abbott,Today the President was allocated about $2 billion to begin building the wall. Initial plans focus on Texas.  Also he’s working on substantially increasing personnel on the border &amp; using other strategies to reduce illegal immigration. TX is passing laws funding border security https://t.co/Tp3tZEyV2v,2019-04-11 23:10:33,en
1893,90651198,GregAbbott_TX,Greg Abbott,"Texas moves to become next state to protect free speech on college campuses. 

https://t.co/V0PuPkXPS7",2019-04-11 21:14:18,en
1894,90651198,GregAbbott_TX,Greg Abbott,"I truly question if taxpayers should still fund schools like this. 
There’s no place in Texas for this. 
Our state universities better clean up their act. https://t.co/Jo2gAaDBxr",2019-04-11 05:40:14,en
1895,90651198,GregAbbott_TX,Greg Abbott,"The 'Catastrophically harmful' property tax bill is the one local governments send to taxpayers. Tomorrow, legislators will vote to rein in skyrocketing property taxes. Cities can cut expenses other than law enforcement. Call your legislator tomorrow.
https://t.co/FTB1CFUzB3",2019-04-11 01:49:07,en
1896,90651198,GregAbbott_TX,Greg Abbott,The Republican Party Platform calls for using a sales tax to get rid of the Maintenance &amp; Operation part of property tax. The proposed sales tax swap reduces M&amp;O &gt; 15% the first year &amp; cuts it more every year after that. It’s the surest path to ending M&amp;O. https://t.co/VETXSxrXHt,2019-04-10 22:19:14,en
1897,90651198,GregAbbott_TX,Greg Abbott,San Antonio leaders are fighting against giving taxpayers the authority to reduce the property tax increases imposed by San Antonio. They want to tax you more. The legislature will vote this week to put taxpayers in charge. Call your legislator. #txlege  https://t.co/3TmNgQWfnN,2019-04-10 22:07:40,en
1898,90651198,GregAbbott_TX,Greg Abbott,"RT @TPPF: “Texans demanded bold reform for real property tax cuts and it appears @GregAbbott_TX, @DanPatrick &amp; @RepDennisBonnen have crafte…",2019-04-10 18:07:34,en
1899,90651198,GregAbbott_TX,Greg Abbott,Texas National Guard sets up concertina wire at El Paso border bridges.  https://t.co/h825Q4Fd6l,2019-04-10 18:02:32,en
1900,90651198,GregAbbott_TX,Greg Abbott,We need to stop surprise medical bills and stop the hit to credit scores.  Pass bipartisan SB 1264 &amp; HB 3933 #txlege @TMFTX @TomOliverson @KHancock4Texas @TXChuy,2019-04-10 12:58:47,en
1901,90651198,GregAbbott_TX,Greg Abbott,The Texas Senate passed a bill upholding free speech on college campuses. I look forward to signing it into law. https://t.co/F6fpJiktTv,2019-04-10 04:56:08,en
1902,90651198,GregAbbott_TX,Greg Abbott,We work every day honing strategies to pass immediate and lasting property tax relief. Thanks to these members of the House Freedom Caucus for their involvement. #txlege https://t.co/H0ec6ufQMI,2019-04-10 04:52:08,en
1903,90651198,GregAbbott_TX,Greg Abbott,States are rising up against the recklessness of sanctuary city policies. Texas and other states have banned them. More states are taking action. If you know of a sanctuary city policy in Texas report it to the Texas Attorney General’s Office. He has authority to prosecute it. https://t.co/GCzSTWuOCl,2019-04-09 05:56:20,en
1904,90651198,GregAbbott_TX,Greg Abbott,RT @Burrows4TX: Watching the finish - Go Tech!  #GunsUp @GovAbbott @RepDennisBonnen @FrulloForTexas https://t.co/w08jPJ6T5o,2019-04-09 04:54:25,en
1905,90651198,GregAbbott_TX,Greg Abbott,"RT @FourPriceTX: Wished for a different outcome tonight for @TexasTechMBB but am so proud of their run, their season, and the way they repr…",2019-04-09 04:51:02,en
1906,90651198,GregAbbott_TX,Greg Abbott,Extremely proud of the Texas Tech Red Raiders! A remarkable season! All Red Raiders should be filled with pride... and get ready for a return to the #NCAAChampionship. The entire State of Texas is proud of you. #WreckEm #GunsUp ⁦@TexasTech⁩ ⁦@TexasTechMBB⁩ https://t.co/QRVyva1a7G,2019-04-09 04:20:23,en
1907,90651198,GregAbbott_TX,Greg Abbott,Enjoying a Red Raider watch party with the Texas House. #WreckEm ⁦@TexasTechMBB⁩ #GunsUp https://t.co/CBjtaZA9hA,2019-04-09 03:14:36,en
1908,90651198,GregAbbott_TX,Greg Abbott,I’m with the Texas Senate at a Texas Tech Red Raider watch party. #WreckEm #GunsUp ⁦@TexasTechMBB⁩ ⁦@TexasTech⁩ https://t.co/cGg9FctEie,2019-04-09 02:29:37,en
1909,90651198,GregAbbott_TX,Greg Abbott,"Texas Department of Public Safety does a great job helping to secure the border on the water, on land &amp; in the air. #txlege @TxDPS https://t.co/vu4sM0PWCT",2019-04-08 23:12:19,en
1910,90651198,GregAbbott_TX,Greg Abbott,Mobile haircuts are illegal in Texas even if the barber is licensed. That’s not right. That’s California!  SB 1394 lets professionals cut hair when and where the customer wants.  #txlege @kseliger,2019-04-08 20:53:12,en
1911,90651198,GregAbbott_TX,Greg Abbott,The Permian Basin Is Now The World's Top Oil Producer. Everything is bigger in Texas.  https://t.co/vynz2xYv6D,2019-04-08 16:53:25,en
1912,90651198,GregAbbott_TX,Greg Abbott,"Mood right now. 
#WreckEm https://t.co/qZ56YP6dpk",2019-04-08 16:16:29,en
1913,90651198,GregAbbott_TX,Greg Abbott,HJR 122 by Rep. Burns is being heard today. It focuses on prohibiting unfunded mandates which is part of my property tax reform. Taxing authorities’ ability to raise taxes must be limited. At the same time the state must end unfunded mandates on local government. #txlege,2019-04-08 15:48:45,en
1914,90651198,GregAbbott_TX,Greg Abbott,Here’s a recent picture of DPS working along side @CBP at the Rio Grande at the border. https://t.co/tUT86ij95b,2019-04-08 06:11:29,en
1915,90651198,GregAbbott_TX,Greg Abbott,"Thanks for asking. I have the National Guard at the border right now. Additionally I have deployed hundreds of Department of Public Safety Troopers to the Border. We’ve added boats, planes &amp; detection equipment. We collaborate with the Border Patrol. https://t.co/9qBiBdEHTz",2019-04-08 06:11:28,en
1916,90651198,GregAbbott_TX,Greg Abbott,"Congratulations to Baylor Women’s Basketball on winning the #NationalChampionship. 
Great win by fabulous team. 
Texas is proud of your excellence. #SicEm @BaylorWBB @Baylor https://t.co/VsuHyn9UiX",2019-04-08 00:58:04,en
1917,90651198,GregAbbott_TX,Greg Abbott,#GunsUp. It’s what we do. #WreckEm https://t.co/G7qT4xs9Lw,2019-04-07 22:22:44,en
1918,90651198,GregAbbott_TX,Greg Abbott,Prayers for the DPS Trooper shot in the line of duty. Swift justice for the shooter. @TxDPS #BackTheBlue https://t.co/dIBZrrB4Zl,2019-04-07 05:44:59,en
1919,90651198,GregAbbott_TX,Greg Abbott,Great to join you and all the guests at the Clark Co. Lincoln Day Dinner. Great group of patriots. https://t.co/77vXhJYAod,2019-04-07 05:29:54,en
1920,90651198,GregAbbott_TX,Greg Abbott,"Party time in Lubbock, Texas tonight. https://t.co/okgskW2Kh9",2019-04-07 05:22:25,en
1921,90651198,GregAbbott_TX,Greg Abbott,Congratulations Texas Tech Red Raiders on advancing to the #NationalChampionship. The State of Texas is proud of you. @TexasTechMBB @TexasTech #WreckEm #MarchMadness #FinalFour https://t.co/AgCA0mO20z,2019-04-07 03:37:17,en
1922,90651198,GregAbbott_TX,Greg Abbott,"It’s Texas tradition that the Senate President Pro Tem serves as Govenor for a day. Congrats to ⁦@KirkPWatson⁩ on the honor. 
It’s also a Texas tradition that regardless of who’s Governor the REAL bosses of the Governor’s Mansion are Pancake &amp; Peaches ⁦@TexasPancake⁩ https://t.co/iHFxHCHq3Z",2019-04-06 23:52:34,en
1923,90651198,GregAbbott_TX,Greg Abbott,Houston Chronicle gets demolished after lying about the widow of a law enforcement officer murdered in the line of duty.  https://t.co/BYeaz0wUZ9,2019-04-06 19:48:13,en
1924,90651198,GregAbbott_TX,Greg Abbott,One of Texas's top 10 most wanted sex offenders arrested in Port Lavaca.  https://t.co/c7WGAWbkKP via @vicadvocate,2019-04-06 06:28:11,en
1925,90651198,GregAbbott_TX,Greg Abbott,I’m with Nebraska Governor Ricketts at the UFC Headquarters &amp; training center. UFC does big business in Texas. @UFC ⁦@PeteRickettsNE⁩ https://t.co/pCt3l4T5OO,2019-04-05 22:08:49,en
1926,90651198,GregAbbott_TX,Greg Abbott,Happy birthday! https://t.co/52WEklbfna,2019-04-05 04:41:01,en
1927,90651198,GregAbbott_TX,Greg Abbott,"I lol when my watch sends me this message while on a plane. 
That’s not how this works. 
It’s now how any of this works. https://t.co/nZBagOhRL3",2019-04-05 04:03:41,en
1928,90651198,GregAbbott_TX,Greg Abbott,Congratulations to Texas men’s basketball on winning the #NIT Championship. @TexasMBB #HookEm #Longhorns https://t.co/l6X24GWibl,2019-04-05 01:03:40,en
1929,90651198,GregAbbott_TX,Greg Abbott,"Looking forward to honoring this Texas country legend --&gt; Gary P. Nunn to be honored by Gov. Greg Abbott, Texas House and Senate https://t.co/VREMsz0OZ7 via @foxsanangelo",2019-04-04 22:34:58,en
1930,90651198,GregAbbott_TX,Greg Abbott,Watch SpaceX fire up the Starship engine for the first time in South Texas.  https://t.co/ygCok0cHs1,2019-04-04 20:49:43,en
1931,90651198,GregAbbott_TX,Greg Abbott,https://t.co/rYIQzsOXk3,2019-04-04 04:24:17,und
1932,90651198,GregAbbott_TX,Greg Abbott,"Just a reminder: My property tax proposal will reduce your property taxes, cut your property tax rate every year, and reform a broken appraisal system. Voting on these plans begins next week. Call your legislator. #txlege https://t.co/RX21BJdweH",2019-04-04 03:56:56,en
1933,90651198,GregAbbott_TX,Greg Abbott,Fraud buster: Brownsville native is the first female inspector general in Texas history. #txlege  https://t.co/mmyoY9qAnC via @BrownsvilleNews,2019-04-04 01:03:02,en
1934,90651198,GregAbbott_TX,Greg Abbott,Texas Senate votes to ban government contracts with abortion providers.  https://t.co/r57f8cBiR2,2019-04-03 15:47:48,en
1935,90651198,GregAbbott_TX,Greg Abbott,Texas has the best bridges in the country says study. #txlege  https://t.co/k5Fr0oljIJ,2019-04-03 15:37:06,en
1936,90651198,GregAbbott_TX,Greg Abbott,Congratulations to the Texas Men’s Basketball team advancing to the #NIT Finals. @TexasMBB #Hookem #Longhorns https://t.co/5hvrTtr5ro,2019-04-03 03:48:10,en
1937,90651198,GregAbbott_TX,Greg Abbott,BREAKING: The Texas Attorney General takes legal action on behalf of TCEQ against KMCO for Clean Air Act violations that are associated with an explosion that has led to a death and multiple injuries. Polluters will be punished.  https://t.co/0ljDnqsIfF,2019-04-03 03:40:15,en
1938,90651198,GregAbbott_TX,Greg Abbott,The Texas Senate just passed a bill mandating free speech on college campuses (including conservative speech). I look forward to signing it into law. But it’s crazy we have to pass a law to uphold the First Amendment. https://t.co/siPtnBbeF7,2019-04-03 01:40:52,en
1939,90651198,GregAbbott_TX,Greg Abbott,"RT @loiskolkhorst: The Texas Senate has officially declared the crisis at the TX-Mexico International Border an Emergency. 

We call on the…",2019-04-03 01:29:24,en
1940,90651198,GregAbbott_TX,Greg Abbott,750 additional Border Patrol personnel are being reassigned to the border. I spoke with Homeland Security Secretary Kirstjen Nielsen today and she emphasized that the federal government will use more strategies to secure the border. #txlege  https://t.co/vQ4CQqbWfW,2019-04-02 20:43:33,en
1941,90651198,GregAbbott_TX,Greg Abbott,Congratulations to the Baylor Women’s Basketball team on advancing to the #FinalFour. You make the State of Texas proud. #SicEm @BaylorWBB https://t.co/pGRH0Nxbfv,2019-04-02 01:45:08,en
1942,90651198,GregAbbott_TX,Greg Abbott,"The Houston Chronicle trampled on the widow of a law enforcement officer killed in the line of duty. They insulted her integrity without even calling her to get her input. The widow wants bail reform so killers like her husband's won't be out on bail. 
https://t.co/ja0lF1MBRt",2019-04-01 23:21:55,en
1943,90651198,GregAbbott_TX,Greg Abbott,Great to catch up with my daughter on Dad’s weekend. https://t.co/d5UcGGA3aU,2019-04-01 01:05:41,en
1944,90651198,GregAbbott_TX,Greg Abbott,Law enforcement is one way to crack down on illegal immigration. Federal agents busted an alleged immigrant stash house in El Paso &amp;  arrested a Mexican man on human smuggling charges after discovering 54 illegal immigrants in an overcrowded El Paso house https://t.co/RcNkuy2dmO,2019-03-31 22:00:30,en
1945,90651198,GregAbbott_TX,Greg Abbott,Congratulations Texas Tech Red Raiders on advancing to the #FinalFour. The State of Texas is proud of your success. @TexasTechMBB @TexasTech #WreckEm #MarchMadness https://t.co/s2z0JS8ZnR,2019-03-31 00:52:57,en
1946,90651198,GregAbbott_TX,Greg Abbott,https://t.co/IAIr0xTuts,2019-03-30 10:31:37,und
1947,90651198,GregAbbott_TX,Greg Abbott,It was an exciting day to join the Texas Rangers for their last opening day at their current ball park. @rangers #openingday https://t.co/kDMqh6AeM7,2019-03-30 10:31:03,en
1948,90651198,GregAbbott_TX,Greg Abbott,"The National Guard is activated and deployed to the border now. Department of Public Safety Troopers are deployed to the border too. We are adding boats, planes &amp; detection equipment too. Texas has the strongest border security of any state. Now we need Congress to act. https://t.co/K4LY7yKQ1I",2019-03-29 23:11:14,en
1949,90651198,GregAbbott_TX,Greg Abbott,Congratulations Texas Tech Red Raiders on your crushing defeat of Michigan &amp; your return to the #Elite8. #WreckEm @marchmadness @TexasTechMBB @TexasTech #EliteEight https://t.co/hrjqIdQG8d,2019-03-29 04:09:59,en
1950,90651198,GregAbbott_TX,Greg Abbott,Texas Attorney General will investigate San Antonio’s ban on Chick-fil-A at their airport. The ban has the stench of religious discrimination against Chick-fil-A. ⁦@KenPaxtonTX⁩ #txlege  https://t.co/W8AKypXozB,2019-03-28 21:36:03,en
1951,90651198,GregAbbott_TX,Greg Abbott,Great to join President Bush for the season opener for the Texas Rangers. ⁦@Rangers⁩ #OpeningDay https://t.co/R96xOAoohN,2019-03-28 20:10:28,en
1952,90651198,GregAbbott_TX,Greg Abbott,Thank you. https://t.co/qUVMqySzpy,2019-03-28 17:15:10,en
1953,90651198,GregAbbott_TX,Greg Abbott,The Texas House took another big step tonight to reform property taxes. Thank you @Burrows4TX and members for this important vote on HB 2 to help Texas homeowners and businesses. #txlege,2019-03-28 06:24:04,en
1954,90651198,GregAbbott_TX,Greg Abbott,Two wanted sex offenders captured at border by Border Patrol. Agents say a wanted sex offender attempted to blend in with a large group of migrants seeking asylum in El Paso. He had a prior arrest for a sex offense against a child. ⁦#txlege @CBP  https://t.co/b4uDiJWcmx,2019-03-27 19:42:45,en
1955,90651198,GregAbbott_TX,Greg Abbott,Proud to join @MichaelDell the  @PGATOUR &amp; @MayorAdler  for the big announcement that @DellMatchPlay will have #Dell as the title sponsor for another four years. @Dell @DellTech #golf https://t.co/odIYKRy4FM,2019-03-27 03:39:12,en
1956,90651198,GregAbbott_TX,Greg Abbott,Great to be with you and the @Astros. Love the jersey. https://t.co/Du33DaU76D,2019-03-26 03:32:16,en
1957,90651198,GregAbbott_TX,Greg Abbott,Our hearts go out to this El Paso County Sheriff's Deputy who lost his life in the line of duty when he was shot by a felon who was illegally in possession of a gun.  https://t.co/P7Pev1w5EP,2019-03-25 16:55:27,en
1958,90651198,GregAbbott_TX,Greg Abbott,"Congratulations Houston Cougars on advancing to the Sweet 16.
True dominance.
@UHCougarMBK @UHCougars #MarchMadness #Sweet16 https://t.co/R0DvOmHek7",2019-03-25 03:28:16,en
1959,90651198,GregAbbott_TX,Greg Abbott,"Congratulations to the Texas Tech Red Raiders on advancing to the Sweet 16.
@TexasTech @TexasTechMBB #WreckEm #MarchMadness https://t.co/6T0QX50E8C",2019-03-25 02:56:08,en
1960,90651198,GregAbbott_TX,Greg Abbott,"Details revealed in 6 cases of alleged voter fraud in the Rio Grande Valley. ""The Mission police department found that a complaint against a McAllen City Commission candidate accused of committing voter fraud 'held merit'"" #txlege https://t.co/HJyp0vEga3",2019-03-24 23:23:25,en
1961,90651198,GregAbbott_TX,Greg Abbott,Former AG Eric Holder is working with Obama on strategies to win back seats they lost during the Obama Administration. We are organizing now to remind them: Don’t Mess With Texas. We don’t want out-of-staters rigging our elections.  https://t.co/0DHFg7pafk,2019-03-24 21:40:33,en
1962,90651198,GregAbbott_TX,Greg Abbott,"Texas job growth continues in February, adding more than 17,000 new jobs. Texas remains the # 1 state in America for the most new jobs the past 12 months. #txlege  https://t.co/COEbsmSx6o",2019-03-24 21:17:47,en
1963,90651198,GregAbbott_TX,Greg Abbott,"With Faith, nothing is impossible for you. https://t.co/BbEawT4ifZ",2019-03-24 16:22:32,en
1964,90651198,GregAbbott_TX,Greg Abbott,Wow. What a night with the Bee Co. Republican Party. The region used to be Blue. Now it’s solid Red. Thanks to ⁦@RepJMLozano⁩ for the introduction. #txlege https://t.co/TiQREhmNJ3,2019-03-24 02:04:21,en
1965,90651198,GregAbbott_TX,Greg Abbott,BREAKING: The Texas Attorney General just filed a lawsuit against the company for violations of the Texas Clean Air Act. Polluters will be punished.  #txlege @KenPaxtonTX https://t.co/fw92tVRlMW,2019-03-22 22:29:59,en
1966,90651198,GregAbbott_TX,Greg Abbott,The Texas Commission on Environmental Quality is exploring all legal options to hold accountable the company that has caused the fires and pollution in Deer Park. https://t.co/97zlAJLYtr,2019-03-22 22:17:15,en
1967,90651198,GregAbbott_TX,Greg Abbott,This map shows (roughly) how large the Texas is. Points in the map’s red section are closer to somewhere in Texas than the opposite sides of Texas are to each other. It’s a Texas thing.  https://t.co/WyaYqNV1aM,2019-03-22 05:04:25,en
1968,90651198,GregAbbott_TX,Greg Abbott,"The best way to run a government, my friend, is to follow the Contstitution. Compromising due process in the name of efficiency is a threat to individual liberty and won’t be tolerated in Texas. https://t.co/UlhQJdaGSm",2019-03-22 03:38:13,en
1969,90651198,GregAbbott_TX,Greg Abbott,Because... Texas. https://t.co/LBD7o1D25S,2019-03-22 02:14:01,en
1970,90651198,GregAbbott_TX,Greg Abbott,“Texas is the 'Most Instagrammable' state in the U.S.” Just sayin.  https://t.co/ztLRDKqrpm,2019-03-21 21:35:21,en
1971,90651198,GregAbbott_TX,Greg Abbott,We help veterans transition into the workforce with programs like this. #Veteran #txlege https://t.co/EKM2H1FO2D,2019-03-21 17:40:07,en
1972,90651198,GregAbbott_TX,Greg Abbott,"RT @GovAbbott: Congratulations, Justice Brett Busby, on your unanimous confirmation by the Texas Senate. Proud to swear in the newest membe…",2019-03-21 02:23:59,en
1973,90651198,GregAbbott_TX,Greg Abbott,Mental Health is a School Safety Priority for Texas Lawmakers #txlege https://t.co/el6ikPm6xa via @CampusSafetyMag,2019-03-21 02:02:43,en
1974,90651198,GregAbbott_TX,Greg Abbott,Looking forward to this next week --&gt; Gov. Abbott To Throw Ceremonial First Pitch On Rangers Opening Day. Time for baseball. @MLB @Rangers https://t.co/oiKPbRfMde,2019-03-20 22:16:11,en
1975,90651198,GregAbbott_TX,Greg Abbott,RT @travisfortexas: Thank you @GregAbbott_TX for hosting @SteveTorrence and co this afternoon! We appreciate your hospitality! #txlege http…,2019-03-20 22:10:02,en
1976,90651198,GregAbbott_TX,Greg Abbott,We were honored to host the Ambassador from South Korea. Many South Korean companies do big business in Texas. #Txlege https://t.co/2T5Xd6z0GB,2019-03-20 04:46:02,en
1977,90651198,GregAbbott_TX,Greg Abbott,Lawmaker wants to make lemonade stands legal in Texas. It’s a shame that a law for this is even needed. #txlege  https://t.co/fbSPcbXZQO,2019-03-20 00:11:08,en
1978,90651198,GregAbbott_TX,Greg Abbott,Lufkin &amp; East Texas are in the early stages of becoming an economic powerhouse. Making Lufkin a Foreign Trade Zone will accelerate that. #txlege  https://t.co/ZGeBiPrQWi,2019-03-19 21:02:00,en
1979,90651198,GregAbbott_TX,Greg Abbott,We want to help small businesses grow in every region of the state. This week we are working with businesses in Edinburg &amp; the #RGV. #txlege  https://t.co/OHy99QhoYN,2019-03-19 16:34:45,en
1980,90651198,GregAbbott_TX,Greg Abbott,Congrats to @RepStickland on the traction he's getting on the proposed ban on red light cameras In Texas. This is a matter of due process. Police can always enforce traffic laws in person. #txlege https://t.co/fEv0XiX4fr,2019-03-19 01:56:33,en
1981,90651198,GregAbbott_TX,Greg Abbott,Thanks to Louisiana business leaders for the opportunity to talk about the Texas model that fosters economic success. We want our neighbors in Louisiana to experience the business success that Texas enjoys. Texas = #1 state for business 14 years in a row. #TxLege https://t.co/rXf2q3zlxV,2019-03-18 21:42:14,en
1982,90651198,GregAbbott_TX,Greg Abbott,"SpaceX could start testing its Starship prototype, a space vehicle it says will take humans to Mars, this week at Boca Chica Beach near Brownsville. #txlege  https://t.co/yysQZRh8kW",2019-03-18 21:24:05,en
1983,90651198,GregAbbott_TX,Greg Abbott,"This will forever change baseball viewing.
This is fabulous. https://t.co/cYB17smnX2",2019-03-18 03:26:17,en
1984,90651198,GregAbbott_TX,Greg Abbott,No one asked how much you pay for Storytime. The question was how much taxpayer dollars pay for libraries that host events that allow registered sex offenders to be around children. Houston Library officials apologized for not doing a background check. That costs money. https://t.co/7ZbdSAKWVU,2019-03-18 00:01:59,en
1985,90651198,GregAbbott_TX,Greg Abbott,"How much are you paying for a library where a registered sex offender participated in Drag Queen Storytime? The Fact is, Houston spends plenty of taxpayer dollars for services that are not essential. Houston, just like other cities, can handle property tax reform. #txlege https://t.co/wElUEuok1t",2019-03-17 23:08:12,en
1986,90651198,GregAbbott_TX,Greg Abbott,I have ordered all state resources to be available to help respond to the fire in Deer Park. Residents should continue to heed warnings from local officials. https://t.co/LlWUhdKNgq,2019-03-17 22:11:06,en
1987,90651198,GregAbbott_TX,Greg Abbott,"Great story about the Major General I appointed to lead the Texas National Guard: ""First woman to head Texas National Guard had a hero - her mom"" #txlege https://t.co/JBrGl6aSU8",2019-03-17 21:14:35,en
1988,90651198,GregAbbott_TX,Greg Abbott,Seems like Waco leaders and papers aren’t keeping up with the news. We have proposed adding $6 billion to education. But that funding won’t help control property taxes unless there’s a lid on taxing authorities’ ability to raise property taxes. #txlege  https://t.co/8tiBMPb7LI,2019-03-17 19:14:00,en
1989,90651198,GregAbbott_TX,Greg Abbott,Happy #StPatricksDay. https://t.co/4qzt6JhbMu,2019-03-17 16:51:24,en
1990,90651198,GregAbbott_TX,Greg Abbott,Remember this when you hear the mayor say that limiting property taxes would prevent the city from providing essential services. https://t.co/x2kyjCoON9,2019-03-17 16:19:16,en
1991,90651198,GregAbbott_TX,Greg Abbott,"Houston taxpayers, this is one of the ways Houston spends your tax dollars. It's another reason to support my limit on property tax increases. --&gt; ""Houston Library apologizes after registered sex offender participated in Drag Queen Storytime."" #txlege https://t.co/p1k0sZxdky",2019-03-17 04:47:07,en
1992,90651198,GregAbbott_TX,Greg Abbott,This should also compete as the official state breakfast item of Texas. #txlege https://t.co/9v5cnBKiob,2019-03-17 00:08:05,en
1993,90651198,GregAbbott_TX,Greg Abbott,Breakfast taco could become the official state breakfast of Texas. #txlege https://t.co/biHy9CrX74,2019-03-17 00:03:50,en
1994,90651198,GregAbbott_TX,Greg Abbott,Thanks to the Border Patrol for their tireless efforts to combat the drug trafficking across the border. Officers find nearly $1 million worth of meth in man's vehicle. ⁦@CBP⁩ ⁦@CBPRGV⁩ #txlege  https://t.co/kZBa72ZWyn,2019-03-16 17:28:33,en
1995,90651198,GregAbbott_TX,Greg Abbott,"How did the Cruz opposition research team miss this:
Beto Wrote A Murder Fantasy Piece Where The Narrator Runs Over Children With A Car https://t.co/LaC3kWqIGo",2019-03-16 02:31:59,en
1996,90651198,GregAbbott_TX,Greg Abbott,"You should hold a hearing and demand they appear. 
They do business in Texas because of our business climate.
They must be responsive to the Texas Senate. 
Time for Facebook to start answering questions. https://t.co/9wiO6jrLBU",2019-03-16 02:27:22,en
1997,90651198,GregAbbott_TX,Greg Abbott,I support this: No parole for mass shooters in Texas. #txlege https://t.co/SpSwgAKnLN,2019-03-15 03:28:25,en
1998,90651198,GregAbbott_TX,Greg Abbott,"Richardson ISD gave top teachers $10,000 raises to work at their most challenging &amp; low-income schools. Halfway through the first year, they're seeing students improve. The Superintendent said, ""It is bold, it is hard, and it is disruptive, But it works."" https://t.co/AfkvHvLrsk",2019-03-15 03:07:24,en
1999,90651198,GregAbbott_TX,Greg Abbott,Five Texas cities are among the top 25 most affordable in which to live and work according to an analysis that compared the salary-to-rent ratio in major metros. #txlege https://t.co/dmAIPHWENh via @DallasBizNews,2019-03-15 02:48:52,en
2000,90651198,GregAbbott_TX,Greg Abbott,"Texas--the Oil &amp; Gas leader of America--is 2nd in nation for clean energy jobs. There are more than 230,000 workers in solar, wind and energy efficiency jobs throughout Texas. #txlege  https://t.co/YbM1fvtZUo via @SABizJournal",2019-03-14 22:32:43,en
2001,90651198,GregAbbott_TX,Greg Abbott,Anyone who thinks the border is not an emergency doesn’t know the facts. El Paso is seeing a 500 % increase in border apprehensions from last year. Senators Cornyn &amp; Cruz we’re right to support the President’s mission to better fund border security.  https://t.co/kzaf9fubGK,2019-03-14 21:18:44,en
2002,90651198,GregAbbott_TX,Greg Abbott,The happiest place in America is right here in Texas. Plano ranks #1 in 2019’s Happiest Cities in America. Texas has 3 of the top 14 cities. #txlege  https://t.co/Yu4JZH06p6,2019-03-14 19:06:30,en
2003,90651198,GregAbbott_TX,Greg Abbott,RT @DonnaCampbellTX: Thank you @GovAbbott and First Lady Cecilia Abbott for honoring the elected women of the @86thLegislature today! It’s…,2019-03-14 04:32:56,en
2004,90651198,GregAbbott_TX,Greg Abbott,"Well deserved.
Thanks for your service to America.
Congratulations on the Medal of Honor. https://t.co/Sp0nvnWPDK",2019-03-14 04:17:56,en
2005,90651198,GregAbbott_TX,Greg Abbott,"The rape kits haven't been tested because of lack of funds.
The new Texas law would provide the funds and the process to test them.
The evidence can be turned over to law enforcement to prosecute rapists.
Justice must be done. https://t.co/bcLGwETyUA",2019-03-14 04:10:23,en
2006,90651198,GregAbbott_TX,Greg Abbott,"Tests on backlogged rape kits leads to 186 new arrests. 
This is why we must pass a law in Texas to clear the backlog of rape kits and arrest the rapists. #txlege https://t.co/IUZsHL80Tr via @wfaa",2019-03-14 03:59:19,en
2007,90651198,GregAbbott_TX,Greg Abbott,"AOC's GND is DOA. 
Sen. McConnell said: ""there’s nothing remotely new about a proposal to centralize control over the economy and raise taxes on the American people to pay for it."" 
There are other ways we can save the world without killing America. https://t.co/zrDuuds4t4",2019-03-14 03:35:23,en
2008,90651198,GregAbbott_TX,Greg Abbott,Broadcast Music Inc. has opened a new office in Austin. This is big news that will expand the music industry in Texas. Thanks to @BMI.  #txlege https://t.co/cnL48wQsT3 via @austinchronicle,2019-03-14 02:30:49,en
2009,90651198,GregAbbott_TX,Greg Abbott,Statewide fight against human trafficking spans multiple Texas agencies. Together we will end this heinous crime. #EndHumanTrafficking #txlege https://t.co/57TsmpsglI,2019-03-14 02:12:21,en
2010,90651198,GregAbbott_TX,Greg Abbott,"I love it when Football interrupts in March. 
Browns acquire Beckham in blockbuster deal with New York Giants https://t.co/qM8vDNUXDy",2019-03-13 03:01:14,en
2011,90651198,GregAbbott_TX,Greg Abbott,It was an honor to host the Edinburg Delegation at the Governor's Office. Thanks to Mayor Molina for presenting me a “Key to the City”. @CityofEdinburg #txlege https://t.co/HNl95AT9fT,2019-03-13 02:56:08,en
2012,90651198,GregAbbott_TX,Greg Abbott,RT @Scott_SanfordTX: Great to visit with Governor @GregAbbott_TX today on the House floor. #txlege https://t.co/7tagfBXkpR,2019-03-13 01:35:18,en
2013,90651198,GregAbbott_TX,Greg Abbott,RT @KingForTexas: It's always good to see Governor @GregAbbott_TX! I had the opportunity to say hello when he stopped by the @TexasHouse fl…,2019-03-13 01:34:57,en
2014,90651198,GregAbbott_TX,Greg Abbott,"RT @RepDennisBonnen: Thank you, Governor @GregAbbott_TX, for ordering the flags in Matagorda and Brazoria counties to be flown at half-staf…",2019-03-13 01:24:36,en
2015,90651198,GregAbbott_TX,Greg Abbott,Today is #NationalPancakeDay. We celebrate by giving pancakes to Pancake—the First Dog of Texas. ⁦@TexasPancake⁩ #txlege https://t.co/dkdmhPO5qI,2019-03-12 17:32:47,en
2016,90651198,GregAbbott_TX,Greg Abbott,More allegations of voter fraud in South Texas. All allegations of election fraud must be looked into to ensure there's no cheating at the ballot box.  https://t.co/8l0DN3QufK via @The Monitor,2019-03-12 01:57:19,en
2017,90651198,GregAbbott_TX,Greg Abbott,"I support legislation that ends unfunded mandates from the Legislature on local governments. But, it must be tied to limits on local government raising property taxes on Texans. #txlege
https://t.co/iKwWFXhCjP via @tdtnews",2019-03-11 23:11:03,en
2018,90651198,GregAbbott_TX,Greg Abbott,We were honored to host HRH the Crown Princess of Denmark and the Danish Minister of Culture. We share many attributes and we look forward to expanding our cultural and economic relations. @DenmarkinUSA https://t.co/PECnSEQEFp,2019-03-11 23:03:28,en
2019,90651198,GregAbbott_TX,Greg Abbott,"Happy birthday to a dear friend &amp; great Texan, ⁦@chucknorris⁩. 
Don’t Mess With Texas. And Don’t Mess With Chuck Norris. 
(His Birthday is March 10th) https://t.co/7u3mNAAI7j",2019-03-11 05:20:56,en
2020,90651198,GregAbbott_TX,Greg Abbott,I hear comments like this more &amp; more. That's why we're working to put a lid on your property taxes. We want you to keep more of your money. Some local officials insist on taking your money. Local officials must hear your anger. It's time for tax reform in Texas. #txlege https://t.co/LWgwuJi7RQ,2019-03-11 04:15:23,en
2021,90651198,GregAbbott_TX,Greg Abbott,"Waco officials want to tax their citizens more &amp; make up excuses why. McLennan Co. Judge Scott Felton said revenue caps on local governments is unfair because the state Legislature is not adequately funding education.  But, counties don't fund education. https://t.co/XxhBYdAeIU",2019-03-11 03:37:32,en
2022,90651198,GregAbbott_TX,Greg Abbott,RIP Bill Powers. Thanks for your love &amp; devotion to the University of Texas. #HookEm @UTAustin https://t.co/B6cvKLBAAX,2019-03-10 21:58:15,en
2023,90651198,GregAbbott_TX,Greg Abbott,"Capitalism made the U.S. the wealthiest &amp; most charitable country in history of the world. No country provides more aid to others than the U.S.  Capitalism reduced unemployment for African-Americans, Hispanics &amp; women to record lows &amp; lifted more out of poverty than socialism. https://t.co/aHlFslbkf8",2019-03-10 19:19:10,en
2024,90651198,GregAbbott_TX,Greg Abbott,Nolan Perez to join UT System Board of Regents https://t.co/zlgwjfv6s3 via @valleystar,2019-03-10 04:46:53,en
2025,90651198,GregAbbott_TX,Greg Abbott,"RT @FairPlayATX: #Austin's mayor wants to give a billionaire sports team owner hundreds of millions in property tax breaks, but he just sen…",2019-03-09 04:05:34,en
2026,90651198,GregAbbott_TX,Greg Abbott,"""Trump’s border emergency becomes more real by the day as migrants stack up along the Rio Grande."" BP Agent Romero says smugglers send migrants across the border as distracting tactics to also smuggle things ""like drugs or some big criminal leader"" #txlege https://t.co/7SMAqbPQDj",2019-03-09 03:56:13,en
2027,90651198,GregAbbott_TX,Greg Abbott,On this #InternationalWomensDay I salute the two most important women in my life. They are charting their own paths to improve the world around them. https://t.co/zKGBbIA8bo,2019-03-08 15:17:10,en
2028,90651198,GregAbbott_TX,Greg Abbott,Thank you both for fighting for life. https://t.co/RNznhc7oxU,2019-03-08 05:36:49,en
2029,90651198,GregAbbott_TX,Greg Abbott,"RT @BrooksLandgraf: Appreciate meeting with @GovAbbott yesterday to discuss the #GROWtexas Fund to help build better highways, appropriatel…",2019-03-08 05:33:19,en
2030,90651198,GregAbbott_TX,Greg Abbott,Let’s get this done. #txlege https://t.co/A1cMUG0GEO,2019-03-08 05:33:06,en
2031,90651198,GregAbbott_TX,Greg Abbott,There’s an election for a Texas House Seat. Friday is last day to vote early. Vote Fred Rangel to keep Texas great. #txlege #HD125 https://t.co/wT9d86BfPT,2019-03-08 05:06:57,en
2032,90651198,GregAbbott_TX,Greg Abbott,"Texas already ranks #1 for economic development. With East Texas communities like Lufkin, Longview, Texarkana &amp; Beaumont getting involved we will extend our lead and expand economic opportunity across the state. ⁦@GoBigInTexas⁩  https://t.co/FX0qGvd0S8",2019-03-08 03:40:02,en
2033,90651198,GregAbbott_TX,Greg Abbott,"Border Patrol in Laredo seize $3 million in drugs in 2 days, including cocaine hidden among tomatoes. We thank them for all they do to secure our border and keep out drugs &amp; crime like this. #txlege @CBP @CBPSouthTexas https://t.co/CRa3tm60sJ",2019-03-08 00:27:49,en
2034,90651198,GregAbbott_TX,Greg Abbott,RT @MattShaheen: This poll reinforces what I already knew because I hear it from folks in my district. That's why I'm fighting alongside @G…,2019-03-07 23:42:51,en
2035,90651198,GregAbbott_TX,Greg Abbott,Great to join with Matthew McConaughey to honor our hometown Longview Lobos for winning the state championship in football. @McConaughey @LongviewLobos https://t.co/5XkbOsboou via @ETVarsity,2019-03-06 17:06:51,en
2036,90651198,GregAbbott_TX,Greg Abbott,Texas banned Sanctuary Cities last session. If you have information that a Texas city is providing sanctuary to illegal immigrants in violation of the law report it to the Texas Attorney General who is given the authority to take legal action. https://t.co/p1hdRhnV78,2019-03-06 04:17:51,en
2037,90651198,GregAbbott_TX,Greg Abbott,February had highest total of illegal border crossers in 12 years. The President is right to take action to better secure our border.  https://t.co/uGpGadSrnW via @nbcnews,2019-03-06 04:05:09,en
2038,90651198,GregAbbott_TX,Greg Abbott,Peaches hates to see me leave the house. Can’t wait to get home to play. https://t.co/Ja1xC2ueVA,2019-03-05 20:04:43,en
2039,90651198,GregAbbott_TX,Greg Abbott,Congratulations to UNT on this distinction as a top-tier research university. Higher Education in Texas continues to excel. #txlege https://t.co/eOhtozxO1S via @DentonRC,2019-03-05 04:45:36,en
2040,90651198,GregAbbott_TX,Greg Abbott,Texans want voter approval of property tax hikes. And we are going to give it to them. #txlege https://t.co/I8khv11ahd via @newsjournal,2019-03-05 03:08:00,en
2041,90651198,GregAbbott_TX,Greg Abbott,"For the 7th straight year, Texas has won the Governor's Cup. It goes to the state that ranks #1 for economic development. #txlege https://t.co/YFjmSPwfdo",2019-03-05 01:01:35,en
2042,90651198,GregAbbott_TX,Greg Abbott,Roger that. I'm wrapping those gifts as we speak. https://t.co/2KNXiJkzPP,2019-03-05 00:38:12,en
2043,90651198,GregAbbott_TX,Greg Abbott,"Thanks for visiting the Governor's Mansion. Working together we will help Houston &amp; all affected regions recover from Hurricane Harvey, and we will secure our border. Thanks for all you do for Texas in Washington. @RepDanCrenshaw #txlege https://t.co/dA67yJD4Xy",2019-03-05 00:36:36,en
2044,90651198,GregAbbott_TX,Greg Abbott,Taco Bell saves lives. Man Eats Taco Bell Hot Sauce Packets While Trapped in Snow for 5 Days. @tacobell https://t.co/7mEgw0KKWo,2019-03-04 20:56:04,en
2045,90651198,GregAbbott_TX,Greg Abbott,"FYI, skyrocketing property taxes cause rent, hotel prices, &amp; business cost to go up too.
Also FYI, we're working to send teachers a pay raise. https://t.co/zTBLX5veGW",2019-03-04 03:02:43,en
2046,90651198,GregAbbott_TX,Greg Abbott,"Odessa City Council turns against their own citizens' demands about property tax reform. ""Odessans unhappy after city council votes to oppose proposed property tax rollback rate."" The Legislature will put citizens first. #txlege https://t.co/dUbNQ76DLf",2019-03-04 01:41:03,en
2047,90651198,GregAbbott_TX,Greg Abbott,Happy birthday to Speaker Dennis Bonnen. ⁦@RepDennisBonnen⁩ #txlege https://t.co/4QUpSL6ZRp,2019-03-03 23:52:03,en
2048,90651198,GregAbbott_TX,Greg Abbott,Oil &amp; Gas companies in Texas are using new technology to remove greenhouse gases from the atmosphere. Innovation knows no limit. #txlege https://t.co/EShxz8FCjk,2019-03-03 23:25:38,en
2049,90651198,GregAbbott_TX,Greg Abbott,A very Happy Texas Independence Day from @Texas Humor and me. God Bless Texas. https://t.co/BNHBq0s0Rk via @KVUE,2019-03-02 23:54:02,en
2050,90651198,GregAbbott_TX,Greg Abbott,We won that case and the Ten Commandments still stand on the Texas Capitol grounds. https://t.co/hLPl1RR7Dq,2019-03-02 22:41:02,en
2051,90651198,GregAbbott_TX,Greg Abbott,"OTD in 1836 Texas declared its independence. Since that time, the spirit of independence has flowed through the bloodstream of Texans and we have charted a path that has elevated Texas to become the premiere state in America. May we forever cherish our independent spirit. https://t.co/7BoDdYrPVP",2019-03-02 16:47:11,en
2052,90651198,GregAbbott_TX,Greg Abbott,"RT @ericqueller: Thank You Texas for recognizing ATs

This year I wrote to the Texas governor @GregAbbott_TX and he approved my request to…",2019-03-01 19:52:59,en
2053,90651198,GregAbbott_TX,Greg Abbott,Today I gave a podcast interview to the great folks @TexasHumor. In return I got my very own Wooly Willy. They said they wanted to see how I’d look if I grew a bread like Ted Cruz. https://t.co/kMv88RRGKc,2019-03-01 05:12:08,en
2054,90651198,GregAbbott_TX,Greg Abbott,Texas lawmakers are poised to stop the 'California-zation' of Austin. #txlege https://t.co/oqw9lNenHP,2019-03-01 04:30:32,en
2055,90651198,GregAbbott_TX,Greg Abbott,Unified Texas leadership aims to reduce skyrocketing property tax burden. #txlege https://t.co/l8XPdn7W1C https://t.co/q8ByqZIPNW,2019-03-01 03:46:51,en
2056,90651198,GregAbbott_TX,Greg Abbott,Sweeping legislation takes aim at shock emergency room bills in Texas. This issue must be resolved this session.  #txlege  https://t.co/GGiioaTn4I,2019-03-01 01:14:57,en
2057,90651198,GregAbbott_TX,Greg Abbott,"It's past time to test all these rape kits that have potential evidence about rapes. We must identify, investigate &amp; prosecute anyone who has committed rape. These kits provide evidence to help do that. #txlege  https://t.co/YvsJiGa3U5",2019-02-28 05:06:22,en
2058,90651198,GregAbbott_TX,Greg Abbott,"Today I awarded the Texas Medal of Arts to some talented Texans who have excelled in their art, including this presentation to Matthew McConaughey. Congratulations to all the honorees.  ⁦@McConaughey⁩ #txlege https://t.co/7M7MCZzSdN",2019-02-28 01:18:46,en
2059,90651198,GregAbbott_TX,Greg Abbott,Thanks to the Border Patrol. Man arrested by Border Patrol agents found to be a wanted sex offender in Texas. #txlege ⁦@CBP⁩  https://t.co/XNeWu12Hbc,2019-02-26 21:47:25,en
2060,90651198,GregAbbott_TX,Greg Abbott,"The Texas economy remains red hot. “Service sector growth in Texas accelerated in February, as companies noted an increase in both profits and hiring, according to a report by the Federal Reserve Bank of Dallas.”  #txlege  https://t.co/IcRRzZnMxS",2019-02-26 19:44:10,en
2061,90651198,GregAbbott_TX,Greg Abbott,Thanks General Semonite to you &amp; your team @USACEHQ for your tireless work to help Texas rebuild from Hurricane Harvey. #TxLege https://t.co/kqz9NVG2Xe,2019-02-25 23:24:34,en
2062,90651198,GregAbbott_TX,Greg Abbott,Today I met with HUD Secretary Ben Carson to get $652 million in funding to help Texans continue rebuilding from Hurricane Harvey. Also he announced another multi-billion dollar fund that will make Texas more storm resilient. ⁦@SecretaryCarson⁩ #txlege https://t.co/k6pLRAqub4,2019-02-25 19:58:54,en
2063,90651198,GregAbbott_TX,Greg Abbott,OTD William B. Travis sent his famous letter from the Alamo. It etched in history the legacy of Texans willing to die for independence. May we never lose hunger for the freedom for which Texas stands. God Bless Texas. #VictoryOrDeath #txlege https://t.co/SyUQhGAAO3,2019-02-24 13:59:23,en
2064,90651198,GregAbbott_TX,Greg Abbott,A&amp;M-Texas game gets thumbs up from Aggie student body. #GigEm @TAMU https://t.co/c3pe9HrTLg via @247sports,2019-02-23 21:37:01,en
2065,90651198,GregAbbott_TX,Greg Abbott,Great to be in Laredo to receive the Mr. South Texas Award for 2019. Thanks Laredo for your warm hospitality. https://t.co/G11DYRx79w,2019-02-23 21:22:33,en
2066,90651198,GregAbbott_TX,Greg Abbott,Congratulations. You will do a great job. https://t.co/9xUzc0kiNx,2019-02-22 01:46:16,en
2067,90651198,GregAbbott_TX,Greg Abbott,Katy resident convicted of hiding undocumented immigrants inside furniture. #txlege  https://t.co/hctXJk4UkO,2019-02-21 18:35:45,en
2068,90651198,GregAbbott_TX,Greg Abbott,"Midland, Texas is #1 in America for job growth rate. Wages are rising in a big way too. #txlege  https://t.co/oLziknM0oj",2019-02-21 02:04:59,en
2069,90651198,GregAbbott_TX,Greg Abbott,"More than $12M worth of meth seized in Texas. Thanks to the Border Patrol for their daily vigilance to combat the importing of drugs like this. #txlege ⁦@CBPSouthTexas⁩ ⁦@CBP⁩

https://t.co/xPrsIJ6lIB",2019-02-20 04:46:53,en
2070,90651198,GregAbbott_TX,Greg Abbott,Election fraud allegations are not limited to one political party. Regardless of who is involved in illegal voting it must be prosecuted to ensure integrity in elections. #rxlege.  https://t.co/wx1ZPyk2Mj,2019-02-19 02:01:47,en
2071,90651198,GregAbbott_TX,Greg Abbott,https://t.co/uLQPUd8lgU,2019-02-17 23:33:20,und
2072,90651198,GregAbbott_TX,Greg Abbott,Some Mayors complain that limiting their ability to raise property taxes will limit their ability to provide essential services. Instead it will stop cities from wasting taxpayer dollars on bad investments like this. #txlege #tcot  https://t.co/2DNMNiwRNK,2019-02-17 19:44:50,en
2073,90651198,GregAbbott_TX,Greg Abbott,"Texas must evaluate the importance of an independent judiciary free from politics. We need judges devoted to the constitution and strict application of the law, not to the political winds of the day. #txlege  https://t.co/K5m8eHVhKj",2019-02-17 17:41:32,en
2074,90651198,GregAbbott_TX,Greg Abbott,Mexico deports MS-13 gang members found in caravan near Texas border. #txlege  https://t.co/1J8hyGeCsk,2019-02-16 22:34:20,en
2075,90651198,GregAbbott_TX,Greg Abbott,@Startelegram is wrong again. If they read my budget or the House &amp; Senate Budgets they’d see we ARE planning to spend on education what they say is needed. But that won’t stop cities from raising taxes. Cities don’t fund schools. Collin Co. lives within the cap so can Ft. Worth https://t.co/Lz2eskbuWX,2019-02-15 07:21:03,en
2076,90651198,GregAbbott_TX,Greg Abbott,We have a white squirrel at the Governor’s Mansion we named Q-Tip. Today Q-Tip has a Valentine! https://t.co/CX8B56yD1c,2019-02-15 00:04:43,en
2077,90651198,GregAbbott_TX,Greg Abbott,RT @chrispaddie: Gov. @GregAbbott_TX met with the @TXGOPCaucus this week to discuss property tax reform and thank us for our efforts to bri…,2019-02-14 23:09:31,en
2078,90651198,GregAbbott_TX,Greg Abbott,A special Valentines Day card from Pancake &amp; Peaches. ⁦@TexasPancake⁩ #ValentinesDay https://t.co/PQlOXQVgr4,2019-02-14 22:28:34,en
2079,90651198,GregAbbott_TX,Greg Abbott,Amazon’s decision to flee NYC because of the liberal backlash is a warning to those pushing socialism: hostility to business is bad for your state. Texas is #1 for business and jobs because we promote opportunity not hostility. #txlege  https://t.co/SwYiVWIqbu,2019-02-14 19:17:30,en
2080,90651198,GregAbbott_TX,Greg Abbott,"Skyrocketing property taxes are forcing Texans out of their homes. After living in a comfortable South Austin home for a decade, rising property taxes pushed the Johnsons out — their tax bill eventually became higher than their mortgage payment. #txlege  https://t.co/65inpSPxNP",2019-02-14 06:24:44,en
2081,90651198,GregAbbott_TX,Greg Abbott,"28 fugitives listed on the Texas 10 Most Wanted Program, including 15 convicted sex offenders, were arrested in 2018 by the Texas Dept. of Public Safety &amp; partner agencies. #txlege @TxDPS  https://t.co/nrwtB9Td7q",2019-02-14 03:39:08,en
2082,90651198,GregAbbott_TX,Greg Abbott,"""Property tax reform is sorely needed in Texas."" This is a fight between people paying taxes and the politicians spending their money. Texans, make sure your voice is heard. Your wallet is on the line. Call your state Representative. #txlege
https://t.co/USNBqHxDmy",2019-02-14 03:13:23,en
2083,90651198,GregAbbott_TX,Greg Abbott,Happy 22nd birthday to my wonderful daughter. https://t.co/SrYtNFL9BS,2019-02-13 23:52:03,en
2084,90651198,GregAbbott_TX,Greg Abbott,"We are expanding our crack-down on dangerous gangs: ""Smith County officials give green light to Abbott's new regional gang center."" #txlege | https://t.co/l8XPdn7W1C https://t.co/AgkjtQOuuW",2019-02-13 04:02:15,en
2085,90651198,GregAbbott_TX,Greg Abbott,Congratulations to Fred Rangel for leading the first round of voting for House District 125 Special Election. He will take a sizable lead into the run-off for the San Antonin area seat that historically has been held by Democrats. #txlege  https://t.co/SUrqK4zjHZ,2019-02-13 03:43:57,en
2086,90651198,GregAbbott_TX,Greg Abbott,"Only 5 out of 43 governors received A’s for fiscal policies, cutting spending, &amp; taxes. Guess what grade Texas got. #txlege  https://t.co/3DuAcI6KWH",2019-02-12 13:11:32,en
2087,90651198,GregAbbott_TX,Greg Abbott,I strongly support a Level 1 Trauma Center in the Rio Grande Valley. It's unacceptable that severely injured patients are sent all the way to San Antonio for emergency care. #txlege #RGV  https://t.co/PYzJaOfPfV,2019-02-12 04:17:35,en
2088,90651198,GregAbbott_TX,Greg Abbott,Property Tax Reform swiftly passes out of Texas Senate committee &amp; heads to entire Senate. We are one step closer to reining in skyrocketing property taxes in Texas. Thanks @TeamBettencourt &amp; @DanPatrick for your leadership. #txlege https://t.co/9XVdx3aiN8 via @houstonchron,2019-02-12 04:14:26,en
2089,90651198,GregAbbott_TX,Greg Abbott,"Worth reading --&gt; ""Our view: Abbott's emergency items right on target for Texans"" #txlege https://t.co/4XvZYVoV0F",2019-02-12 04:09:23,en
2090,90651198,GregAbbott_TX,Greg Abbott,NEVER mess with Texas! https://t.co/pCQTqCsWUB,2019-02-12 02:12:53,en
2091,90651198,GregAbbott_TX,Greg Abbott,Thanks Jeff. You’re doing a great job for your constituents this session. #txlege https://t.co/RjKZyqucAT,2019-02-11 22:01:59,en
2092,90651198,GregAbbott_TX,Greg Abbott,Thanks to the Richardson Chamber of Commerce for inviting me to speak about Texas’ economic success &amp; about the need to cut property taxes and better fund education.   Thanks Richardson for the powerful role you play in the Texas economy. ⁦@RichardsonCoC⁩ #txlege https://t.co/iOgyGcohRz,2019-02-11 19:22:50,en
2093,90651198,GregAbbott_TX,Greg Abbott,"Texas had a banner year in terms of job creation.  Last year we added more than 1,000 new jobs EACH DAY. #txlege  https://t.co/aBpdPorUE5",2019-02-11 16:26:27,en
2094,90651198,GregAbbott_TX,Greg Abbott,Texas crude oil production breaks all-time record. #txlege  https://t.co/RYEWRLUh4b,2019-02-11 16:22:11,en
2095,90651198,GregAbbott_TX,Greg Abbott,"Thanks Rep. Ashby: ""Increasing teacher pay, bolstering school safety &amp; providing property tax relief were included in the governor’s list of emergency items. I am delighted that the governor put these items at the top of his priority list."" @TrentAshbyTX https://t.co/dplfLCeSBF",2019-02-11 05:28:58,en
2096,90651198,GregAbbott_TX,Greg Abbott,Thanks Representative Brooks Landgraf for your leadership in Austin to help reform property taxes and school finance. @BrooksLandgraf #txlege https://t.co/gkzho3oozp via @OdessaAmerican,2019-02-11 05:19:08,en
2097,90651198,GregAbbott_TX,Greg Abbott,Do you agree that Property Taxes are too high. Join our effort to rein in Property taxes in Texas. Contact your state Representative &amp; Senator &amp; tell them you support property tax reform. #txlege https://t.co/IwRoB320Yk,2019-02-11 05:15:35,en
2098,90651198,GregAbbott_TX,Greg Abbott,This session we are advancing the most significant mental health legislation in decades. We will modernize the way we help Texans deal with mental health challenges. #txlege - The Daily Texan https://t.co/q235FIx6K5 via @thedailytexan,2019-02-11 05:12:55,en
2099,90651198,GregAbbott_TX,Greg Abbott,Here’s Peaches-the First Puppy of Texas- on her first plane ride. She is solid gold on the campaign trail. https://t.co/pVoqCiY0cT,2019-02-10 20:23:26,en
2100,90651198,GregAbbott_TX,Greg Abbott,"Yes, this is Texas' best hope in years for improving education, increasing teacher pay, and reforming property taxes. #txlege  https://t.co/rjVQp9oaiO",2019-02-09 22:17:52,en
2101,90651198,GregAbbott_TX,Greg Abbott,"1,000 pounds of methamphetamine seized at Pharr port of entry. One of the most important roles Border Patrol plays is keeping these drugs from entering the U.S. #txlege  https://t.co/rC71K0iQ4D",2019-02-09 19:05:17,en
2102,90651198,GregAbbott_TX,Greg Abbott,"Ft. Worth Realtor says: “I get phone calls at least once a week, if not more, that people are going to have to sell their house if taxes go up any more. Some already have. That’s not American. It’s not cool and it’s not the way it should be.” #txlege  https://t.co/tthFPwhnz8",2019-02-09 18:46:53,en
2103,90651198,GregAbbott_TX,Greg Abbott,U.S. Border Patrol agents stopped a smuggling attempt by two undocumented immigrants and another man with previous convictions. #txlege https://t.co/WdiazsoMx4,2019-02-09 17:22:08,en
2104,90651198,GregAbbott_TX,Greg Abbott,Border arrests up 85 percent over same period last year. We thank the  US Customs and Border Protection for their tireless work.  https://t.co/9oELLFO2ip,2019-02-08 20:16:47,en
2105,90651198,GregAbbott_TX,Greg Abbott,Did you know that your Mayor testified AGAINST property tax reform. He wants to keep your property taxes high. #txlege https://t.co/TEn64y1F9N,2019-02-08 04:26:13,en
2106,90651198,GregAbbott_TX,Greg Abbott,Texas IS ready to toughen sexual assault laws. It will happen this session. #txlege https://t.co/IP3SzmLOm0,2019-02-08 04:00:37,en
2107,90651198,GregAbbott_TX,Greg Abbott,"""Property tax growth is killing homeowners and businesses in Texas."" That's what Montgomery Co. Commissioner James Noack says in support of our plan to limit the ability of taxing authorities to raise your property taxes. #txlege @JamesNoack https://t.co/LgoBuwIeK3",2019-02-08 03:51:55,en
2108,90651198,GregAbbott_TX,Greg Abbott,"“I’m mad as hell and I’m not going to take it anymore,” Fran Rhodes of Fort Worth said about her property tax bill. If you feel the same be sure to tell your state representative and senator. #txlege https://t.co/an5Q6uAeHR",2019-02-07 04:29:50,en
2109,90651198,GregAbbott_TX,Greg Abbott,I was so proud to honor this trail-blazing entrepreneur at the State of the State. Her juice is now sold at Whole Foods in Houston. #txlege https://t.co/9ZlH0fiwbE via @Shareaholic,2019-02-07 04:20:20,en
2110,90651198,GregAbbott_TX,Greg Abbott,"I wan't more regions of Texas to have these gang fighting task forces, including in Tyler. All Texans should be safe! #txlege https://t.co/G40MZgvQhC",2019-02-07 04:13:02,en
2111,90651198,GregAbbott_TX,Greg Abbott,"That post was connected to this editorial from Beaumont:
https://t.co/mdvIJsqOlQ https://t.co/YsX6dImh8C",2019-02-07 04:06:24,en
2112,90651198,GregAbbott_TX,Greg Abbott,"You are confused about tax law. 1st you say ""state officials don’t control local tax rates to begin with."" Then you say ""(The current threshold for these 'roll-back"" votes is an 8% increase.)"" FYI that 8% rate was established by state officials &amp; they can lower it to 2.5%",2019-02-07 04:03:51,en
2113,90651198,GregAbbott_TX,Greg Abbott,"Great job Senator Bettencourt. Education dollars should go to teachers and classrooms, not tax-funded water parks. ⁦@TeamBettencourt⁩ #txlege  https://t.co/5plFbCs4J6",2019-02-07 03:20:54,en
2114,90651198,GregAbbott_TX,Greg Abbott,Texans ask: what’s going on at Eagle Pass? Below is a picture &amp; statement showing that TX Dept. of Public Safety is on top of it. As part of our border security plan we keep DPS on the border with boats &amp; planes. They work with local &amp; federal authorities to enforce the law. https://t.co/R4m0K11jLf,2019-02-07 01:42:52,en
2115,90651198,GregAbbott_TX,Greg Abbott,"I want to crack down on dangerous gangs in all parts of our state: ""Texas Governor Greg Abbott called for 2 new anti-gang task force centers to be in Tyler, Waco"" #txlege | https://t.co/l8XPdn7W1C https://t.co/xS3OaVRmYX",2019-02-06 03:23:44,en
2116,90651198,GregAbbott_TX,Greg Abbott,Thanks Jeff for working so hard for your constituents to make their lives better. https://t.co/key9ZgoTAh,2019-02-06 02:30:54,en
2117,90651198,GregAbbott_TX,Greg Abbott,"RT @DrBuckinghamTX: This should make all Texans proud. During this morning's State of the State address, Governor @GregAbbott_TX pointed ou…",2019-02-06 01:45:56,en
2118,90651198,GregAbbott_TX,Greg Abbott,"Property Tax Reform Now. Republicans, Democrats &amp; Independents overwhelming agree to limit the ability of local authorities to raise your taxes. That's my plan. The only people against it are some local officials who seem to be working against their own constituents. #txlege https://t.co/dyn8GgmsdY",2019-02-06 01:42:53,en
2119,90651198,GregAbbott_TX,Greg Abbott,Thanks Rep. Burrows for your effective and tireless work on Property Tax Reform. #txlege https://t.co/ACmqwBLK9v,2019-02-06 01:36:58,en
2120,90651198,GregAbbott_TX,Greg Abbott,More jobs coming to East Texas. U.S. Steel to restart East Texas mill and fill 140 jobs. #txlege https://t.co/zYoyyZ2Csx via @kytxcbs19,2019-02-06 01:29:34,en
2121,90651198,GregAbbott_TX,Greg Abbott,"This disgusting rape isn't tolerated in Texas. We won't deport him, just to have him return. Instead, he'll spend the next 244 years in jail-- which means life. It won't be a pleasant stay.  #txlege  https://t.co/7AN5BHANwH",2019-02-06 01:24:00,en
2122,90651198,GregAbbott_TX,Greg Abbott,RT @gregfenves: Finishing up Orange &amp; Maroon Day with Longhorn Governor @GregAbbott_TX. Thanks to all the @TAMU and @UTAustin alumni meetin…,2019-02-06 01:15:26,en
2123,90651198,GregAbbott_TX,Greg Abbott,Thanks Speaker. We look forward to working with you to make Texas even better. https://t.co/dq4tiKuvQq,2019-02-06 01:13:37,en
2124,90651198,GregAbbott_TX,Greg Abbott,The National Guard and the Texas Department of Public Safety are already there. They are working with both local and federal officials. https://t.co/8fVgR2EI0s,2019-02-05 02:34:25,en
2125,90651198,GregAbbott_TX,Greg Abbott,"This is excellent. Collin County takes a step toward ensuring property tax reform for their taxpayers. At the same time Texas will work to reduce Robin Hood, reform School Finance, pay our teachers more, and reduce unfunded mandates on local government. #txlege @CollinCountyGov https://t.co/WdWdxA5b0V",2019-02-05 02:27:07,en
2126,90651198,GregAbbott_TX,Greg Abbott,This is outstanding. Thanks @USNavy: Navy announces USS Kingsville in honor of town’s longtime support. #txlege #Navy  https://t.co/UewzE5Pakz,2019-02-05 02:18:26,en
2127,90651198,GregAbbott_TX,Greg Abbott,Watch until the end. Peaches gets excited about the #PuppyBowl. https://t.co/vFBclEEIQw,2019-02-04 05:21:53,en
2128,90651198,GregAbbott_TX,Greg Abbott,"This editorial is so uniformed. 1st we put local control where it belongs, with Taxpayers. 2nd if you read the bill before criticizing it you'd learn it requires the state to pay more of the Robin Hood tab. The state is paying for the reform. #txlege https://t.co/MwRsMts6sH",2019-02-03 23:13:09,en
2129,90651198,GregAbbott_TX,Greg Abbott,https://t.co/vYymWINbx5,2019-02-03 21:57:46,und
2130,90651198,GregAbbott_TX,Greg Abbott,This is so wrong. Property-tax reform would only impact streets &amp; public safety if local governments budget irresponsibly. The REAL impact of my property tax reform is to rein in skyrocketing property taxes. I’m putting Taxpayers first. #txlege #tcot https://t.co/pcB0Kf9rLW,2019-02-03 20:05:57,en
2131,90651198,GregAbbott_TX,Greg Abbott,The Texas economy is larger than most of the COUNTRY economies in the world. https://t.co/xlj3SecAEx,2019-02-02 19:16:59,en
2132,90651198,GregAbbott_TX,Greg Abbott,I'm proud to work with the commanders of the 15 military installations in Texas to ensure their bases remain strong. #txlege #military https://t.co/RmAB47yj8y,2019-02-02 19:06:02,en
2133,90651198,GregAbbott_TX,Greg Abbott,"Peaches, our youngest puppy, has turned 1. This is a picture of her on the day I first brought her to the Governor’s Mansion. Happy Birthday Peaches. https://t.co/angXZrncWC",2019-02-02 17:30:20,en
2134,90651198,GregAbbott_TX,Greg Abbott,Almost every day Cartels exploit our porous border &amp; inadequate laws to smuggle in people they often exploit for money &amp; sex. It’s why Texas has deployed National Guard &amp; law enforcement to the border. But it’s not enough until the federal government fully secures the order. https://t.co/a1gexHTYDB,2019-02-01 06:13:17,en
2135,90651198,GregAbbott_TX,Greg Abbott,Are you tired of waiting in line for a driver license? Those long lines are absurd! We are going to fix it this session. #txlege  https://t.co/k564OrEVxV,2019-02-01 03:12:23,en
2136,90651198,GregAbbott_TX,Greg Abbott,"More voter fraud prosecution by Texas Attorney General. A woman is accused of using a dead person's identity to vote. She was indicted for voter impersonation &amp; illegal voting. #txlege 
 https://t.co/itFHudiS91 via @KVUE",2019-02-01 01:08:14,en
2137,90651198,GregAbbott_TX,Greg Abbott,Dallas-Ft. Worth topped the country in new construction jobs in 2018. The Texas economic engine continues to roar. #txlege  https://t.co/rnjH48UZHP,2019-01-31 22:33:14,en
2138,90651198,GregAbbott_TX,Greg Abbott,"""Transforming a school through teacher compensation and leadership."" This teacher provides insight about how we can substantially improve our schools. I support this program and say the State should fund it.  #txlege By Katie Benningfield in @TribTalkTX: https://t.co/dprYqnBjKu",2019-01-30 02:27:03,en
2139,90651198,GregAbbott_TX,Greg Abbott,"Previously deported &amp; previously convicted Guatemalan immigrant caught at El Paso border trying to re-enter. Border Patrol said he was charged in 2006 with aggravated assault, burglary, aggravated sexual assault during robbery &amp; criminal sexual contact.  https://t.co/3kG1vvQBRR",2019-01-30 01:28:07,en
2140,90651198,GregAbbott_TX,Greg Abbott,Human trafficking crack down in Houston nets 20 arrests. #txlege #HumanTrafficking  https://t.co/Bo8IvuRwDW,2019-01-29 18:59:58,en
2141,90651198,GregAbbott_TX,Greg Abbott,RT @SylvesterTurner: Also thanking @GovAbbott for contacting us to offer concerns and prayers for the wounded @HoustonPolice officers. #Hou…,2019-01-29 02:24:38,en
2142,90651198,GregAbbott_TX,Greg Abbott,5 brave Houston police officers have been shot in the line of duty. Keep them in your prayers. #BackTheBlue #txlege https://t.co/zxmo1Iwu5O via @houstonchron,2019-01-29 00:17:47,en
2143,90651198,GregAbbott_TX,Greg Abbott,RT @DonnaCampbellTX: Thank you @GovAbbott for hosting today’s Texas Military Summit. No state supports its military and veterans like Texas…,2019-01-28 21:34:27,en
2144,90651198,GregAbbott_TX,Greg Abbott,I saw this and wanted to pass it on. https://t.co/dBPO0ct6UD,2019-01-28 02:37:06,en
2145,90651198,GregAbbott_TX,Greg Abbott,Another illegal immigrant who illegally voted in Texas is headed to prison—this time in federal court. Illegal voting is a crime with our democracy the victim. It won’t be tolerated. We will continue to fight for integrity of the ballot box. #txlege  https://t.co/SZjpeIGOar,2019-01-26 20:07:05,en
2146,90651198,GregAbbott_TX,Greg Abbott,I grieve for this mother. Her son should still be alive today. I told her that her son’s murder will spur us to ensure that other lives are not similarly lost. https://t.co/9nBvZDdsDM,2019-01-26 02:45:33,en
2147,90651198,GregAbbott_TX,Greg Abbott,These inappropriate student-teacher relationships are obscene. They are illegal. They must stop. They must be prosecuted. #txlege  https://t.co/cBPLZ4QVCL,2019-01-26 01:10:24,en
2148,90651198,GregAbbott_TX,Greg Abbott,Thanks to Attorney General Paxton and the Secretary of State for uncovering and investigating this illegal vote registration. I support prosecution where appropriate. The State will work on legislation to safeguard against these illegal practices. #txlege #tcot https://t.co/UwtyXijVwK,2019-01-25 21:57:51,en
2149,90651198,GregAbbott_TX,Greg Abbott,Voter Fraud faces stiff penalties in Texas. An illegal immigrant in Texas who used a stolen ID to vote at his local polling place received a prison sentence yesterday. #txlege #VoterFraud  https://t.co/M2GDBIygzL #FoxNews,2019-01-25 18:00:21,en
2150,90651198,GregAbbott_TX,Greg Abbott,Pentagon Federal Credit Union to create nearly 600 new jobs in San Antonio. #txlege https://t.co/dInaq6LRHX,2019-01-25 17:53:19,en
2151,90651198,GregAbbott_TX,Greg Abbott,Today we hosted the Ambassador from Australia. As a gift he gave me a vial of soil from the battlefield where Americans &amp; Australians fought together in WWI 100 years ago. We remain united in defense of freedom. #txlege  https://t.co/eW2CofUV7D,2019-01-25 03:08:41,en
2152,90651198,GregAbbott_TX,Greg Abbott,Texas is giving a break to veterans who work for the federal government and haven't been paid because of the shutdown. Temporarily they will be able to stop making payments on home and land loans with the board. #txlege #Veterans https://t.co/4GUsBXyF7O,2019-01-24 20:35:56,en
2153,90651198,GregAbbott_TX,Greg Abbott,Texas construction employment reaches a record high. The state's construction employment grew the most of any state in the country. #txlege #JOBS  https://t.co/WmcBqRrLvx via @houstonchron,2019-01-23 03:02:23,en
2154,90651198,GregAbbott_TX,Greg Abbott,To help combat opioid abuse Texas has launched website to inform Texans what they can do to help prevent prescription drug addiction. More reforms will pass this legislative session. #txlege https://t.co/CqTny0AKn7,2019-01-23 02:52:08,en
2155,90651198,GregAbbott_TX,Greg Abbott,"RT @leachfortexas: Great meetings today, Governor! Working together, under your leadership, I’m confident we can deliver BIG for Texas stud…",2019-01-23 02:03:56,en
2156,90651198,GregAbbott_TX,Greg Abbott,"RT @TXAlliance4Life: Pro-life Governor @GregAbbott_TX declares today Sanctity of Human Life Day. ""The Lone Star State stands as a beacon of…",2019-01-23 01:58:33,en
2157,90651198,GregAbbott_TX,Greg Abbott,RT @BradBuckleyDVM: Many thanks to @GregAbbott_TX for taking time to discuss school finance reform and property tax reform with us today. W…,2019-01-23 01:56:08,en
2158,90651198,GregAbbott_TX,Greg Abbott,"Texas is doing more to crack down on human trafficking. Today I announced $18 million in grants to combat human trafficking and to help victims of it. #txlege #HumanTrafficking
https://t.co/hrBbrBSGAw via @KVUE",2019-01-23 01:35:47,en
2159,90651198,GregAbbott_TX,Greg Abbott,Working on school finance and property tax reforms today with @StephanieKlick @Scott_SanfordTX @JaredLPatterson @CodyforTexas @BradBuckleyDVM @MattShaheen @Burrows4TX @leachfortexas @candynoble @goldmancraig @morganmeyertx @jcyrier @DrGregBonnen @AngieChenButton #txlege https://t.co/McuDEw2aOk,2019-01-23 00:02:57,en
2160,90651198,GregAbbott_TX,Greg Abbott,"Houston case reveals extortion, death threats among brutal tactics employed by human traffickers. This is part of the humanitarian crisis exploited by the human smugglers profiting from a broken illegal immigration system. #txlege #EndHumanTrafficking  https://t.co/O9PwEUGnnd",2019-01-21 20:35:27,en
2161,90651198,GregAbbott_TX,Greg Abbott,"With air taxis and drones, Fort Worth-based Bell wants to fly into the future.  https://t.co/aGmawEXyVw",2019-01-21 20:26:19,en
2162,90651198,GregAbbott_TX,Greg Abbott,Martin Luther King Jr. inspired hope throughout the entire nation &amp; that beacon still burns bright in Texas. Today we honor his legacy of expanding liberty and opportunity for ALL. https://t.co/5VwM5jBZeq,2019-01-21 16:13:04,en
2163,90651198,GregAbbott_TX,Greg Abbott,Non-citizen indicted for voting illegally in Texas. The Texas Attorney General is aggressively prosecuting illegal voting. If you are not a citizen of Texas &amp; the U.S. you will be prosecuted if you vote illegally. #txlege #tcot https://t.co/g3LQydnTdK,2019-01-20 18:27:25,en
2164,90651198,GregAbbott_TX,Greg Abbott,"A mother whose son was killed by an illegal immigrant writes: “In my home state of Texas alone over a quarter million criminal aliens have been arrested &amp; charged with over 600,000 crimes in just the past seven years.” She demands accountability. #txlege  https://t.co/vjqGLXxhs5",2019-01-19 20:31:51,en
2165,90651198,GregAbbott_TX,Greg Abbott,Texas ended 2018 with a record high number of Texans with jobs and a record low jobless rate. Texas is the place for jobs. #txlege  https://t.co/mf7S9dpZVm,2019-01-19 19:54:22,en
2166,90651198,GregAbbott_TX,Greg Abbott,This is amazing. The turn out was phenomenal. https://t.co/9JQvjNfHVo,2019-01-19 05:03:53,en
2167,90651198,GregAbbott_TX,Greg Abbott,Northeast Texas lawmakers are optimistic as the Legislature begins with a focus on school funding and property tax reform. #txlege https://t.co/6dwol8q1EL via @newsjournal,2019-01-19 02:17:51,en
2168,90651198,GregAbbott_TX,Greg Abbott,Man in country illegally arrested with fake ID. Thanks to Round Rock Police for enforcing the law. Round Rock is no sanctuary city. https://t.co/M5077gtTjb,2019-01-18 03:34:15,en
2169,90651198,GregAbbott_TX,Greg Abbott,"To protect future generations, Texas should constitutionally ban an income tax. #txlege https://t.co/zEHdG00PNl via @vicadvocate",2019-01-17 23:17:49,en
2170,90651198,GregAbbott_TX,Greg Abbott,Today we added seven extraordinary women to the Texas Women's Hall of Fame. #txlege https://t.co/8kE4ErN9Vk via @KVUE,2019-01-17 23:13:29,en
2171,90651198,GregAbbott_TX,Greg Abbott,Texans are eager for changes to property tax system as the legislative session begins. We must deliver those changes to prevent Texans from being taxed out of their homes. #txlege https://t.co/PsZAkBx67Q,2019-01-17 21:00:54,en
2172,90651198,GregAbbott_TX,Greg Abbott,Congratulations to DFW International Airport on being named the global airport of the year. Proving once again that everything is better in Texas. #txlege  https://t.co/UCDfYkXNUT,2019-01-17 20:28:34,en
2173,90651198,GregAbbott_TX,Greg Abbott,City of Austin is fined for violating the Texas Open Carry law. #txlege  https://t.co/IuIVWpMBgO,2019-01-17 19:55:04,en
2174,90651198,GregAbbott_TX,Greg Abbott,SpaceX says it will build its Mars spaceship in south Texas. #txlege  https://t.co/k4ZzHAwJfq,2019-01-17 01:27:05,en
2175,90651198,GregAbbott_TX,Greg Abbott,Bill Barr has a proven record of upholding and enforcing the Constitution and the rule of law &amp; he's committed to uphold that same standard. The Senate should confirm immediately.,2019-01-17 01:03:20,en
2176,90651198,GregAbbott_TX,Greg Abbott,Getting ready for a very special Inauguration Ball with George Strait. https://t.co/BpoyS376ec,2019-01-16 03:28:55,en
2177,90651198,GregAbbott_TX,Greg Abbott,"RT @TexasMascot: Ello,  gov’nor! @GregAbbott_TX #HookEm https://t.co/beJgOc3eDo",2019-01-15 23:35:50,ca
2178,90651198,GregAbbott_TX,Greg Abbott,TEXAS: Thank you for making this happen. Now we go to work to KEEP Texas the greatest state in America. https://t.co/hJhmRAFHri,2019-01-15 23:12:48,en
2179,90651198,GregAbbott_TX,Greg Abbott,Proud to witness that history in person. You did a fabulous job. #txlege https://t.co/DEEczUwU5R,2019-01-14 04:50:53,en
2180,90651198,GregAbbott_TX,Greg Abbott,Six Illegal Aliens from Guatemala Arrested in Far West Texas. Thanks to the Brewster County Sheriff’s Office. No sanctuary city policies in Brewster Co.  https://t.co/NxNnhOQ1Li,2019-01-13 23:18:50,en
2181,90651198,GregAbbott_TX,Greg Abbott,We are going to fix school finance and reform property taxes this session. #txlege https://t.co/a3CmXljipH,2019-01-13 22:01:48,en
2182,90651198,GregAbbott_TX,Greg Abbott,More good news: Texas is starting 2019 with its highest water supply in more than 25 years — and more than 98 percent drought-free. #txlege  https://t.co/zmpuZd6CBS,2019-01-13 20:36:53,en
2183,90651198,GregAbbott_TX,Greg Abbott,"Today we celebrated the life of Richard Overton, the World War II Veteran who lived to be 112 years old while smoking cigars and sipping whiskey most every day. He is a Texas legend &amp; an American Icon. #Veterans  https://t.co/XNxxk3cIj9",2019-01-13 00:42:13,en
2184,90651198,GregAbbott_TX,Greg Abbott,Texas is better. Just sayin. #thsfb https://t.co/0L21CeXSG5,2019-01-12 02:26:25,en
2185,90651198,GregAbbott_TX,Greg Abbott,RT @JoeGamaldi: Thanks Gov @GregAbbott_TX for recognizing the very serious gang problem we have in Houston and extending an olive branch to…,2019-01-11 06:47:49,en
2186,90651198,GregAbbott_TX,Greg Abbott,"RT @Techno_Fog: As a final layer of security, @GregAbbott_TX sent LOTS of DPS Troopers to the border. You see many on the south side of Mis…",2019-01-11 06:43:38,en
2187,90651198,GregAbbott_TX,Greg Abbott,"Major General Tracy Norris has a distinguished career and I am proud to appoint her Adjutant General of Texas, General Norris exemplifies the values of service and sacrifice, and her record is nothing short of impeccable. #txlege 
https://t.co/kZUywIl7qi",2019-01-11 04:04:16,en
2188,90651198,GregAbbott_TX,Greg Abbott,"Texas legislative leaders are uniting around the importance of addressing mental health needs of our students. Doing so helps them be stronger individuals, better students, and reduces violence at schools. #txlege https://t.co/u5BEFyYmvn",2019-01-10 03:03:47,en
2189,90651198,GregAbbott_TX,Greg Abbott,Texas women are the best. Texas ranks as the No.1 state for women entrepreneurs. #txlege  https://t.co/AHtUWhCiO5,2019-01-10 02:21:25,en
2190,90651198,GregAbbott_TX,Greg Abbott,Thanks to my niece and to ALL law enforcement officers on this #LawEnforcementAppreciationDay. Texas is stronger and safer because of their relentless sacrifice and commitment. #BackTheBlue and all law enforcement. https://t.co/wDZBSZmY7Y,2019-01-10 01:22:53,en
2191,90651198,GregAbbott_TX,Greg Abbott,On Saturday I will join in saying farewell to Richard Overton. When he passed away he was 112 and was the oldest World War II veteran. We are so proud of him. He will be missed. #txlege #Veterans https://t.co/b83PQBzRFS,2019-01-09 04:21:26,en
2192,90651198,GregAbbott_TX,Greg Abbott,"RT @SenJaneNelson: History was made today. Not only do we have the most female state Senators serving in state history, I was the first wom…",2019-01-09 04:09:32,en
2193,90651198,GregAbbott_TX,Greg Abbott,#JazmineBarnes— the innocent 7 year old girl gunned down in Houston appears to have been killed by a gang member. There are too many gangs in Houston. We must expand the Texas Anti-Gang Task Force in Houston to clean our streets of this trash and restore safety. #txlege https://t.co/WTqLHCmlps,2019-01-09 01:23:51,en
2194,90651198,GregAbbott_TX,Greg Abbott,RT @RepDennisBonnen: I’m honored to be able to serve as the next Speaker of the TX House. Today we celebrate the start of the 86th #txlege.…,2019-01-09 01:05:19,en
2195,90651198,GregAbbott_TX,Greg Abbott,RT @jonathansaenzTX: God bless our #Texas Governor @GregAbbott_TX #txlege https://t.co/z982cN9405,2019-01-08 18:57:36,en
2196,90651198,GregAbbott_TX,Greg Abbott,RT @DrBuckinghamTX: Excited to begin the @86thLegislature with Governor @GregAbbott_TX and my family in the historic Senate Chamber. #s24 h…,2019-01-08 18:54:22,en
2197,90651198,GregAbbott_TX,Greg Abbott,Dallas Ranked Among Best Metro Areas for STEM Professionals. #txlege https://t.co/zEWs6YTLd4,2019-01-08 16:05:37,en
2198,90651198,GregAbbott_TX,Greg Abbott,Texas must fix school funding this session. We must put Robin Hood school funding on a path of extinction and must pay our best teachers more.  https://t.co/cTz3tadW1j via @rockportpilot #txlege,2019-01-07 18:54:45,en
2199,90651198,GregAbbott_TX,Greg Abbott,Remember that Texas banned sanctuary cities last session. There's at least one investigation by the Attorney General about a violation of that new law. Bills for E-Verify either have or will be filed this session. Texas will always lead in enforcing the law. https://t.co/6mnGOuESnS,2019-01-06 23:40:15,en
2200,90651198,GregAbbott_TX,Greg Abbott,"Thanks to law enforcement for their tireless efforts to arrest one of the killers of Jazmine. Her precious life should not have been taken. I pray that any other criminal involved in this murder will be arrested &amp; that all who are guilty get swift, tough Texas justice. #txlege https://t.co/Ncm7SaolxI",2019-01-06 19:14:55,en
2201,90651198,GregAbbott_TX,Greg Abbott,God will always take us to a place of abundance. https://t.co/6qxLzKbhO9,2019-01-06 16:38:48,en
2202,90651198,GregAbbott_TX,Greg Abbott,"Governor Perry was right. That’s why Texas will continue to fund border security that adds law enforcement, National Guard, boats, planes, detection and deterrence devices and more. But under the Constitution only the federal government can build the wall. It’s up to Congress. https://t.co/YdBwu29L1u",2019-01-05 02:34:34,en
2203,90651198,GregAbbott_TX,Greg Abbott,There’s so much misinformation about my property tax reform. Contrary to this headline the reform REQUIRES the state to provide more school funding. Additionally our school finance reform adds school funding to improve student success. #txlege  https://t.co/FZ5hed1WpQ,2019-01-04 22:21:17,en
2204,90651198,GregAbbott_TX,Greg Abbott,"RT @BrooksLandgraf: Sign me up, @GovAbbott! I’m ready to get to work on these issues for the benefit of teachers, students and taxpayers. h…",2019-01-04 07:41:45,en
2205,90651198,GregAbbott_TX,Greg Abbott,RT @KHancock4TX: We’re ready to go to work! https://t.co/Xq4R5lBIu4,2019-01-04 07:22:18,en
2206,90651198,GregAbbott_TX,Greg Abbott,RT @GrooganFox26: State Senator @TeamBettencourt seeks to reform dysfunction of #HISD Board with legislation installing “at-large” seats. T…,2019-01-04 06:29:15,en
2207,90651198,GregAbbott_TX,Greg Abbott,RT @TeamBettencourt: I will be filing legislation to change the @HoustonISD Board of Trustees to 5 districts and 4 at-large seats - along w…,2019-01-04 06:27:29,en
2208,90651198,GregAbbott_TX,Greg Abbott,The Texas Rangers &amp; Dept. of Public Safety are working with the Sheriff and other law enforcement to track down the killer of this 7 year old girl. Swift Texas justice should be imposed on the disgusting killer.  https://t.co/T7K7DFV8bs,2019-01-04 01:50:47,en
2209,90651198,GregAbbott_TX,Greg Abbott,It was a pleasure to get to know you Gary. You are a great young man who made a tremendous contribution to the team. Your level of intensity will always lead to success. #HookEm https://t.co/pQ5vwFVRs6,2019-01-04 00:51:54,en
2210,90651198,GregAbbott_TX,Greg Abbott,"By 2025, U.S. oil production is expected to equal that of Saudi Arabia and Russia COMBINED. With Texas leading the way. #txlege  https://t.co/evJvNHfAQ5",2019-01-04 00:45:59,en
2211,90651198,GregAbbott_TX,Greg Abbott,School Finance Reform &amp; Property Tax Reform definitely will be top priorities. We will also begin dismantling the flawed Robin Hood scheme that has failed our schools. #txlege  https://t.co/Un07SagXHe,2019-01-04 00:23:46,en
2212,90651198,GregAbbott_TX,Greg Abbott,What a joke. HISD leadership is a disaster. Their self-centered ineptitude has failed the children they are supposed to educate. If ever there was a school board that needs to be taken over and reformed it’s HISD. Their students &amp; parents deserve change.  https://t.co/atM45U3Jmr,2019-01-03 18:40:01,en
2213,90651198,GregAbbott_TX,Greg Abbott,Americans love Texas. U-Haul study shows Texas is the top state for growth for 3rd year in a row. We will help them assimilate into the Texas brand of government. #txlege  https://t.co/tKXkeWsYO0,2019-01-02 20:00:11,en
2214,90651198,GregAbbott_TX,Greg Abbott,RT @NikkiHaley: UNESCO is among the most corrupt and politically biased UN agencies.  Today the U.S. withdrawal from this cesspool became o…,2019-01-02 09:55:35,en
2215,90651198,GregAbbott_TX,Greg Abbott,Ok. Cool. HookEm. https://t.co/n9LrpOl4Ji,2019-01-02 05:38:51,en
2216,90651198,GregAbbott_TX,Greg Abbott,@Fashionista_com Truth,2018-12-31 17:47:54,en
2217,90651198,GregAbbott_TX,Greg Abbott,Happy New Year. 2019 will be the BEST. https://t.co/FjOdWCq7Qh,2018-12-31 15:10:41,en
2218,90651198,GregAbbott_TX,Greg Abbott,No matter how far you travel you’re never far away from Taco Bell. Still searching for ⁦@Whataburger⁩. ⁦@tacobell⁩ https://t.co/D3tGsYolRX,2018-12-31 09:19:12,en
2219,90651198,GregAbbott_TX,Greg Abbott,Sushi on a conveyor belt in Tokyo. https://t.co/yWYw8mH9dm,2018-12-31 07:12:49,en
2220,90651198,GregAbbott_TX,Greg Abbott,Two MS-13 Gang Members Accused of shooting 16-year-old in Houston area. My plan to crack down on deadly gangs must pass this legislative session. #txlege  https://t.co/CJBSWmSRsB,2018-12-31 01:11:31,en
2221,90651198,GregAbbott_TX,Greg Abbott,Texas is currently spending almost a billion dollars every biennium to secure the border—far more than any other state. The federal government must step up and do its constitutional job to end open border policies. https://t.co/vkkqi8UwG8,2018-12-30 11:19:31,en
2222,90651198,GregAbbott_TX,Greg Abbott,"Today we trekked through 1,000 Torii Gates in Kyoto. https://t.co/evKXZt10We",2018-12-30 01:44:02,en
2223,90651198,GregAbbott_TX,Greg Abbott,Horrific crimes like this is why Texas passed a ban on sanctuary city policies. We don’t want Texas to become a sanctuary for illegal immigrants like California. We insist on working with ICE to enforce the law &amp; keep Texans safe. #txlege #ICE  https://t.co/lw4Z6CoEZq,2018-12-29 01:23:35,en
2224,90651198,GregAbbott_TX,Greg Abbott,It’s gonna be a true Texas party with the King of Country. https://t.co/M4lSr0aBWC,2018-12-29 01:12:05,en
2225,90651198,GregAbbott_TX,Greg Abbott,The cap includes both the property appraisal and the property tax rate. If appraisals exceed 2.5% then property tax rates must be reduced to keep property tax revenue capped at no increase more than 2.5%. https://t.co/zv2LkXfoYC,2018-12-28 14:57:14,en
2226,90651198,GregAbbott_TX,Greg Abbott,Under my plan property tax revenue growth would be capped at 2.5% per year. Had my plan been in effect your property tax increase would be about 8.5% less. Much more money would be in your pocket. Remember that when you hear local government officials criticize my plan. #Txlege https://t.co/rkT2WG7Mid,2018-12-28 13:55:23,en
2227,90651198,GregAbbott_TX,Greg Abbott,It's time for government at all levels to stop imposing skyrocketing property taxes on Texans and end costly big-government regulations. It's not a fight between the state &amp; cities. It's a battle for individual rights. #txlege https://t.co/mY7sEsbNWn,2018-12-28 09:27:25,en
2228,90651198,GregAbbott_TX,Greg Abbott,One of my favorite moments at the Governor’s Mansion was celebrating the 110th birthday of Richard Overton—the oldest WWII Veteran. Today we mourn the loss of this legendary American hero. May he Rest In Peace. #txlege https://t.co/zIuGH3mDzM,2018-12-28 03:02:50,en
2229,90651198,GregAbbott_TX,Greg Abbott,"Akio Toyoda, the President &amp; CEO of Toyota Motor Corporation, hosted us for a Texas-size dinner. He and his wife also flashed a #GigEm. Their American Headquarters are in Texas. https://t.co/68CbU0kySO",2018-12-28 02:36:19,en
2230,90651198,GregAbbott_TX,Greg Abbott,"We’re in Tokyo at the second tallest building in the world. 
This window washer flashed a HookEm for us. https://t.co/AeNrF4nQq2",2018-12-28 01:29:00,en
2231,90651198,GregAbbott_TX,Greg Abbott,It was a privilege to catch up with my former law school classmate who is now serving as the U.S. Ambassador to Japan. https://t.co/6vzSqgTkUO,2018-12-27 15:57:40,en
2232,90651198,GregAbbott_TX,Greg Abbott,"Texas leads America in population growth—adding more than 1,000 people a day. As one newcomer put it: The people are friendly, the schools are great and the weather is appealing. Newcomers are welcome. They just need to help keep TX an appealing state.  https://t.co/bqpScnZ6hK",2018-12-26 06:17:47,en
2233,90651198,GregAbbott_TX,Greg Abbott,This is cotton candy. https://t.co/MWa4yKCiV2,2018-12-26 05:17:29,en
2234,90651198,GregAbbott_TX,Greg Abbott,Overlooking just a slice of the massive city of Tokyo you see Mount Fuji in the background. https://t.co/XtyK4RHCHy,2018-12-26 04:02:55,en
2235,90651198,GregAbbott_TX,Greg Abbott,Beautiful Christmas light show in Tokyo. https://t.co/7BVZnbNwKd,2018-12-26 02:28:11,en
2236,90651198,GregAbbott_TX,Greg Abbott,Merry Christmas from the Abbott family. https://t.co/87RotBBCOi,2018-12-25 08:57:01,en
2237,90651198,GregAbbott_TX,Greg Abbott,It’s already Christmas in Tokyo. This video doesn’t do justice to the beautiful light show behind me. I’m wishing you and all Texans a very #MerryChristmas. https://t.co/f4DX5symIZ,2018-12-24 15:53:44,en
2238,90651198,GregAbbott_TX,Greg Abbott,Never fear Texans. This is coming out of my pocket not yours. https://t.co/ncoNoGZSf6,2018-12-23 23:57:43,en
2239,90651198,GregAbbott_TX,Greg Abbott,"I’ll be in Tokyo before you wake up. During the next week I’ll share sights from Japan. In the meantime, have a great Christmas. https://t.co/C8wdBEqyYe",2018-12-23 23:02:14,en
2240,90651198,GregAbbott_TX,Greg Abbott,An early Merry Christmas to everyone. (I’ll explain in my next video why this is coming on the Eve of Christmas Eve.) #txlege #MerryChristmas https://t.co/27xBZqJaCH,2018-12-23 15:31:17,en
2241,90651198,GregAbbott_TX,Greg Abbott,Great to join my high school for the Texas High School Football Championship. Go Panthers. #Duncanville #txhsfb https://t.co/6zr5n1zGkM,2018-12-23 02:34:45,en
2242,90651198,GregAbbott_TX,Greg Abbott,Over the past year Texas added more jobs than any other state &amp; our unemployment rate remains at historic low. #txlege  https://t.co/8NL5bpFYwM,2018-12-22 22:51:32,en
2243,90651198,GregAbbott_TX,Greg Abbott,"Peaches &amp; Pancake are our official greeters. We’ve been privileged to share the beautiful Mansion &amp; grounds with 40 previous Governors, their families &amp; their parrots, possums, rabbits &amp; more. Explore this timeline &gt;&gt;&gt; https://t.co/rDewz0mRsh…! #tax lege https://t.co/GjbTkUeiZB",2018-12-22 15:37:04,en
2244,90651198,GregAbbott_TX,Greg Abbott,Today I honored this 99 year old WWII veteran. America is blessed to have such a remarkable generation. #Veterans https://t.co/fiLrXr3Hpl,2018-12-19 04:44:40,en
2245,90651198,GregAbbott_TX,Greg Abbott,There's no place better than Texas. Our very own Frisco is named the Best Place to Live in Texas and the U.S. #txlege https://t.co/HAI8aNgqPI,2018-12-19 04:40:05,en
2246,90651198,GregAbbott_TX,Greg Abbott,"Yesterday we broke ground on a new steel manufacturing facility in Paris, TX that adds more jobs. #txlege https://t.co/wdjInoQ2mS",2018-12-19 03:55:55,en
2247,90651198,GregAbbott_TX,Greg Abbott,ON our Christmas tree this year we have pancakes. UNDER the tree we have Pancake. ⁦@TexasPancake⁩ #txlege https://t.co/UQ68OeM3P8,2018-12-18 03:58:09,en
2248,90651198,GregAbbott_TX,Greg Abbott,Texas stands with Israel. Period. #txlege  https://t.co/uq0ecZQ13C,2018-12-17 18:15:17,en
2249,90651198,GregAbbott_TX,Greg Abbott,If Obamacare remains struck down on appeal Texas will be ready with replacement health care insurance that includes coverage for preexisting conditions. We will also work with Congress to ensure Texans have access to the healthcare insurance they need.  https://t.co/GQbqrmJZCy,2018-12-17 17:14:53,en
2250,90651198,GregAbbott_TX,Greg Abbott,RT if you want me to build that wall on the border between Texas &amp; NEW MEXICO. https://t.co/DfvBKU7MCQ,2018-12-17 04:41:00,en
2251,90651198,GregAbbott_TX,Greg Abbott,Thank you Texas A&amp;M for advancing our best and brightest to defend our nation in our Armed Services. @AggieCorps @TAMU #GigEm https://t.co/w6Fu3UaLxi,2018-12-17 01:53:43,en
2252,90651198,GregAbbott_TX,Greg Abbott,People moving to Texas are voting Republican. This exit poll matches my campaign poll showing about 60% of people who moved to TX voted for me. It makes sense. If people want more government running their lives the last place they move to is TX. #txlege https://t.co/B5PzXpeB14 https://t.co/OsG3zm0w7a,2018-12-16 23:30:40,en
2253,90651198,GregAbbott_TX,Greg Abbott,The Crips and Bloods Gangs have a ‘significant presence’ in the Central Texas area around Waco. That's why I'm seeking to add an anti-gang task force center in Waco. #txlege https://t.co/XznigDt0k0,2018-12-16 21:30:36,en
2254,90651198,GregAbbott_TX,Greg Abbott,Law enforcement continues to gain tools to fight sex trafficking. Texas is about to add even more tools to crack down on this heinous crime. #txlege #EndHumanTrafficking https://t.co/hez4w9gpAJ,2018-12-16 21:03:24,en
2255,90651198,GregAbbott_TX,Greg Abbott,The State will add more funding for education. But it won’t fund water park projects like this. We will invest in the teachers who educate students. #txlege  https://t.co/0Qx3Vh6ozj,2018-12-16 19:18:40,en
2256,90651198,GregAbbott_TX,Greg Abbott,"Get this. Cities &amp; counties use your tax dollars ($200,000) to hire lobbyists to work against lowering your property taxes. They use your money to influence lawmakers to take more of your money. Help me stop this. | Local News | https://t.co/l8XPdn7W1C https://t.co/ATV7q2QYXs",2018-12-16 05:43:45,en
2257,90651198,GregAbbott_TX,Greg Abbott,Congratulations to my high school for advancing to the state championship for football. #Duncanville #txhsfb https://t.co/l0G35MfwwX,2018-12-16 02:31:02,en
2258,90651198,GregAbbott_TX,Greg Abbott,Congratulations to the Mary Hardin-Baylor Crusaders for winning the D-III Football Championship. @CruFootball  title https://t.co/RXefvDhn5B,2018-12-15 21:23:35,en
2259,90651198,GregAbbott_TX,Greg Abbott,Today we celebrate #WreathsAcrossAmerica. We gather at the Texas State Cemetery to remember all who have served our country by laying wreaths at their final resting place. #txlege https://t.co/rA1xi47Dex,2018-12-15 18:58:00,en
2260,90651198,GregAbbott_TX,Greg Abbott,"RT @RepDennisBonnen: Getting some work done in my office with my trusty sidekick, Alfie! I’m thinking he looks a little guilty today... may…",2018-12-14 05:57:30,en
2261,90651198,GregAbbott_TX,Greg Abbott,"13 with Mexican cartel ties were arrested in Texas on drug conspiracy charges. Thanks to the FBI, local law enforcement &amp; Texas DPS for the arrests. Cartel activity is escalating &amp; must be stopped. #txlege @TxDPS @FBI https://t.co/uGwjngk54n",2018-12-14 05:12:05,en
2262,90651198,GregAbbott_TX,Greg Abbott,"Today's Rebuilding Texas Report after Hurricane Harvey outlines 4,000 projects aimed at protecting Texas against future disasters. #txlege https://t.co/x6Lc5ky0Jh",2018-12-14 05:00:07,en
2263,90651198,GregAbbott_TX,Greg Abbott,Construction has begun on the Texas gold depository. https://t.co/SNzbaul7s1,2018-12-13 22:47:02,en
2264,90651198,GregAbbott_TX,Greg Abbott,"RT @tictoc: “Everything is bigger in Texas. Today we can say Apple is bigger in Texas,” Gov. @GregAbbott_TX says, announcing Apple’s new $1…",2018-12-13 17:13:03,en
2265,90651198,GregAbbott_TX,Greg Abbott,"Apple is rocking in Austin. Today they are announcing a billion dollar investment and up to 15,000 new employees on 133 acres. Texas is an international leader in next generation technology. #txlege @apple #Apple #Jobs https://t.co/TPNgi4myst",2018-12-13 17:10:18,en
2266,90651198,GregAbbott_TX,Greg Abbott,Texas is now an exporter of liquefied natural gas. Every country that receives this will be using cleaner burning fuel. #txlege https://t.co/9z5RD1gxl0,2018-12-12 05:00:28,en
2267,90651198,GregAbbott_TX,Greg Abbott,Prayers up for these law enforcement officers shot in the line of duty. We thank &amp; support those who risk their lives to keep us safe. #txlege #BackTheBlue https://t.co/4iwlihiGig,2018-12-11 21:22:12,en
2268,90651198,GregAbbott_TX,Greg Abbott,Today is Pancake’s birthday. She is now 4. Here’s a picture soon after we got her. ⁦@TexasPancake⁩ https://t.co/m9A33LMPWL,2018-12-10 18:17:04,en
2269,90651198,GregAbbott_TX,Greg Abbott,"RT @HelmanDC: Amari Cooper. 10 catches for 217 yards and 3 TDs, including the walkoff. I dunno who you’re gonna draft, Raiders. But you can…",2018-12-10 02:39:34,en
2270,90651198,GregAbbott_TX,Greg Abbott,Don’t mess with Santa in Texas. Man arrested in Texas after telling kids Santa isn't real.  https://t.co/BQVV1a4ssf,2018-12-10 02:37:56,en
2271,90651198,GregAbbott_TX,Greg Abbott,Pancake met a new friend today. @TexasPancake https://t.co/MKAedx4iDe,2018-12-09 01:04:20,en
2272,90651198,GregAbbott_TX,Greg Abbott,Army-Navy. A game where everyone playing is willing to die for everyone watching. Thanks to our military. God Bless America. #ArmyNavy @USArmy @USNavy https://t.co/zgMXGH9uFV,2018-12-08 21:59:36,en
2273,90651198,GregAbbott_TX,Greg Abbott,Texas is cracking down on Human Trafficking. Texas Man Gets 55-Year Prison Term On Sex Trafficking Charges. #txlege #HumanTrafficking https://t.co/5TArtBDUfX,2018-12-08 20:48:26,en
2274,90651198,GregAbbott_TX,Greg Abbott,"When you think of economic freedom, you should think of Buc-ee's--the best rest stop in America. @bucees https://t.co/BMfH0kas9B",2018-12-08 03:44:32,en
2275,90651198,GregAbbott_TX,Greg Abbott,"RT @TxDOT: Severe weather is expected to impact parts of the Lone Star State tonight. Remember to be patient, slow down. Don’t text and dri…",2018-12-08 00:36:27,en
2276,90651198,GregAbbott_TX,Greg Abbott,We will never forget the horrific attack on Pearl Harbor or the heroic response to it. America remains forever grateful for the mightiest military in the history of the world that ensured victory and ultimately peace. #PearlHarborDay #Military #txlege https://t.co/BNwXBTCqpP,2018-12-07 19:11:03,en
2277,90651198,GregAbbott_TX,Greg Abbott,TEXANS: Be alert about weather the next few days. There could be flooding and even snow &amp; ice depending on where you are. Heed local warnings and stay safe. #txlege  https://t.co/3LLqjiQM7X,2018-12-07 18:13:11,en
2278,90651198,GregAbbott_TX,Greg Abbott,Don't Mess with Texas: Texas Attorney General Joins Fight Against Robocalls. #txlege https://t.co/cjwtLP2Atu,2018-12-07 03:14:56,en
2279,90651198,GregAbbott_TX,Greg Abbott,Tonight we have cookies in the shape of our dogs’ faces. Here is Peaches. https://t.co/9OHYxSwZXV,2018-12-07 01:19:32,en
2280,90651198,GregAbbott_TX,Greg Abbott,Great evening with @SenJaneNelson https://t.co/IsFBNdgnne,2018-12-06 19:06:47,en
2281,90651198,GregAbbott_TX,Greg Abbott,My property tax cap and school finance reform substantially reduces recapture and works to end the Robin Hood funding scheme that has failed our students. The details of my plan are at https://t.co/14CBh3xktc. #txlege #tcot https://t.co/K8U5PgIMcH,2018-12-06 06:30:06,en
2282,90651198,GregAbbott_TX,Greg Abbott,My property tax cap includes eliminating unfunded mandates from Austin. Read the plan at https://t.co/14CBh3xktc. #txlege #propertytaxreform #tcot https://t.co/kDBkMShZuk,2018-12-06 06:24:50,en
2283,90651198,GregAbbott_TX,Greg Abbott,Local officials are against my plan to cap your property taxes. They want to tax you more. I want to tax you less. It’s time for Texas to side with taxpayers NOT big government. #txlege #tcot  https://t.co/8TJ1leaYYn,2018-12-06 05:12:46,en
2284,90651198,GregAbbott_TX,Greg Abbott,Pancake &amp; Peaches are getting into the Christmas spirit. ⁦@TexasPancake⁩ #txlege https://t.co/PSbpdu9AcR,2018-12-06 03:21:00,en
2285,90651198,GregAbbott_TX,Greg Abbott,"Midland, Texas is the hottest home real estate market in America. #txlege  https://t.co/6RjWR1JJ7z",2018-12-05 22:15:17,en
2286,90651198,GregAbbott_TX,Greg Abbott,North Texas Victims Of Gas Price Gouging During Hurricane Harvey Can Get Settlement Money. Thanks to Attorney General Paxton for enforcing the law. #txlege https://t.co/fl5priTWNz,2018-12-05 04:34:05,en
2287,90651198,GregAbbott_TX,Greg Abbott,The PGA is moving its Headquarters to Texas. That’s par for the course for economic development in Texas. .@PGA https://t.co/IfzqeYkxE9 https://t.co/Kv4ook6qop,2018-12-05 04:15:13,en
2288,90651198,GregAbbott_TX,Greg Abbott,"Actually I sent 1,000 National Guard to the border plus hundreds of Dept. of Public Safety Troopers BEFORE the President was elected. They are still there. No state has done more to secure our border than Texas. It’s the federal government’s job but Texas is doing its best. https://t.co/om15rfvIVq",2018-12-03 23:39:52,en
2289,90651198,GregAbbott_TX,Greg Abbott,As Governor I have proclaimed Wednesday a “day of mourning” in Texas in honor of President George H. W. Bush. State agencies will be closed but general government operations and services will be maintained by skeletal work crews. #txlege #PresidentBush  https://t.co/0xFdHQMwrM,2018-12-03 23:31:05,en
2290,90651198,GregAbbott_TX,Greg Abbott,I named an Iraq War veteran with more than 30 years of military service to be the first female Adjutant General of Texas. She will command the Texas Military Department and report to the governor on the Texas National Guard and Texas State Guard. #txlege  https://t.co/QsqSK49aPp,2018-12-03 18:10:02,en
2291,90651198,GregAbbott_TX,Greg Abbott,"Irving-Las Colinas, Texas has more Corporate Headquarters per capita than any city. And it just got more with the relocation of the 6th largest business in America.#txlege
https://t.co/5DmSmHGJTw",2018-12-03 03:05:37,en
2292,90651198,GregAbbott_TX,Greg Abbott,This evening I joined in the celebration of Hanukkah and the lighting of the menorah in front of the Capitol. I emphasized the unity Texas has with Israel and our shared values including the freedom of religion. #HappyHanukkah #txlege https://t.co/0NE074zsuG,2018-12-02 22:52:12,en
2293,90651198,GregAbbott_TX,Greg Abbott,Congratulations to the Texas House Republican Caucus on uniting unanimously behind @RepDennisBonnen for Speaker of the Texas House. I look forward to working with all of you on a very successful session. Together we will make Texas even better. #txlege @TXGOPCaucus https://t.co/QbcHWNqUpa,2018-12-01 22:22:31,en
2294,90651198,GregAbbott_TX,Greg Abbott,Texas attitude today as we get ready to battle OU for the Big 12 Championship. #Big12Championship #HookEm #Longhorns ⁦@TexasFootball⁩ https://t.co/4CidwSxR5w,2018-12-01 15:25:30,en
2295,90651198,GregAbbott_TX,Greg Abbott,"Texas is the best place for business. That’s why the 6th largest company in the Fortune 500 is moving its Global Headquarters to Las Colinas, Texas. Welcome McKesson! #txlege  https://t.co/xGjIQGMxLI",2018-12-01 14:46:45,en
2296,90651198,GregAbbott_TX,Greg Abbott,One thing President George H. W. Bush loved was Texas A&amp;M football. This was at a Texas—Texas A&amp;M game in college station. He will always be cherished for his love of Texas traditions. https://t.co/HoXyEpT5hC,2018-12-01 06:32:47,en
2297,90651198,GregAbbott_TX,Greg Abbott,"Texas mourns the loss of one of our greatest Presidents. George H.W. Bush was an American hero and icon, he was a friend to all he met, he embodied class and dignity. On behalf of the Lone Star State, Cecilia and I offer our thoughts and prayers to the entire Bush family. https://t.co/C9VzROHvFz",2018-12-01 05:57:55,en
2298,90651198,GregAbbott_TX,Greg Abbott,"Cities that violate the Texas ban on Sanctuary Cities face serious consequences. Attorney General Ken Paxton is suing San Antonio alleging violations of the Texas' anti-""sanctuary cities"" law. https://t.co/Slelb7GJfJ",2018-12-01 02:04:59,en
2299,90651198,GregAbbott_TX,Greg Abbott,I’m with Oklahoma Governor Fallin. We made a friendly wager on the Texas OU game this Saturday. #HookEm #Longhorns  ⁦@TexasFootball⁩ https://t.co/2owSZkxfDF,2018-11-30 01:59:48,en
2300,90651198,GregAbbott_TX,Greg Abbott,Irving is the headquarters of.... Robots. Texas is leading the technology revolution in so many areas.  https://t.co/jnPE6gyEAa,2018-11-29 03:58:00,en
2301,90651198,GregAbbott_TX,Greg Abbott,I’m with the newly elected Governor of Oklahoma. Obviously we have a difference of opinion about the game this weekend. #HookEm ⁦@UTAustin⁩ @StittforGov⁩ #Longhorns https://t.co/k7oKIRwk4a,2018-11-29 03:03:44,en
2302,90651198,GregAbbott_TX,Greg Abbott,Texas has its lowest unemployment rate in more than 42 years. We will continue to promote an environment to create more jobs in Texas. #txlege  https://t.co/kDKsk4uPIT,2018-11-26 22:19:53,en
2303,90651198,GregAbbott_TX,Greg Abbott,https://t.co/EOLNmAde1a,2018-11-25 20:08:24,und
2304,90651198,GregAbbott_TX,Greg Abbott,Texas Is About to Create OPEC's Worst Nightmare. We will expand our lead in energy production to ensure America becomes more energy independent. Don’t Mess with Texas. #txlege  https://t.co/iE5Izg6NvE,2018-11-25 17:42:54,en
2305,90651198,GregAbbott_TX,Greg Abbott,Our youngest dog Peaches had  fun Thanksgiving with all the guests. She’s a non-stop retriever of tennis balls. https://t.co/B4TgVMT5e5,2018-11-25 17:24:10,en
2306,90651198,GregAbbott_TX,Greg Abbott,Texans owner Bob McNair passes away. Texas has lost one of its legendary giants. We are better for all he has done to advance our state.  https://t.co/XmWxM4oTuS,2018-11-24 00:04:29,en
2307,90651198,GregAbbott_TX,Greg Abbott,Thanksgiving is about helping people like Roy &amp; Pam. It’s about Texans helping Texans. #HappyThanksgiving2018 ⁦@mealsonwheels⁩ https://t.co/UcoX8Kr6EF,2018-11-23 01:14:24,en
2308,90651198,GregAbbott_TX,Greg Abbott,Today we are delivering Meals on Wheels to homebound seniors to make sure they have a Thanksgiving meal. @mealsonwheels #HappyThanksgiving https://t.co/fImMwoWqWY,2018-11-22 18:11:58,en
2309,90651198,GregAbbott_TX,Greg Abbott,MS-13 gang members deported from Houston by ICE agents. ICE plays an essential role in keeping Texas safe. #txlege @ICEgov https://t.co/iW6IcCFrZm via @houstonchron,2018-11-22 00:43:23,en
2310,90651198,GregAbbott_TX,Greg Abbott,Thanks to Prime Minister Benjamin Netanyahu for the Thanksgiving message to America. @netanyahu #Israel https://t.co/6Tkbr6FdTR,2018-11-22 00:40:35,en
2311,90651198,GregAbbott_TX,Greg Abbott,This Thanksgiving the Governor’s Mansion = the House of Pies. https://t.co/8a42jImv2L,2018-11-21 23:33:17,en
2312,90651198,GregAbbott_TX,Greg Abbott,https://t.co/wOtFtwJiap,2018-11-21 15:48:31,und
2313,90651198,GregAbbott_TX,Greg Abbott,My daughter’s Thanksgiving apple pie turned out delicious. https://t.co/zWw5aixOqX,2018-11-21 15:48:28,en
2314,90651198,GregAbbott_TX,Greg Abbott,A very early Happy Thanksgiving. In our family it’s a multi-day process. https://t.co/93TkuUY7GE,2018-11-21 05:09:41,en
2315,90651198,GregAbbott_TX,Greg Abbott,It’s after 11:00 p.m. and the Abbott family is getting a head start on Thanksgiving apple pies. #HappyThanksgiving https://t.co/0vRlFPeMop,2018-11-21 05:04:55,en
2316,90651198,GregAbbott_TX,Greg Abbott,Excellent work. Persistence prevails. https://t.co/TyayBjUsSl,2018-11-20 05:36:13,en
2317,90651198,GregAbbott_TX,Greg Abbott,https://t.co/AMuR7rcchp,2018-11-19 02:41:09,und
2318,90651198,GregAbbott_TX,Greg Abbott,"Looking for a job in Texas? Consider Houston. Each day an average of 4,188 listings are added to Houston's available jobs. Nearly 130,000 jobs are available at any given time in Houston. Those figures put Houston first in Texas for job listings. #txlege  https://t.co/hhFwEJc4nS",2018-11-18 19:14:53,en
2319,90651198,GregAbbott_TX,Greg Abbott,Congratulations to the Texas Longhorns on their great victory over Iowa State. @TexasFootball #HookEm https://t.co/YwUjED9MPB,2018-11-18 04:49:10,en
2320,90651198,GregAbbott_TX,Greg Abbott,"The Texas economy continues to boom. Out unemployment rate hit a historic low in October, plunging to 3.7 percent, as the state's employers boosted payrolls for a 28th consecutive month. God Bless Texas. #txlege #jobs  https://t.co/KSvzL2sXiS",2018-11-16 21:10:54,en
2321,90651198,GregAbbott_TX,Greg Abbott,That’s great. Thanks for sharing. Haven’t seen that in years. https://t.co/LXscc58ES8,2018-11-16 06:06:34,en
2322,90651198,GregAbbott_TX,Greg Abbott,"Texas is the energy capital of the world, and we just got bigger thanks to this new Liquified Natural Gas shipping facility by Cheniere in Corpus Christi. #txlege  https://t.co/ZFQ7f5UnrJ",2018-11-15 21:46:40,en
2323,90651198,GregAbbott_TX,Greg Abbott,We work to create jobs in every region of Texas including this project with East Penn Manufacturing in Temple. #txlege  https://t.co/vddv9LvUN2,2018-11-14 23:23:42,en
2324,90651198,GregAbbott_TX,Greg Abbott,For the 2nd Quarter of 2018 Texas had the fastest growing Gross Domestic Product in America—and it wasn’t even close. #txlege  https://t.co/MNrYw2XZkE,2018-11-14 14:56:18,en
2325,90651198,GregAbbott_TX,Greg Abbott,Rape victims need a safe place. The Governor's Office was proud to provide funding to help launch Collin County's first victim crisis clinic. #txlege  https://t.co/KIZyV0lenv,2018-11-14 04:35:25,en
2326,90651198,GregAbbott_TX,Greg Abbott,"Thank you Laredo for this tremendous honor. I look forward to the celebration, and to the strong bonds we are building. #txlege https://t.co/C67tROzQRt",2018-11-14 04:27:03,en
2327,90651198,GregAbbott_TX,Greg Abbott,Thanks to all of you. What a great team. https://t.co/VntM6hti0G,2018-11-14 00:41:51,en
2328,90651198,GregAbbott_TX,Greg Abbott,Happy Birthday to my wonderful wife Cecilia. She’s doing a fabulous job as First Lady of Texas. @TexasFLCA https://t.co/ojwPqhEtPc,2018-11-13 18:07:00,en
2329,90651198,GregAbbott_TX,Greg Abbott,Love this picture! https://t.co/vVCKkqappe,2018-11-13 04:33:20,en
2330,90651198,GregAbbott_TX,Greg Abbott,The Texas economy continues to be strong. Manufacturing in Houston area grows for 13th straight month. #txlege  https://t.co/M3V7P3OBZ0,2018-11-12 19:24:30,en
2331,90651198,GregAbbott_TX,Greg Abbott,"The fires in California are a tragedy &amp; Texas will send our bravest to help out. Approximately 200 firefighters and support personnel with 55 engines, along with teams from the Texas Forest Service at Texas A&amp;M will head to California. #txlege ⁦⁦ https://t.co/cMfulgLvvW",2018-11-12 01:02:16,en
2332,90651198,GregAbbott_TX,Greg Abbott,Happy Veterans Day to the men and women who’ve kept America the greatest nation in the world. We thank you for your service &amp; your sacrifice. #VeteransDay https://t.co/Cl4LolSpUu,2018-11-11 16:14:16,en
2333,90651198,GregAbbott_TX,Greg Abbott,"This has to be a joke. If not, it is truly jarring. https://t.co/Dodt0HVqZO",2018-11-10 06:22:54,en
2334,90651198,GregAbbott_TX,Greg Abbott,First Lady Cecilia Abbott joined Reese Witherspoon in Austin today. ⁦@TexasFLCA⁩ ⁦@RWitherspoon⁩ #txlege https://t.co/OEzlVGTDMB,2018-11-10 04:42:23,en
2335,90651198,GregAbbott_TX,Greg Abbott,You’re exactly right. It’s nothing that can’t be achieved with some good old fashion hard work. https://t.co/GINXneeFrU,2018-11-10 00:12:27,en
2336,90651198,GregAbbott_TX,Greg Abbott,This is too funny https://t.co/zyyaJciPhs,2018-11-09 23:02:52,en
2337,90651198,GregAbbott_TX,Greg Abbott,Voter Fraud won’t be tolerated in Texas. Attorney General Paxton’s Election Fraud Unit Arrests Nine Alleged Participants of an Organized Illegal Voting Scheme in Edinburg. More arrests are expected. #txlege #tcot #PJNET  #VoterFraud  https://t.co/3bmSOcVdud,2018-11-09 22:44:09,en
2338,90651198,GregAbbott_TX,Greg Abbott,"Hey Stephenville,Texas-- you are officially designated by the Texas Music Office as a Music Friendly Community. Congratulations. #txlege #music https://t.co/FfbcdD0rDQ via @nbcdfw",2018-11-09 18:06:46,en
2339,90651198,GregAbbott_TX,Greg Abbott,We help put on job fairs like this to connect Veterans with jobs. We want full employment for all Veterans looking for work. #Veterans #Military #Jobs https://t.co/uU2xXE31bs via @BrownsvilleNews,2018-11-09 04:24:48,en
2340,90651198,GregAbbott_TX,Greg Abbott,"If you're abandoning California for Texas, just remember the reason you are escaping high taxes &amp; burdensome regulations. We plan to KEEP Texas, Texas! https://t.co/57LcSqHVPa",2018-11-09 03:20:09,en
2341,90651198,GregAbbott_TX,Greg Abbott,You are the best for mentioning my mom. She was always that way. https://t.co/efTIS12UhJ,2018-11-07 07:31:52,en
2342,90651198,GregAbbott_TX,Greg Abbott,Every visit I made during the campaign was filled with veterans. We wouldn’t have the ability to vote in a democracy without our veterans who fought for our freedom. And I wouldn’t have won without you. On behalf of all Texans I salute you &amp; our valiant #veterans. #military https://t.co/tE7b5nyF52,2018-11-07 07:30:07,en
2343,90651198,GregAbbott_TX,Greg Abbott,I’m about to go through those doors to accept victory tonight. But first I want to thank my Twitter followers from Texas for all you did to help my re-election. God Bless Texas. https://t.co/uZZIt6dbLg,2018-11-07 02:58:26,en
2344,90651198,GregAbbott_TX,Greg Abbott,"I can't verify if this is accurate. I CAN verify that it will be investigated and if it IS accurate, illegal votes will be tossed out and wrongdoers will be prosecuted. #txlege #tcot #PJNET
https://t.co/CdrhV8YonH via @gatewaypundit",2018-11-06 23:40:28,en
2345,90651198,GregAbbott_TX,Greg Abbott,We are setting up for a Texas-Size victory party tonight at Brazos Hall in downtown Austin. Join us at 7:00 for a celebration. https://t.co/maqbt3TcG7,2018-11-06 22:17:16,en
2346,90651198,GregAbbott_TX,Greg Abbott,"Human trafficking, prostitution sting north of Houston nets 75 arrests thanks to collaborative effort at the local, state &amp; federal levels. We will expand these efforts to rid Texas of Human Trafficking. #EndHumanTrafficking #txlege  https://t.co/5S39P1088h",2018-11-05 22:53:14,en
2347,90651198,GregAbbott_TX,Greg Abbott,"I'm proud of you Lydia. Thanks for what you are doing for St. Jude Children's.
I just donated &amp; urge others to donate. It's easy. https://t.co/luoNAUcDuz",2018-11-05 04:41:07,en
2348,90651198,GregAbbott_TX,Greg Abbott,The Sutherland Springs community is on the path to healing &amp; hope one year after the mass shooting at their small church. They are resilient because their faith in God is unyielding. With God as their guide they are overcoming this tragedy. #txlege  https://t.co/SxfhYvxBl1,2018-11-05 03:46:06,en
2349,90651198,GregAbbott_TX,Greg Abbott,Reminds me of the Wendy Davis ad 4 years ago with the empty wheelchair saying Stand with Wendy. Texans soundly rejected such vile attacks. This will propel @DanCrenshawTX to victory. https://t.co/te6TeH85En,2018-11-05 03:33:31,en
2350,90651198,GregAbbott_TX,Greg Abbott,"Obama &amp; Eric Holder activists are pouring millions of Super PAC dollars into Texas to boost Democrats in Texas races. Don’t let out-of-state liberals hijack Texas. Go vote on Tuesday to Keep Texas,Texas. #txlege #tcot ⁦@TexasGOP⁩  https://t.co/QeuComhu9l",2018-11-04 16:19:59,en
2351,90651198,GregAbbott_TX,Greg Abbott,"Join us to celebrate Victory on Tuesday night. But FIRST, go vote on Tuesday. https://t.co/3AsuWu8hMX",2018-11-03 17:59:55,en
2352,90651198,GregAbbott_TX,Greg Abbott,"Texas is the best in country for new voter turnout. You must ensure that your voice and values are counted on Election Day. Go Vote on Tuesday, November 6.  https://t.co/6m09r9hwP4",2018-11-03 17:02:12,en
2353,90651198,GregAbbott_TX,Greg Abbott,"Our not-so-new puppy Peaches is a tennis ball fanatic. Take a look. 
Love puppies. https://t.co/J31GNgjBqF",2018-11-03 04:15:12,en
2354,90651198,GregAbbott_TX,Greg Abbott,RT @leachfortexas: Meeting voters at the polls until 7:01pm with my dear friend and soon-to-be Senator-Elect @AngelaPaxtonTX and our pal an…,2018-11-03 00:12:21,en
2355,90651198,GregAbbott_TX,Greg Abbott,Thanks to the Hidalgo County Sheriff’s Association for their endorsement. I respect and support our law enforcement officers for protecting our communities. I will work with them to keep Texans safe. #txlege #RGV https://t.co/bITYTXuXq6,2018-11-02 20:54:57,en
2356,90651198,GregAbbott_TX,Greg Abbott,Teamwork wins! https://t.co/cS1JgfNboG,2018-11-02 03:21:59,en
2357,90651198,GregAbbott_TX,Greg Abbott,"Started the day in Midland, then El Paso, then Harlingen. As I return to Austin I can see the Texas skyline turning Red. Always a beautiful sight. https://t.co/tsXTqUUOjk",2018-11-02 01:16:40,en
2358,90651198,GregAbbott_TX,Greg Abbott,Thanks Cameron County for all you are doing for the election. #txlege ⁦@TexasGOP⁩ https://t.co/POLd9f33Lo,2018-11-01 23:49:00,en
2359,90651198,GregAbbott_TX,Greg Abbott,Great to be with you in Amarillo. https://t.co/4jfxJwMoLc,2018-11-01 17:50:39,en
2360,90651198,GregAbbott_TX,Greg Abbott,"Great to be with you &amp; so many others in Ft. Worth today. 
Thanks for your patriotism. https://t.co/zcEYTcm6Rc",2018-11-01 03:17:37,en
2361,90651198,GregAbbott_TX,Greg Abbott,Thanks San Angelo for your enthusiasm to keep Texas the greatest state in America. https://t.co/OXHMcZF40w via @San Angelo LIVE! #txlege @TexasGOP,2018-11-01 02:02:44,en
2362,90651198,GregAbbott_TX,Greg Abbott,"Hmmm. A big change may be coming. Once paralyzed, three men take steps again with spinal implant.  https://t.co/l3zpvr5TY5",2018-11-01 00:09:40,en
2363,90651198,GregAbbott_TX,Greg Abbott,My favorite Halloween costume is this of my daughter with me voting when I ran for Attorney General. This year she will be casting a vote in a Texas election for the first time. Fingers crossed. #HappyHalloween #txlege ⁦@TexasGOP⁩ https://t.co/Q7rW1kNZcJ,2018-10-31 23:38:00,en
2364,90651198,GregAbbott_TX,Greg Abbott,I’m seeking a presidential disaster declaration for flooding damage in the Central Texas region. This should provide additional funds to help Texans rebuild after those floods. #txlege  https://t.co/mSNh1jPppQ,2018-10-31 13:43:50,en
2365,90651198,GregAbbott_TX,Greg Abbott,In 7 days this will be the color of Texas. https://t.co/fc18flbgMt,2018-10-31 05:01:51,en
2366,90651198,GregAbbott_TX,Greg Abbott,Thanks Fort Bend Co. for all you are doing to turn out the vote. #txlege ⁦@TexasGOP⁩ https://t.co/U2T4ybVYKJ,2018-10-30 22:35:20,en
2367,90651198,GregAbbott_TX,Greg Abbott,Georgetown is ready to #KeepTexasRed. #txlege ⁦@TexasGOP⁩ https://t.co/hGhdb5Sbbf,2018-10-30 18:57:52,en
2368,90651198,GregAbbott_TX,Greg Abbott,"This afternoon I’m with a group of patriots in Amarillo who demand that we KEEP Texas, Texas. No open borders. No tax increases. No more regulations. Leave their Liberty alone. #txlege #tcot ⁦@TexasGOP⁩ https://t.co/vIFPtsR0Dh",2018-10-29 22:15:51,en
2369,90651198,GregAbbott_TX,Greg Abbott,Thanks Denton County for working to get the vote out today and every day through November 6th. Together we will keep Texas exceptional. #txlege ⁦@TexasGOP⁩ https://t.co/g8v90xkJ0s,2018-10-29 18:07:32,en
2370,90651198,GregAbbott_TX,Greg Abbott,Happy 84th Birthday to my Mother-in-Law. A terrific woman who raised a fabulous First Lady of Texas. #txlege https://t.co/SLs3Wkjdaz,2018-10-29 05:02:36,en
2371,90651198,GregAbbott_TX,Greg Abbott,This is the path that has guided my life. https://t.co/mR33co3fd8,2018-10-29 03:22:47,en
2372,90651198,GregAbbott_TX,Greg Abbott,Low-Tax States like Texas Almost Double The Job Growth Of High-Tax States. We will work to cut your taxes even more. #txlege #tcot ⁦@TexasGOP⁩  https://t.co/aN2mKP5v0T,2018-10-28 16:43:22,en
2373,90651198,GregAbbott_TX,Greg Abbott,We are escalating efforts to combat &amp; prevent terrorism in Texas. The $55.5 million grant from Homeland Security will fund local anti-terrorism efforts including State &amp; local Homeland Security projects. Our job is to keep you safe. #txlege #tcot #PJNET  https://t.co/LcRq4fulu2,2018-10-28 16:23:47,en
2374,90651198,GregAbbott_TX,Greg Abbott,The #TreeOfLifeSynagogue shooting in Pittsburgh is a hate crime against the Jewish community. We must unite to end these evil acts of violence. Thanks to the heroic law enforcement officers who lost their lives saving others. Prayers for all affected.  https://t.co/s3YJI922Y9,2018-10-27 17:48:20,en
2375,90651198,GregAbbott_TX,Greg Abbott,Looking forward to seeing you all tomorrow. https://t.co/N2n6AbXu7q,2018-10-26 02:50:57,en
2376,90651198,GregAbbott_TX,Greg Abbott,Thank you Corpus Christi for getting out the vote to keep Texas the best state in America. https://t.co/jQ598Q4513,2018-10-25 23:11:36,en
2377,90651198,GregAbbott_TX,Greg Abbott,"ANOTHER Vote Fraud conviction. An illegal immigrant in the San Antonio area pleaded guilty Thursday to charges of fraud &amp; identity theft, admitting he used a stolen identity to vote in several elections. Thanks to federal officials for this.  #tcot #PJNET https://t.co/EZEGBRz9HS",2018-10-25 21:52:22,en
2378,90651198,GregAbbott_TX,Greg Abbott,RT @KristyLynnSays: Day 4 of our #ImWithAbbott deployments and team TGA is crushing it! This team knows how to knock and rock! 🏃‍♂️🏃‍♀️🇺🇸Do…,2018-10-25 04:42:48,en
2379,90651198,GregAbbott_TX,Greg Abbott,This voter is tough as Texas. https://t.co/Clp8c2j4ad,2018-10-25 02:49:24,en
2380,90651198,GregAbbott_TX,Greg Abbott,"Voter Fraud allegations in Fort Worth are getting worse. ""Former Democratic Party leader paid women in alleged Tarrant voter fraud ring, AG says."" This story details allegations of the crime. https://t.co/pnp6M9k40y #tcot #PJNET #txlege",2018-10-25 02:47:02,en
2381,90651198,GregAbbott_TX,Greg Abbott,6 Reasons Why Texas Trumps All Other U.S. Economies. #txlege  https://t.co/5M9XM4paJW,2018-10-24 18:42:52,en
2382,90651198,GregAbbott_TX,Greg Abbott,Thanks to the National Latino Law Enforcement Organization for endorsing my re-election today in Dallas. I especially thank them for risking their lives to keep Texans safe. #txlege #BackTheBlue https://t.co/8TUDgMSSUL,2018-10-24 15:18:00,en
2383,90651198,GregAbbott_TX,Greg Abbott,"""Excited ABC Journalists: ‘Almost Inevitable’ That Texas Turns Blue."" 
Not in my lifetime. 
#tcot #PJNET https://t.co/g0Id6hj7sk",2018-10-24 02:36:59,en
2384,90651198,GregAbbott_TX,Greg Abbott,"Great to visit with Texans in Belton, Irving &amp; Grapevine. So many good people in our state. Blessed to be a Texan. https://t.co/crkft2IfQt",2018-10-24 01:12:39,en
2385,90651198,GregAbbott_TX,Greg Abbott,Today we announced the Texas Women’s Hall of Fame 2018 honorees: Seven accomplished Texas women recognized for changing the course of history &amp; inspiring the next generation of leaders. https://t.co/MRhJlOd9aH #txlege https://t.co/HpwCzWZqAJ,2018-10-24 01:02:30,en
2386,90651198,GregAbbott_TX,Greg Abbott,Thank you Houston for the warm welcome last night. Together we will #KeepTexasRed. #tcot https://t.co/ogp3czG6QW,2018-10-23 18:33:28,en
2387,90651198,GregAbbott_TX,Greg Abbott,Del Mar College professor being looked into after questionable Facebook post saying “I am offering extra credit for students for voting beginning tomorrow! We must show up for Beto to paint Texas blue!” People like this don’t belong on the state payroll.  https://t.co/lz4Dfm9zlh,2018-10-23 16:32:22,en
2388,90651198,GregAbbott_TX,Greg Abbott,Voter Registration Application Sent To Dallas Woman Who Died 29 Years Ago. Add this to the list of election irregularities being investigated. We will do what it takes to prevent illegal voting in Texas. #txlege #tcot #PJNET  https://t.co/MdDVdTbuxs,2018-10-23 16:28:36,en
2389,90651198,GregAbbott_TX,Greg Abbott,Texas will investigate Democrats' mailers asking non-citizens to register to vote. #txlege #tcot #PJNET  https://t.co/jlR39HoYLe,2018-10-23 16:19:42,en
2390,90651198,GregAbbott_TX,Greg Abbott,Vote early today to keep liberal California-style policies out of Texas. #tcot ⁦@TexasGOP⁩ https://t.co/533VUsaD4Q,2018-10-23 16:10:36,en
2391,90651198,GregAbbott_TX,Greg Abbott,"Proud to join San Antonio Mayor, County Judge &amp; economic development leaders to land the U.S. headquarters for this European company that is bringing 1,400 jobs. https://t.co/ddijA7QhKJ via @mySA",2018-10-22 23:38:31,en
2392,90651198,GregAbbott_TX,Greg Abbott,Texas is proud to work with @SheriffGuerra in the Rio Grande Valley Texas Anti-Gang Center to share information and work together toward one common goal: fighting organized criminal activity by gangs and Mexican drug cartels in our state. #txlege #RGV  https://t.co/yR6Iu2faoK,2018-10-22 16:02:26,en
2393,90651198,GregAbbott_TX,Greg Abbott,Thanks to the Organization of Spanish Speaking Officers for supporting my re-election. More importantly thank you for risking your lives to keep Texas safe. #txlege https://t.co/CoPzioTD27,2018-10-22 01:22:33,en
2394,90651198,GregAbbott_TX,Greg Abbott,"RT @TravisGOP: We need Republicans to work the polls during Early Voting.

Please sign up for a two hour shift here.

We have early morning…",2018-10-21 22:28:59,en
2395,90651198,GregAbbott_TX,Greg Abbott,Thanks Houston. https://t.co/MX7T2dUL8Z,2018-10-21 21:56:31,en
2396,90651198,GregAbbott_TX,Greg Abbott,Ted Cruz &amp; I are speaking to a jam packed crowd in Houston who are ready to go vote early tomorrow. Join them and #KeepTexasRed. @SenTedCruz #TxLege #tcot https://t.co/AUQdNWJbtk,2018-10-21 21:46:26,en
2397,90651198,GregAbbott_TX,Greg Abbott,"Today I added 36 counties to the State Disaster Declaration in Texas &amp; authorized all available resources to help those affected by flooding in Central Texas. We deployed helicopters, boats, &amp; high profile vehicles to help people in need. https://t.co/gu346hhIcb via @KVUE #txlege",2018-10-20 00:23:17,en
2398,90651198,GregAbbott_TX,Greg Abbott,"The Texas economy is BOOMING. Texas' unemployment rate is the lowest it's been in 4 decades. We added more than 4000,000 new jobs this past year. https://t.co/f5E13wWaeF via @KVUE #txlege #JOBS",2018-10-20 00:15:35,en
2399,90651198,GregAbbott_TX,Greg Abbott,"A complaint says the Texas Democratic Party asked noncitizens to register to vote, sending applications with citizenship box pre-checked. This is being investigated. If true there will be serious consequences. #txlege #tcot #PJNET  https://t.co/dgSPT8f77G",2018-10-18 23:03:21,en
2400,90651198,GregAbbott_TX,Greg Abbott,Texas is partnering with the Texas Alcoholic Beverage Commission to combat human trafficking. #txlege #HumanTrafficking  https://t.co/kHhFF3xZJz,2018-10-18 22:47:56,en
2401,90651198,GregAbbott_TX,Greg Abbott,This is disgusting how a teacher took advantage of an elderly blind woman to steal her vote &amp; commit voter fraud. She’s now indicted on 17 counts of voter fraud. Thanks to ⁦@KenPaxtonTX⁩ for prosecuting this. #txlege #tcot #PJNET  https://t.co/CXxiRgjVhy,2018-10-18 20:32:42,en
2402,90651198,GregAbbott_TX,Greg Abbott,CENTRAL TEXAS: Powerful Flash Floods Lead to State of Disaster Being Declared in Texas. More rain is expected in the affected areas in central Texas. Remain alert and informed by local officials about the potential for flooding in your area. #txlege  https://t.co/B747Ja53mC,2018-10-18 03:09:40,en
2403,90651198,GregAbbott_TX,Greg Abbott,Vote Tony Dale if you want to get things done fast. https://t.co/cHvnRCwgQI,2018-10-18 00:48:26,en
2404,90651198,GregAbbott_TX,Greg Abbott,"Today I announced $5.8 million in funding to Border Prosecution Units along the Texas border. The funding will focus on investigating &amp; prosecuting cases related to narcotics, weapons, human trafficking, organized crime, gangs, and other offenses. #tcot  https://t.co/EIlVfv8CwB",2018-10-17 20:38:02,en
2405,90651198,GregAbbott_TX,Greg Abbott,Thank you @CoachTomHerman and @TexasLonghorns for returning the Governor’s Cup back to Texas where it belongs. The Cup goes to the state that wins the Texas-OU game.  #HookEm #ThisIsTexas #Longhorns https://t.co/jjIqBIwqAY,2018-10-17 19:07:58,en
2406,90651198,GregAbbott_TX,Greg Abbott,@CoachTomHerman and @TexasLonghorns returned the Governor’s Cup back to Texas where it belongs. The Cup goes to the Governor of the state that wins the Texas—OU game. #HookEm #ThisIsTexas #Longhorns https://t.co/yFE3dILXlN,2018-10-17 18:58:05,en
2407,90651198,GregAbbott_TX,Greg Abbott,Thank you all for being there. https://t.co/erfzNFZ261,2018-10-17 02:58:51,en
2408,90651198,GregAbbott_TX,Greg Abbott,"RT @CatoInstitute: “As far as I’m concerned, the only good tax is a dead tax."" — @GregAbbott_TX, who assumed the office of Texas governor i…",2018-10-17 02:57:11,en
2409,90651198,GregAbbott_TX,Greg Abbott,"RT @aasdanny: Joined by Tom Herman, Texas governor Greg Abbott will accept the Governor’s Trophy at the state capitol on Wednesday. The Gov…",2018-10-17 02:55:51,en
2410,90651198,GregAbbott_TX,Greg Abbott,I’ve issued a State Disaster Declaration for 18 counties due to flooding in Texas. State resources are available to help all affected counties.  ⁦@TexasGameWarden⁩ Search &amp; Rescue teams are providing air &amp; water rescues in the area. Stay safe.  https://t.co/46hK02OCTq,2018-10-17 02:22:51,en
2411,90651198,GregAbbott_TX,Greg Abbott,Today I honored 20 Dallas police officers called into service with the Texas National Guard as part of the response and recovery effort around Hurricane Harvey. They were Texans helping Texans. #txlege  https://t.co/kIKs0cbVEt,2018-10-17 00:35:03,en
2412,90651198,GregAbbott_TX,Greg Abbott,With heavy rains &amp; flooding in many regions across Texas I’ve increased the readiness of The State Operations Center. State resources are available to assist local officials in their response efforts. Please heed all local warnings. #txlege  https://t.co/UDKwGrMbDn,2018-10-16 15:19:46,en
2413,90651198,GregAbbott_TX,Greg Abbott,The National Guard IS on the border—today and every day since I became Governor. I thank them for all they do to keep Texas safe. #TxLege #tcot https://t.co/q2nJd5zInJ,2018-10-14 22:03:41,en
2414,90651198,GregAbbott_TX,Greg Abbott,Gang member wanted for homicide in El Salvador deported by ICE. ICE keeps Texas safe. #txlege #tcot #PJNET https://t.co/4xwAEGhFxz,2018-10-14 20:26:46,en
2415,90651198,GregAbbott_TX,Greg Abbott,NEW: Four women in ‘voter fraud ring’ arrested. They targeted seniors. Texas will put election thieves in jail. If anyone cheats in elections they will be prosecuted.  @KenPaxtonTX #txlege #tcot #PJNET https://t.co/GLaKgGxaCT,2018-10-13 06:40:51,en
2416,90651198,GregAbbott_TX,Greg Abbott,104 violent gang members arrested in North Texas sting. #txlege #tcot  https://t.co/iwL2DlqJhz,2018-10-12 20:11:13,en
2417,90651198,GregAbbott_TX,Greg Abbott,Hiking windstorm insurance rates on Texans hit by Hurricane Harvey is not the right thing to do at this time. #txlege  https://t.co/kqYMEXihQv,2018-10-12 02:24:17,en
2418,90651198,GregAbbott_TX,Greg Abbott,3 child molesters arrested trying to cross border into Texas. Thanks to the Border Patrol for protecting Texans from this danger. #txlege #tcot #PJNET.  https://t.co/XJMCmJ8FfM,2018-10-11 23:18:27,en
2419,90651198,GregAbbott_TX,Greg Abbott,I appreciate all that the Texas Realtors do to keep the Texas economy # 1 in America. https://t.co/8XNrGHhZbR,2018-10-11 19:17:40,en
2420,90651198,GregAbbott_TX,Greg Abbott,"RT @KonniBurton: It seems that Beverly Powell, my opponent, and Lupe Valdez, Abbott’s opponent both have something in common! They don’t pa…",2018-10-11 06:14:20,en
2421,90651198,GregAbbott_TX,Greg Abbott,The Top 10 most popular Governors in America have one thing in common—they are all Republican. https://t.co/Es28LHYqtr,2018-10-11 01:33:16,en
2422,90651198,GregAbbott_TX,Greg Abbott,So true. https://t.co/pkAoSGcw2p,2018-10-10 05:32:54,en
2423,90651198,GregAbbott_TX,Greg Abbott,The Supreme Court allows voter ID requirement in North Dakota. Texas already has a voter ID requirement to ensure the integrity of our elections. We want to prevent cheating and illegal voting at the ballot box. #txlege #tcot #PJNET https://t.co/788ou9BkEM,2018-10-10 04:59:15,en
2424,90651198,GregAbbott_TX,Greg Abbott,Great to be with the Greater Beaumont Chamber of Commerce tonight. Thanks to all of you for keeping the Texas economy #1 in America &amp; thanks for your response to Hurricane Harvey. @BMTChamber #txlege ⁦@SenCreighton⁩ ⁦@DadePhelan⁩ https://t.co/X16poGMw7S,2018-10-10 03:44:10,en
2425,90651198,GregAbbott_TX,Greg Abbott,Texas awarded $2 million in federal money to stop school violence. #txlege https://t.co/3U8rgqY9Aq,2018-10-09 20:04:30,en
2426,90651198,GregAbbott_TX,Greg Abbott,Texas is one of only 5 states to receive a grade of “A” on the Fiscal Policy Report Card on America’s Governors 2018. Texas remains fiscally sound and an economic powerhouse. #txlege #tcot  https://t.co/twY72p8wO0,2018-10-09 18:28:34,en
2427,90651198,GregAbbott_TX,Greg Abbott,Socialism doesn’t work. Punitive consequences like this is exactly why I fight to protect the capitalism Texas is known for. “Venezuela’s annual inflation rate will surge to 1.37 million percent by the end of the year” txlege #tcot https://t.co/Mj7RaDrOFO,2018-10-09 17:24:35,en
2428,90651198,GregAbbott_TX,Greg Abbott,".@txtf1 has deployed emergency rescue operations to impacted regions of the state experiencing flooding. Please remain vigilant and heed all warnings. Turn around, don’t drown. #txlege",2018-10-09 15:33:34,en
2429,90651198,GregAbbott_TX,Greg Abbott,Condolences and prayers from Texas. https://t.co/3Keb007hlh,2018-10-08 03:08:39,en
2430,90651198,GregAbbott_TX,Greg Abbott,Thanks to the Texan who gave this to me on the campaign trail. I keep it in my pocket every day. Faith does indeed move mountains. https://t.co/mjjEzOZ0uO,2018-10-08 00:38:26,en
2431,90651198,GregAbbott_TX,Greg Abbott,One of many fine moments today spending time with Texas legends Jamal Charles and Vince Young. #HookEm #Longhorns  @jcharles25 @VinceYoung10 https://t.co/uAZmZrjw4E,2018-10-07 00:18:55,en
2432,90651198,GregAbbott_TX,Greg Abbott,The best way to start a game is with the ⁦@TexasCowboysATX⁩ &amp; Smokey the cannon. #HookeEm https://t.co/jb8A3ciXVo,2018-10-06 21:43:02,en
2433,90651198,GregAbbott_TX,Greg Abbott,RT @FOXSportsSW: .@GregAbbott_TX giving @TexasFootball the gold hat! So awesome! #HookEm https://t.co/ALPHo1UNC5,2018-10-06 20:25:14,en
2434,90651198,GregAbbott_TX,Greg Abbott,No rivalry beats the #RedRiverRivalry. Congratulations to the Texas Longhorns on an incredible win. #HookEm #Longhorns @UTAustin ⁦@sehlinger3⁩ https://t.co/E4bTbTZiwE,2018-10-06 20:15:33,en
2435,90651198,GregAbbott_TX,Greg Abbott,A true winner. https://t.co/yUzVONl81N,2018-10-06 04:19:04,en
2436,90651198,GregAbbott_TX,Greg Abbott,Another arrest for voter fraud. Election fraud is aggressively prosecuted in Texas. We will continue prosecuting this crime until we end cheating and illegal voting in Texas. #txlege #tcot #PJNET  https://t.co/15VnbAzm3D,2018-10-06 00:14:18,en
2437,90651198,GregAbbott_TX,Greg Abbott,"RT @BR_MLB: Astros ONLY👏GO👏YARD👏

(via @MLB)
https://t.co/M7b7NhXSAR",2018-10-06 00:00:05,en
2438,90651198,GregAbbott_TX,Greg Abbott,Thanks to ⁦Senator @JoanHuffman⁩ &amp; terrific Houston area legislators joining me today to announce new strategies to combat Human Trafficking. Working together we will rid our state of this horrific crime. #txlege #HumanTrafficking  https://t.co/2vJP7t8eT2,2018-10-05 02:54:45,en
2439,90651198,GregAbbott_TX,Greg Abbott,Happy 142nd Birthday to Texas A&amp;M. ⁦@TAMU⁩ #GigEm https://t.co/kCqdWg6vmj,2018-10-04 19:20:50,en
2440,90651198,GregAbbott_TX,Greg Abbott,The fabulous First Lady of Texas. @TexasFLCA https://t.co/Cawn17UpGr,2018-10-04 19:13:27,en
2441,90651198,GregAbbott_TX,Greg Abbott,RT @KonniBurton: Thank you Governor @GregAbbott_TX for your hospitality today! I'm so happy to be working together with you to #KeepTexasRe…,2018-10-04 04:34:55,en
2442,90651198,GregAbbott_TX,Greg Abbott,"“Later this month, the U.S. Army Corps of Engineers will recommend a multi-billion-dollar plan to help protect the Texas coast — the Houston area in particular — from hurricanes.” #txlege  https://t.co/oZwm0L9sJy",2018-10-03 22:18:06,en
2443,90651198,GregAbbott_TX,Greg Abbott,Spot on. https://t.co/al0cBGkm9E,2018-10-03 21:35:29,en
2444,90651198,GregAbbott_TX,Greg Abbott,"Dallas sheriff’s association endorses Gov. Greg Abbott over their former boss, Lupe Valdez. Thanks to the men and women on the front line of law enforcement. #BackTheBlue  https://t.co/xPivP5Ee2T",2018-10-03 20:46:51,en
2445,90651198,GregAbbott_TX,Greg Abbott,Congratulations to Justice Michael Toth. https://t.co/StEy1P6YGl,2018-10-03 20:07:17,en
2446,90651198,GregAbbott_TX,Greg Abbott,Check this out and share. https://t.co/rqYWKueZss,2018-10-03 18:39:24,en
2447,90651198,GregAbbott_TX,Greg Abbott,Tonight I joined Hays Co. Sheriff Gary Cutler for the #NationalNightOut2018. Texans love our law enforcement officers. @HaysSheriff #txlege https://t.co/58XxegJyFX,2018-10-03 01:01:01,en
2448,90651198,GregAbbott_TX,Greg Abbott,Texians began their fight for liberty in Gonzales by defending a canon. With defiance they hoisted a flag like this that said Come And Take It. Texans never have and never will yield in our fight for liberty.  #txlege #MolonLabe #ComeAndTakeIt #tcot https://t.co/iAXBx71fPI,2018-10-02 21:34:23,en
2449,90651198,GregAbbott_TX,Greg Abbott,"In 2015, 67% of Texas schools had access to high-speed internet. Today 97% of Texas school districts have that access. #txlege  https://t.co/jkffVmEoWN",2018-10-02 21:14:32,en
2450,90651198,GregAbbott_TX,Greg Abbott,Thanks @RepKevinBrady for all you’ve done to help with Hurricane Harvey. https://t.co/0eRpk6DPJZ,2018-10-02 02:25:20,en
2451,90651198,GregAbbott_TX,Greg Abbott,So proud of Main Street Backs the Blue and all they do to support law enforcement in Texas. #BackTheBlue ⁦@jasonbaldwin6⁩ https://t.co/3KkpjyvOLg,2018-10-01 22:22:52,en
2452,90651198,GregAbbott_TX,Greg Abbott,I enjoyed some of the finest in Texas at the Caboose BBQ in Alvin. ⁦@thecaboosebbq⁩ https://t.co/c4gF9QvC9I,2018-10-01 18:52:11,en
2453,90651198,GregAbbott_TX,Greg Abbott,"Watch Julie’s story. After the tragedy in Sutherland Springs, Julie’s story is one of hope. Because our lives are not defined by our challenges. Instead, we get to define our lives by how we respond to those challenges. https://t.co/sqIbIhzsy1",2018-10-01 13:02:47,en
2454,90651198,GregAbbott_TX,Greg Abbott,"Today I was in Nebraska campaigning for the re-election of my friend Governor Pete Ricketts. 
@GovRicketts https://t.co/ODpsoU8JeD",2018-09-30 23:10:38,en
2455,90651198,GregAbbott_TX,Greg Abbott,RT @DallasYR: The president of our @YRBexarCounty chapter just casually hanging out with @GovAbbott this weekend!  Great work @KareninBexar…,2018-09-30 01:49:22,en
2456,90651198,GregAbbott_TX,Greg Abbott,RT @DallasYR: One of our Dallas YRs headed up to the McKinney Oktoberfest to help out our friends from @CCYRTX man the Collin County booth!…,2018-09-29 23:53:15,en
2457,90651198,GregAbbott_TX,Greg Abbott,I made a disaster declaration for flooding around the Ft. Worth area to help communities respond. https://t.co/vXaf0DRiSM,2018-09-29 23:19:38,en
2458,90651198,GregAbbott_TX,Greg Abbott,Focus Group: Gov. Abbott Big Winner Of Debate.  https://t.co/0TNg9tDELA,2018-09-29 14:54:40,en
2459,90651198,GregAbbott_TX,Greg Abbott,RT @JohnnieMo: More than an hour before #TXGovDebate the ⁦@GregAbbott_TX⁩ forces are in place at the LBJ Library in Austin. No sign of ⁦@Lu…,2018-09-29 04:45:29,en
2460,90651198,GregAbbott_TX,Greg Abbott,RT @DPSOA: Thank you @GovAbbott for your continued support of law enforcement!! #TXLege #TxGovDebate https://t.co/aL44I95pcq,2018-09-29 03:01:31,en
2461,90651198,GregAbbott_TX,Greg Abbott,Texans had the highest personal income increase in America during the most recent quarter. #txlege #Jobs https://t.co/aC8LRDuQkZ,2018-09-27 03:57:09,en
2462,90651198,GregAbbott_TX,Greg Abbott,Ive appointed the Texas Tech archivist as the Texas State Historian. ⁦@TexasTech⁩ #txlege  https://t.co/0d3hazgyoI,2018-09-26 17:37:33,en
2463,90651198,GregAbbott_TX,Greg Abbott,"RT @AbbottCampaign: Since December of 2017, @GregAbbott_TX has received the endorsement of eight law enforcement organizations, including t…",2018-09-25 19:53:20,en
2464,90651198,GregAbbott_TX,Greg Abbott,"Texas adds the most construction jobs of any state. 
We’re building an even brighter future for Texas. #txlege  https://t.co/V94UxM3Rgq",2018-09-24 17:28:54,en
2465,90651198,GregAbbott_TX,Greg Abbott,Here’s my new ad talking about what we’ve done to keep Texas safe. #txlege #tcot https://t.co/9h9XmxbbXd,2018-09-24 16:35:20,en
2466,90651198,GregAbbott_TX,Greg Abbott,https://t.co/z0BWLTqbm7,2018-09-23 18:08:22,und
2467,90651198,GregAbbott_TX,Greg Abbott,Happy National Hunting and Fishing Day. It’s been a source of fond memories in our family. https://t.co/ZfUSocwEc1,2018-09-23 00:44:53,en
2468,90651198,GregAbbott_TX,Greg Abbott,"Texas added 394,500 jobs over the past 12 months, with 32,000 added in August. More Texans have jobs today than ever before. #txlege #Jobs https://t.co/9KzXIVaWJu",2018-09-21 15:47:23,en
2469,90651198,GregAbbott_TX,Greg Abbott,RT @CFBHome: Cleveland: https://t.co/HWxjd4KLRN,2018-09-21 04:01:01,en
2470,90651198,GregAbbott_TX,Greg Abbott,"It’s a campaign stop ⁦@bucees⁩ in Temple, Texas. https://t.co/BIp59XRPPJ",2018-09-21 01:59:51,en
2471,90651198,GregAbbott_TX,Greg Abbott,"Our goal is for the State, not our teachers, to pay for the rise in health insurance premiums for retired teachers under 65. #txlege  https://t.co/N7XXJqhmLe",2018-09-21 00:48:27,en
2472,90651198,GregAbbott_TX,Greg Abbott,Thanks to the Dallas County Sheriff’s Association for endorsing my campaign for Governor. I will continue to support law enforcement and work with you to keep our communities safe. #txlege #LawEnforcement  https://t.co/xPivP5Ee2T,2018-09-21 00:18:40,en
2473,90651198,GregAbbott_TX,Greg Abbott,RT @CassieJ_Tx: They don’t call @GregAbbott_TX “The RGV Governor” for nothing! Back to back weeks down in South Texas! Thanks Governor... S…,2018-09-20 05:13:02,en
2474,90651198,GregAbbott_TX,Greg Abbott,Proud to be part of advancing both law enforcement and education in the #RGV. #TXLege  https://t.co/Y4wDgzldsa,2018-09-19 16:53:07,en
2475,90651198,GregAbbott_TX,Greg Abbott,We will never forget the brave men &amp; women of law enforcement who serve our great state. #txlege #BackTheBlue https://t.co/Lz6UxP4EWT,2018-09-19 02:59:49,en
2476,90651198,GregAbbott_TX,Greg Abbott,Republican @PeteFlores_TX wins special election for Texas Senate District traditionally held by Democrats. Pete Flores will help keep Texas the greatest state in America. #txlege #TXSen #tcot @FoxNews,2018-09-19 02:15:43,en
2477,90651198,GregAbbott_TX,Greg Abbott,"Today I returned to the Rio Grande Valley for the dedication of the new Regional Center for Public Safety Excellence @STCPR. It provides
cutting-edge technology, innovative education &amp; world-class training for law enforcement. #RGV #txlege https://t.co/5LPfj1KIWY… https://t.co/FNrztYTTGS",2018-09-19 01:30:34,en
2478,90651198,GregAbbott_TX,Greg Abbott,Happy birthday to our U.S. Air Force! Thanks for your service to the greatest nation in the history of the world. https://t.co/iphlRQ2vaL,2018-09-18 20:47:22,en
2479,90651198,GregAbbott_TX,Greg Abbott,"Today is Constitution Day. The values, liberties, and principles enshrined in this document remain the foundation of our democracy. We must protect and uphold these principles at all costs, for they are the bedrock of what makes us America. https://t.co/bFKEri6apz",2018-09-17 22:49:35,en
2480,90651198,GregAbbott_TX,Greg Abbott,A Texas city is named the best place to live in America. Congratulations to Frisco. #txlege @CityOfFriscoTx https://t.co/X34aTDoU8c,2018-09-17 21:37:56,en
2481,90651198,GregAbbott_TX,Greg Abbott,https://t.co/14mJBAp6n3,2018-09-17 01:37:33,und
2482,90651198,GregAbbott_TX,Greg Abbott,"Proud to join Caterpillar for the announcement of their 400,000th engine produced at their Seguin facility. They have about 4,000 employees in Texas and continue to excel. #txlege #jobs #Manufacturing  https://t.co/JIRrQNGxp9",2018-09-16 18:14:58,en
2483,90651198,GregAbbott_TX,Greg Abbott,One of many fun moments at the Texas Longhorn victory yesterday: firing Smoky the canon after the Eyes of Texas. #HookEm https://t.co/leuNcQSPnu,2018-09-16 16:19:37,en
2484,90651198,GregAbbott_TX,Greg Abbott,"Help elect @PeteFlores_TX to the Texas Senate. The special election is THIS COMING TUESDAY, September 18th. #txlege #tcot @TexasGOP https://t.co/kz6BbepFwO",2018-09-15 18:15:16,en
2485,90651198,GregAbbott_TX,Greg Abbott,Every day our campaign team is knocking on doors connecting with voters. The future direction of Texas is at stake and we are working to ensure Texas remains the #1 state in America for business and jobs. #txlege #tcot @TexasGOP https://t.co/PmWLE07GIb,2018-09-15 18:11:25,en
2486,90651198,GregAbbott_TX,Greg Abbott,Weather danger lurks today &amp; this weekend especially along the Gulf Coast &amp; South Texas where heavy rainfall &amp; flooding are expected. Heed all local warnings. Remember to turnaround don’t drown. #txlege   #TropicalStorm  https://t.co/qqEXZ4cYzu,2018-09-14 18:03:31,en
2487,90651198,GregAbbott_TX,Greg Abbott,"RT @SylvesterTurner: Please pay attention to the weather forecast.
I’ve just received word Gov. @GregAbbott_TX has issued a disaster declar…",2018-09-14 16:43:11,en
2488,90651198,GregAbbott_TX,Greg Abbott,Prayers please for this law enforcement officer who put his life on the line to protect his community from some armed robbers. #txlege #BackTheBlue #Police  https://t.co/AcpnIJhPJk,2018-09-14 15:24:31,en
2489,90651198,GregAbbott_TX,Greg Abbott,Another voter fraud prosecution. She pleaded guilty to voter impersonation and ineligible voting. Texas Officials are working to secure validity of voter registration records. #txlege #VoterID #tcot  https://t.co/gomDYxMvJ2,2018-09-14 03:03:40,en
2490,90651198,GregAbbott_TX,Greg Abbott,With a big assist from Texas the United States is now the largest oil producer in the world. Our ingenuity and innovation have have helped us toward energy independence. #txlege #tcot  https://t.co/6UzIW0GAWj,2018-09-13 20:31:10,en
2491,90651198,GregAbbott_TX,Greg Abbott,Eliminating Moses as one of our law-givers is contrary to factual history and to #SCOTUS precedent. I successfully defended the Ten Commandments on the Capitol Grounds arguing that they were formative to our laws. Moses &amp; the Commandments are in SCOTUS Building. #txlege #tcot https://t.co/ABFo81d5pa,2018-09-13 01:47:03,en
2492,90651198,GregAbbott_TX,Greg Abbott,Rising property taxes claims another victim that will close a business &amp; force job losses. That's why I've made it a top priority to rein in skyrocketing property taxes. See my plan at https://t.co/zzFZl2BX13. Click on the box titled Property Tax Reform Policy. #tcot #txlege https://t.co/OCaOrOcpj4,2018-09-13 01:07:22,en
2493,90651198,GregAbbott_TX,Greg Abbott,TEXANS: Prepare for the tropical disturbance headed toward the Texas coast. We're elevating our readiness level and are prepared to deploy state resources needed to support local officials and protect Texans. Heed local warnings. #txlege  https://t.co/xjHnmIuFmF,2018-09-12 21:54:08,en
2494,90651198,GregAbbott_TX,Greg Abbott,"Akio Toyoda, the President &amp; CEO of @ToyotaMotorCorp visited the Governor’s Mansion wearing a Buc-ee’s t-shirt. 
He knows Texas. 
Next stop: ⁦@Whataburger⁩. ⁦@bucees⁩ #txlege https://t.co/z40jiYcvnW",2018-09-12 21:00:39,en
2495,90651198,GregAbbott_TX,Greg Abbott,Texas ranks No. 2 for aerospace manufacturing attractiveness. We keep getting better. #txlege #jobs #economy https://t.co/4halKj2aYE,2018-09-12 16:18:33,en
2496,90651198,GregAbbott_TX,Greg Abbott,RT @AbbottCampaign: The State of Texas is sending a message to criminals and gang members that any attempts to compromise the safety of our…,2018-09-12 14:24:59,en
2497,90651198,GregAbbott_TX,Greg Abbott,Texas 1st Responders are heroes. Today I presented the Star of Texas Award for First Responders who were injured or died in the line of duty protecting Texas during the past year. #txlege https://t.co/H405yAv3yd via @nbcdfw,2018-09-12 03:37:45,en
2498,90651198,GregAbbott_TX,Greg Abbott,"I helped formally open the Texas anti-gang center in McAllen and announced plans for two more anti-gang centers in Texas. These facilities unite federal, state &amp; local law enforcement to arrest and disrupt dangerous gangs like MS-13. #txlege #tcot  https://t.co/xuUa6q59eF",2018-09-11 22:33:18,en
2499,90651198,GregAbbott_TX,Greg Abbott,"What an incredible moment to remember.
It was a reminder that when America needs to we can always put the ball right over the plate. https://t.co/9fMvC9xkv8",2018-09-11 22:02:10,en
2500,90651198,GregAbbott_TX,Greg Abbott,GREAT NEWS: State Board signals it will keep reference to ‘heroic’ Alamo defenders in Texas history curriculum. They died fighting for Texas independence. That is the epitome of heroic. Thanks to all Texas patriots who weighed in. #txlege #tcot #PJNET  https://t.co/fcGKXWqnNb,2018-09-11 21:11:23,en
2501,90651198,GregAbbott_TX,Greg Abbott,Texas Preps For Tropical Disturbance Nearing Gulf Of Mexico.  Get prepared. Stay vigilant &amp; safe. #txlege https://t.co/rNSwcQIDVU,2018-09-11 18:00:09,en
2502,90651198,GregAbbott_TX,Greg Abbott,"We must Never Forget
The evil of terror
The virtue of freedom 
The necessity of defense 
The valor of America’s First Responders. 
God Bless America. 
#Neverforget #September11 https://t.co/LoJ8rIbWOj",2018-09-11 13:43:53,en
2503,90651198,GregAbbott_TX,Greg Abbott,The Texas State Operations Center has elevated its readiness level as a potential tropical system is expected to move into the Gulf of Mexico and toward the Texas coast later this week. Please pay attention to all local storm warnings. #txlege  https://t.co/x2FMmAeGw4,2018-09-11 03:05:55,en
2504,90651198,GregAbbott_TX,Greg Abbott,RT @RDBobbyGuerra: Thank you @GovAbbott  for making the Rio Grande Valley’s Intelligence Center possible and for visiting the RGV to hear f…,2018-09-11 01:07:40,en
2505,90651198,GregAbbott_TX,Greg Abbott,RT if you agree with my call to ban red light cameras in Texas. #txlege #tcot PJNET https://t.co/6KIm8rrn8o,2018-09-10 19:24:38,en
2506,90651198,GregAbbott_TX,Greg Abbott,https://t.co/JTJMECYii1,2018-09-09 17:58:38,und
2507,90651198,GregAbbott_TX,Greg Abbott,"The U.S. added more than 200,000 new jobs last month (many in Texas) and wages registered their biggest advance of the almost decade-long expansion. #txlege #JobsReport  https://t.co/VHZbkSRMEc",2018-09-07 21:28:02,en
2508,90651198,GregAbbott_TX,Greg Abbott,"A Texas school district opened a water park and you paid for it. Now you know why it's hard to get the Legislature to pony up more money for our schools. STILL, I have a plan that pays more to our best teachers. #txlege 
https://t.co/VujbawaVdT via @ABC13Houston",2018-09-07 03:35:40,en
2509,90651198,GregAbbott_TX,Greg Abbott,Stop political correctness in our schools. Of course Texas schoolchildren should be taught that Alamo defenders were ‘Heroic’! I fully expect the State Board of Education to agree. Contact your SBOE Member to complain. ⁦@TXSBOE⁩ #txlege #tcot  https://t.co/Ph9oBoBzKF,2018-09-06 21:43:37,en
2510,90651198,GregAbbott_TX,Greg Abbott,The University of Texas San Antonio is becoming a leading hub for cyber security and artificial intelligence. This funding will spur that advancement. ⁦@UTSA⁩  https://t.co/PkWxxvBFYu,2018-09-06 20:43:02,en
2511,90651198,GregAbbott_TX,Greg Abbott,"MS-13 gang members arrested in five Houston-area murders, including machete death of informant. This is why we banned sanctuary cities &amp; why Texas is adding resources for anti-gang units in Texas to crackdown on MS-13. #txlege #tcot #PJNET  https://t.co/S43PGphiWg",2018-09-06 14:35:32,en
2512,90651198,GregAbbott_TX,Greg Abbott,Yesterday I joined Arkansas Governor @AsaHutchinson to launch an economic development program in the Texarkana area that will create more jobs &amp; spur the local economy. #txlege #jobs https://t.co/ir2vy5gj0k  https://t.co/ir2vy5gj0k via @TxkGazette,2018-09-06 03:24:11,en
2513,90651198,GregAbbott_TX,Greg Abbott,Texas is providing law enforcement officers across the state with the best protection possible to help them stay safe as they secure our communities.  Protecting those who protect us. #txlege #BackTheBlue #police https://t.co/onX73Wp7qQ,2018-09-06 03:14:34,en
2514,90651198,GregAbbott_TX,Greg Abbott,"Giving you the right to fire your property tax appraiser is part of my property tax reform. If you don't like them, you can vote them out of office. To learn more go to https://t.co/nIJDFtj0fw and click on the blue box titled: Property Tax Reform Policy. #txlege #tcot https://t.co/4G8WpGzjtR",2018-09-06 03:06:11,en
2515,90651198,GregAbbott_TX,Greg Abbott,"Looks like Twitter got triggered.
This shouldn't happen.
Welcome back. https://t.co/SxPIL4BY0c",2018-09-06 02:45:34,en
2516,90651198,GregAbbott_TX,Greg Abbott,"Great to meet you.
Welcome to Texas.
You fit right in. https://t.co/Slk6XPD5qN",2018-09-06 02:44:29,en
2517,90651198,GregAbbott_TX,Greg Abbott,RT @KHancock4TX: Honored to have been  a part of this relationship. https://t.co/nziNKKnfDo,2018-09-06 02:42:51,en
2518,90651198,GregAbbott_TX,Greg Abbott,@Feisty_FL You're back.,2018-09-06 02:36:05,en
2519,90651198,GregAbbott_TX,Greg Abbott,Tonight I unveiled a cornerstone plaque that will be on the U.S. Embassy in Israel. It recounts the Texas-Israel connection and has the Texas seal on it. Can’t wait to see it in Jerusalem. #txlege #Israel ⁦@Israel⁩ ⁦@netanyahu⁩ https://t.co/FBMYTP9T0l,2018-09-06 00:16:54,en
2520,90651198,GregAbbott_TX,Greg Abbott,"RT if you agree the Texas Constitution should not allow a state income tax in Texas. 
Currently it says an income tax can be imposed by a majority vote of Texans. If we omit that from the constitution it takes a 2/3 vote to add it back in. #txlege #tcot  https://t.co/ijZsgxRf0C",2018-09-04 23:18:50,en
2521,90651198,GregAbbott_TX,Greg Abbott,So proud of our Texas Dept. of Public Safety Officers. Watch this video to see them risk their lives taking down a criminal. @TxDPS #txlege https://t.co/5d4mMirCyC,2018-09-04 03:00:49,en
2522,90651198,GregAbbott_TX,Greg Abbott,Tomorrow is Texarkana Tuesday. I look forward to the enthusiastic crowd as we build a stronger economy for the Texarkana region. #txlege  https://t.co/dAQAviSnJQ via @TxkGazette,2018-09-04 02:49:31,en
2523,90651198,GregAbbott_TX,Greg Abbott,"Thank you @CollinGOP. 
Great turnout. 
Successful event. https://t.co/YY8HUffbyp",2018-09-04 00:46:35,en
2524,90651198,GregAbbott_TX,Greg Abbott,RT @CandyNobleHD89: Capacity crowd turned out for the @CollinGOP Labor Day Campaign Kickoff Rally! Here to see @GovAbbott @tedcruz @KenPaxt…,2018-09-03 21:27:14,en
2525,90651198,GregAbbott_TX,Greg Abbott,Every region of Texas is excelling. In San Antonio home construction has surged to highest level since 2007. This reflects the strength of our economy and robust job growth. Our economy has never been better. #txlege #Jobs #economy  https://t.co/nov33fsXR1,2018-09-03 18:19:40,en
2526,90651198,GregAbbott_TX,Greg Abbott,Collin Co. is pumped &amp; ready to #KeepTexasRed. Thanks to all the volunteers &amp; supporters who will tirelessly work all the way to Election Day to get out the vote. Together we’ll keep Texas the most exceptional state in America. #txlege #tcot ⁦@TexasGOP⁩ https://t.co/jhZoe9Fjmv,2018-09-03 18:13:00,en
2527,90651198,GregAbbott_TX,Greg Abbott,"Can't believe this happened. Everyone is taught to NEVER throw an ax at a moving train. SA man throws ax at moving train, which bounces back, hits him in head, SAPD says https://t.co/rVM3zll2Xq",2018-09-02 21:03:08,en
2528,90651198,GregAbbott_TX,Greg Abbott,The State of Texas is monitoring this weather system and is preparing to take all precautions and actions as necessary. #txlege https://t.co/E7bbCSWa2A,2018-09-02 20:35:52,en
2529,90651198,GregAbbott_TX,Greg Abbott,Five members of MS-13 gang indicted in connection with armed robbery in Dallas. #txlege  https://t.co/wevKyHyFFI,2018-09-02 19:06:12,en
2530,90651198,GregAbbott_TX,Greg Abbott,"It doesn’t get better than this.   
Start College Football season and dove season the same day. #txlege https://t.co/LizazFjMOx",2018-09-01 15:38:27,en
2531,90651198,GregAbbott_TX,Greg Abbott,Dallas among six Texas cities named to top American boomtowns list. Texas is a booming state. #txlege https://t.co/iCqcYn8k6g,2018-09-01 03:50:53,en
2532,90651198,GregAbbott_TX,Greg Abbott,Thanks Fox Sports Southwest for spotlighting Texas High School Football. It’s part of our culture. @FOXSportsSW #txlege #txhsfb https://t.co/hyAeckwHz9,2018-09-01 00:49:21,en
2533,90651198,GregAbbott_TX,Greg Abbott,RT @NBC5SteveWright: Gov. Greg Abbott marks the start of high school football with 'Texas Football Days' proclamation https://t.co/wkwEeNL9…,2018-09-01 00:43:25,en
2534,90651198,GregAbbott_TX,Greg Abbott,"Texas is better than ever. 
And we’re just getting started. https://t.co/VhoZCW1tUA",2018-09-01 00:14:39,en
2535,90651198,GregAbbott_TX,Greg Abbott,"As Governor of Texas, I have officially proclaimed August 31 – September 1, 2018 to be TEXAS FOOTBALL DAYS in Texas, and urge the appropriate recognition  of these great days. #TXHSFB #txlege #TexasFootball  https://t.co/ioXsCWGQAK",2018-08-30 22:19:09,en
2536,90651198,GregAbbott_TX,Greg Abbott,Kingsville Police Dept. receives new state-of-the-art protective gear. Texas will ensure that our law enforcement officers have the best equipment to keep them safe while they keep our communities secure. #txlege  #BackTheBlue #Police  https://t.co/gR8Xh1nIQ0,2018-08-30 16:28:57,en
2537,90651198,GregAbbott_TX,Greg Abbott,"I joined with a Fortune 200 company, Cognizant, to announce 1,000 new jobs in Irving focused on the advanced technology sector. Texas is increasingly home of the future of technology. ⁦@MattRinaldiTX⁩ joined me. #txlege ⁦@Cognizant⁩ #TechNews https://t.co/CqcMI5s89n",2018-08-30 16:23:16,en
2538,90651198,GregAbbott_TX,Greg Abbott,"RT @mopenshaw: @GregAbbott_TX Here is my son, double-challenged (hearing &amp; mobility) headed into work as a senior engineer at Samsung. No e…",2018-08-30 15:01:44,en
2539,90651198,GregAbbott_TX,Greg Abbott,Agreed. Reducing or eliminating unfunded mandates is part of my property tax reduction plan. It’s at https://t.co/nIJDFtj0fw. Click on the blue box titled Property Tax. https://t.co/RoRin3lHab,2018-08-30 05:22:12,en
2540,90651198,GregAbbott_TX,Greg Abbott,RT @TejanoNation: Tejano legend Gibby Escobedo honored by State of Texas for career accomplishments https://t.co/5rS046Zyby https://t.co/dK…,2018-08-30 05:13:04,en
2541,90651198,GregAbbott_TX,Greg Abbott,"You are a great young man. 
Keep striving. 
No limits. https://t.co/iFXZj3JVvJ",2018-08-30 05:06:39,en
2542,90651198,GregAbbott_TX,Greg Abbott,Congratulations to Laredo schools on this tremendous success: Report: 7 Laredo campuses earn all possible distinctions by state. https://t.co/UIaxKE9eWE via @lmtnews,2018-08-30 02:03:17,en
2543,90651198,GregAbbott_TX,Greg Abbott,Here are some strategies we can use to improve our schools and help our students achieve even more. #txlege  https://t.co/v8b496a0oG,2018-08-29 20:40:08,en
2544,90651198,GregAbbott_TX,Greg Abbott,Great to be at Pei Wei home of great food headquartered in the greatest state in America...here in Irving Texas! ⁦⁦@PeiWei_Tiger⁩ #txlege https://t.co/uA4EKHUFOk,2018-08-29 18:37:29,en
2545,90651198,GregAbbott_TX,Greg Abbott,69 suspects arrested on sex trade charges by the Houston Police Department Vice Division. This is a great step in the right direction to reduce sex trafficking in Texas. #EndHumanTrafficking #txlege  https://t.co/KZ9fM1k9BW,2018-08-29 18:25:12,en
2546,90651198,GregAbbott_TX,Greg Abbott,"Texans work harder than people in most other U.S. states. But, we already knew that. #txlege  https://t.co/cK5rNgUs2Z",2018-08-29 14:14:58,en
2547,90651198,GregAbbott_TX,Greg Abbott,White Texas police officer found guilty of murder for fatally shooting black teen in car. This life should never have been lost.  https://t.co/SfxnPwXO0V,2018-08-28 19:49:02,en
2548,90651198,GregAbbott_TX,Greg Abbott,RT @DallasCASA: Amazing news! @GregAbbott_TX provided Dallas CASA a grant for an advanced advocacy training program to better assist young…,2018-08-28 15:49:25,en
2549,90651198,GregAbbott_TX,Greg Abbott,Yes. Texas will fully fund special ed this next session so that any student who needs it will receive it. Texas has structurally corrected the previously flawed system and will fund it accordingly. https://t.co/Qkxyzy0I8G,2018-08-28 15:46:20,en
2550,90651198,GregAbbott_TX,Greg Abbott,The U.S. Supreme Court upheld Texas redistricting maps as perfectly legal. No discrimination. No gerrymandering. It ruled earlier this year. I know you’re part of “resist” &amp; will likely disagree. But because of your tweet it appears you &amp; others are unaware of SCOTUS’ ruling. https://t.co/fI9DwqOhIu,2018-08-28 15:41:15,en
2551,90651198,GregAbbott_TX,Greg Abbott,RT @SecArmy: Friday was a historic day for our @USArmy as we made the most significant reorganization since 1973. @armyfutures will provide…,2018-08-28 05:00:09,en
2552,90651198,GregAbbott_TX,Greg Abbott,Property taxes are crushing Texas homeowners. I have a fix for that. Check it out at https://t.co/nIJDFtj0fw. Click on the blue square titled Property Tax Reform Policy. Our goal? You keep more of your money. #txlege #tcot  https://t.co/9XiWD5MIkA,2018-08-28 02:01:15,en
2553,90651198,GregAbbott_TX,Greg Abbott,The Governor’s Office is proud to support CASA to help young victims of sex trafficking. #endhumantrafficking #txlege  https://t.co/287u8ZT81w,2018-08-27 18:26:26,en
2554,90651198,GregAbbott_TX,Greg Abbott,RT @kiii3news: Governor Greg Abbott made a stop at Rockport Sunday morning to attend a church service in remembrance of Hurricane Harvey. h…,2018-08-27 15:29:03,en
2555,90651198,GregAbbott_TX,Greg Abbott,Thanks to Houston City Councilman Dave Martin for stopping by the Governor’s Office to discuss hurricane response. Thanks even more for all he has done to expedite rebuilding and recovery around the Kingwood &amp; San Jacinto River area. @cmDaveMartin https://t.co/4y7D0lzdAL,2018-08-27 15:13:43,en
2556,90651198,GregAbbott_TX,Greg Abbott,"It’s a Texas thing. We treat folks right, like this heartwarming moment a Texas IHOP server gifted a man with Down syndrome a 'Captain America' name tag after he said that was his name.  https://t.co/NWIrlzBOYw",2018-08-27 04:51:43,en
2557,90651198,GregAbbott_TX,Greg Abbott,Today I was in Rockport to celebrate how far they have come since #HurricaneHarvey hit. The community is a great example of Texas resilience.  #txlege #TexasStrong https://t.co/0lAAXrjvaq,2018-08-27 01:53:49,en
2558,90651198,GregAbbott_TX,Greg Abbott,Happy #NationalDogDay from Pancake &amp; Peaches at the Texas Governor’s Mansion. #txlege https://t.co/JBDmJOWf7U,2018-08-26 21:27:30,en
2559,90651198,GregAbbott_TX,Greg Abbott,I spoke with Florida Governor Rick Scott and offered any aid and assistance they might need in dealing with this tragedy. Texas stands ready to help our friends in Florida respond to #TheLandingMassShooting in Jacksonville.,2018-08-26 19:53:47,en
2560,90651198,GregAbbott_TX,Greg Abbott,It was inspiring to visit the Rockport First Baptist Church today to celebrate how far they have come since this day last year. Parts of this church were completely destroyed by #HurricaneHarvey. These Texans are resilient and strong and blessed with faith. #txlege #TexasStrong https://t.co/GCRhJ35IX8,2018-08-26 17:39:33,en
2561,90651198,GregAbbott_TX,Greg Abbott,Regardless of the size of our challenges God guides us down the right path. https://t.co/YiCQkzol71,2018-08-26 13:18:36,en
2562,90651198,GregAbbott_TX,Greg Abbott,Here is my statement on the passing of American hero John McCain: https://t.co/2KbF2IqDvn,2018-08-26 01:39:52,en
2563,90651198,GregAbbott_TX,Greg Abbott,Texans were tested by #HurricaneHarvey &amp; yet we rose above it because we came together &amp; showed the world how Texans respond to challenges. We are better today than we were last year &amp; we’ll be better next year than we are today. We are the Lone Star State. #TexasStrong #txlege https://t.co/g8BfDxYknw,2018-08-25 23:26:48,en
2564,90651198,GregAbbott_TX,Greg Abbott,Texas Tech lands top international agriculture researcher. This is part of the Governor’s University Research Initiative to recruit the best and brightest researchers. This will help ⁦@TexasTech⁩ continue to rise in rankings. #WreckEm  https://t.co/acYjQs5K88,2018-08-25 22:35:47,en
2565,90651198,GregAbbott_TX,Greg Abbott,"TEENAGERS are getting involved as young Republicans. 
They know that their future and the Texas brand of freedom is on the line this election. #txlege @TexasGOP https://t.co/BLK2HLAFBt",2018-08-25 22:13:47,en
2566,90651198,GregAbbott_TX,Greg Abbott,Thanks to all across the state who attend Abbott University to help us get out the vote. Early voting is less that 2 months away. Time for all hands on deck to ensure we Keep Texas Great. #ImWithAbbott https://t.co/tlTpznDdtq,2018-08-25 19:39:22,en
2567,90651198,GregAbbott_TX,Greg Abbott,This shows that my Democrat opponent for Governor supports open border policies &amp; is hostile the the rule of law. RT to support my reelection If you want to ensure the border is kept secure and laws will be enforced. #txlege #tcot #PJNET  https://t.co/ktP5jZ9mSr,2018-08-25 16:17:49,en
2568,90651198,GregAbbott_TX,Greg Abbott,"The Texas Oil Boom Helps The Gulf Coast Export More Oil Than It Imports For The First Time. Texas, alone, is now an international leader in energy. #txlege #energy #oilandgas  https://t.co/cHwJxN1IY3",2018-08-25 16:10:19,en
2569,90651198,GregAbbott_TX,Greg Abbott,Great to visit with you Drew &amp; great to meet Austin &amp; Abbey. https://t.co/1UvMN0jY1G,2018-08-24 04:04:28,en
2570,90651198,GregAbbott_TX,Greg Abbott,Texas is proud to be the new home of the U.S. Army Futures Command. Today I met  theincoming commander General Murray. Tomorrow is the big announcement. #txlege #FuturesCommand @armyfutures @USArmy https://t.co/IwtXsBQRav,2018-08-24 00:01:48,en
2571,90651198,GregAbbott_TX,Greg Abbott,RT @AbbottCampaign: .@TexasFLCA today joined Susan Dell of the Rebuild Texas Fund and Michael &amp; Susan Dell Foundation on a visit to communi…,2018-08-23 23:39:33,en
2572,90651198,GregAbbott_TX,Greg Abbott,We are providing Santa Fe Schools more resources to help them continue to respond to the shooting last school year. We will continue efforts to assist students and make the school safe. #txlege #SchoolSafety #SantaFe  https://t.co/gc2nMB3Bn5,2018-08-22 16:23:56,en
2573,90651198,GregAbbott_TX,Greg Abbott,"An undocumented immigrant is charged for murder of Mollie Tibbetts, the Iowa college student who went missing on July 18. This is why so many Americans are angry about sanctuary cities. It’s why Texas banned sanctuary cities. It’s about safety. #tcot  https://t.co/D377GvPQMt",2018-08-21 22:15:12,en
2574,90651198,GregAbbott_TX,Greg Abbott,"RT @KyleBiedermann: Yesterday in New Braunfels, I joined Gov. @GregAbbott_TX as he hosted a roundtable discussion with teachers from @cisdn…",2018-08-21 16:12:27,en
2575,90651198,GregAbbott_TX,Greg Abbott,ANOTHER #1 ranking! Texas has more Blue Ribbon Schools than any state in America. Thanks to our educators on that tremendous success. #txlege  https://t.co/GkkXdSdkuU,2018-08-21 02:53:40,en
2576,90651198,GregAbbott_TX,Greg Abbott,"RT @DonnaCampbellTX: Discussing the best way to improve our classrooms at Church Hill Middle School with Gov. Abbott, Comal ISD teachers, a…",2018-08-21 02:47:14,en
2577,90651198,GregAbbott_TX,Greg Abbott,What a great team. https://t.co/QZSCEZbm0o,2018-08-21 02:35:15,en
2578,90651198,GregAbbott_TX,Greg Abbott,Thanks to @TheBrazosGOP for expanding our block walking team in Brazos Co. &amp; across the state. @TexasGOP https://t.co/Uur85RL2Qp,2018-08-21 02:22:58,en
2579,90651198,GregAbbott_TX,Greg Abbott,THIS! https://t.co/PoB8dj2DuV,2018-08-21 02:06:32,en
2580,90651198,GregAbbott_TX,Greg Abbott,"Your commitment is an amazing inspiration.
Your work will build a strong future for those children. https://t.co/BwVjKOEjub",2018-08-20 03:46:04,en
2581,90651198,GregAbbott_TX,Greg Abbott,"Happy Birthday Matt.
The best gift you could ever have is surrounding you in that picture. https://t.co/GNelGhPBKP",2018-08-20 02:12:09,en
2582,90651198,GregAbbott_TX,Greg Abbott,"Veterans program receives funding from the Texas Veterans Commission. The program focuses on helping veterans with drug problems, PTSD, and anxiety by providing them with counseling to help them get back on track. #txlege #Veterans #Military  https://t.co/8u1jbuTCw2",2018-08-19 16:53:51,en
2583,90651198,GregAbbott_TX,Greg Abbott,Thanks to all 3 of you for your continuing commitment to help our local communities rebuild after #HurricaneHarvey. Texas has now received more than $30 billion to aid that rebuilding process. We must put that money to work ASAP. #txlege #TexasStrong https://t.co/HWeXGYMysJ,2018-08-19 16:04:24,en
2584,90651198,GregAbbott_TX,Greg Abbott,Thank you all for your tireless work to #KeepTexasRed. https://t.co/raP7ZvVp1H,2018-08-19 02:56:06,en
2585,90651198,GregAbbott_TX,Greg Abbott,"Collin County is working hard o #KeepTexasStrong.
Great effort by all the volunteers and @leachfortexas. https://t.co/nV1utopRs8",2018-08-18 18:08:14,en
2586,90651198,GregAbbott_TX,Greg Abbott,Safer Schools: Texas considers more centers to monitor student social media. This is one of many strategies Texas is developing to identify and prevent threats to students at schools. #txlege #SchoolSafety  https://t.co/UOXITopx5D,2018-08-18 17:22:42,en
2587,90651198,GregAbbott_TX,Greg Abbott,"Texas now at 25 straight months of job growth. Over the past year we’ve added 377,000 new jobs. #txlege #Jobs #economy  https://t.co/qW88y9n9Qf",2018-08-17 18:43:41,en
2588,90651198,GregAbbott_TX,Greg Abbott,I just got off the phone with HUD Secretary @SecretaryCarson. He just signed the final paper work and today is sending $5 billion to Texas to rebuild from #HurricaneHarvey. Much of that will help Texans rebuild homes. He also said billions more in funding is coming. #txlege,2018-08-17 18:08:00,en
2589,90651198,GregAbbott_TX,Greg Abbott,The Governor’s Office works with communities around the state on economic development and helping small businesses. No effort is more important than helping communities like Port Aransas as they continue rebuilding from Hurricane Harvey. #txlege  https://t.co/JmGVjYdkKX,2018-08-17 04:49:44,en
2590,90651198,GregAbbott_TX,Greg Abbott,RT @max_alaskaa: @NicksPettyAcct @GregAbbott_TX I am from California moved to Texas and i stand with my new governor! 1. He protects the 2A…,2018-08-17 03:45:39,en
2591,90651198,GregAbbott_TX,Greg Abbott,Welcome to Texas. Thanks for joining the greatest state in America. https://t.co/fmFrsU2pgW,2018-08-17 03:32:10,en
2592,90651198,GregAbbott_TX,Greg Abbott,Congratulations to @UTEP for making El Paso &amp; Texas better. https://t.co/RSGq4E7VXj,2018-08-17 02:37:03,en
2593,90651198,GregAbbott_TX,Greg Abbott,RT @CallerBetty: .@GregAbbott_TX’s plan to address #SchoolSafety called for increasing law enforcement presence at schools. @CCISDPolice ch…,2018-08-17 02:22:06,en
2594,90651198,GregAbbott_TX,Greg Abbott,RT @leachfortexas: So proud to have @GregAbbott_TX join us in Collin County for our Victory 2018 Campaign Kickoff!  Bring the whole family…,2018-08-16 23:36:42,en
2595,90651198,GregAbbott_TX,Greg Abbott,America is the greatest country in the history of the world.,2018-08-16 04:51:07,en
2596,90651198,GregAbbott_TX,Greg Abbott,"Happy Anniversary to my wife, Cecilia. Here are pictures from our wedding and our 1st anniversary. Today we celebrate our 37th. @TexasFLCA #txlege https://t.co/bAUpGhY2zh",2018-08-15 16:25:35,en
2597,90651198,GregAbbott_TX,Greg Abbott,"RT @KristyLynnSays: “The US Military, and the members of this community know what it means to honor our flag, believe in God, and be strong…",2018-08-15 06:13:18,en
2598,90651198,GregAbbott_TX,Greg Abbott,"Texas passed a law imposing the death penalty against criminals who rape a minor. Federal Courts struck it down as a violation of the 8th Amendment. Been there, done that. Keep up. https://t.co/vWhrgtz1fE",2018-08-15 05:42:52,en
2599,90651198,GregAbbott_TX,Greg Abbott,In Texas if you commit “honor killings” you will get the death penalty.  https://t.co/V29lHxKmwe,2018-08-15 03:56:43,en
2600,90651198,GregAbbott_TX,Greg Abbott,We have to do more to provide better mental health services to students in our schools. It’s a matter of public safety &amp; public health. #txlege #SchoolSafety  https://t.co/50mEmbK4T8,2018-08-14 22:11:03,en
2601,90651198,GregAbbott_TX,Greg Abbott,"American needs to awaken to the Democrats’ Socialism problem. “For the first time in Gallup's measurement over the past decade, Democrats have a more positive image of socialism than they do of capitalism.” That’s not the way we do things in Texas. #tcot  https://t.co/nkyBvNVYwV",2018-08-13 23:56:01,en
2602,90651198,GregAbbott_TX,Greg Abbott,RT @795rm: .@GregAbbott_TX is serious about helping to keep Texas schools safe.. That’s why Texas launched the iWatch reporting system to a…,2018-08-13 22:07:36,en
2603,90651198,GregAbbott_TX,Greg Abbott,Texas is spending about $7.5 billion a year to build roads like this. We have allocated about $75 billion over next 10 years to expand roads and reduce congestion. Expect improvements in your area.  #txlege #roads https://t.co/Kv2YSA6wxj,2018-08-13 22:05:29,en
2604,90651198,GregAbbott_TX,Greg Abbott,Miracles happen: Top 10 Fittest U.S. Governors 2018.  https://t.co/QstMAoBpdf,2018-08-13 22:01:21,en
2605,90651198,GregAbbott_TX,Greg Abbott,States Led By Republican Governors Dominate CEO's 2018 Best States For Business Rankings. #txlege #business https://t.co/gWEeIZ5LQD,2018-08-13 17:55:16,en
2606,90651198,GregAbbott_TX,Greg Abbott,Texas sees spike in school marshals training program to arm staff. #txlege https://t.co/ZQNVoC9k5G,2018-08-13 02:44:56,en
2607,90651198,GregAbbott_TX,Greg Abbott,For Veterans in the Rio Grande Valley this program by Texas State Technical College can help you land a good job. ⁦@TSTCHarlingen⁩ ⁦@utrgv⁩ #Veterans #Military  https://t.co/dOH64YjETO,2018-08-13 02:15:21,en
2608,90651198,GregAbbott_TX,Greg Abbott,This is an injustice to the victims &amp; to our state. A school administrator who sexually assaults boys should face mandatory jail time. I’ll look into changing the law. #txlege  https://t.co/uDDXejXrm6,2018-08-13 01:58:35,en
2609,90651198,GregAbbott_TX,Greg Abbott,"Good to meet you at Mass. 
Thanks for your devotion to God. https://t.co/kReQN1QFRs",2018-08-13 01:43:30,en
2610,90651198,GregAbbott_TX,Greg Abbott,RT @cgihou: Consul General @anupamifs introduced Texas Governor @GregAbbott_TX at 19th @IACCGHouston Annual Gala at @HiltonAmericas. Mayor…,2018-08-12 01:56:58,en
2611,90651198,GregAbbott_TX,Greg Abbott,RT @PoojaOnTV: “The distance between Texas and India seem to get shorter every day.” — Texas Gov @GregAbbott_TX https://t.co/usfdnHUxAK,2018-08-12 01:54:59,en
2612,90651198,GregAbbott_TX,Greg Abbott,RT @CollinGOP: We've got a BIG crew of hard-working Republicans blockwalking on this rainy day. We're working to #KeepTexasStrong by electi…,2018-08-12 01:52:55,en
2613,90651198,GregAbbott_TX,Greg Abbott,Excellent work by freedom loving Texans knocking on doors to increase voter turnout. Early voting begins in about 2 months. We need your help to keep Texas the best state in America. #txlege #tcot https://t.co/dtTENBl0VA,2018-08-12 01:52:44,en
2614,90651198,GregAbbott_TX,Greg Abbott,"RT @FoxNews: On @foxandfriends, Texas Gov. @GregAbbott_TX slammed sanctuary city policies. https://t.co/5HAuXFs6C8 https://t.co/qs5wVZX9Ky",2018-08-12 01:48:13,en
2615,90651198,GregAbbott_TX,Greg Abbott,Tonight I joined the Indo-American Chamber of Commerce of Houston to talk about my recent economic development trip to India and my meeting with Prime Minister Modi. #india ⁦@narendramodi⁩ #txlege https://t.co/TrIbvFdYrx,2018-08-12 01:38:34,en
2616,90651198,GregAbbott_TX,Greg Abbott,I’m grateful to our schools like SISD for working over the supper to implement school security measures. #txlege https://t.co/3uW8H5PJqY,2018-08-11 18:30:54,en
2617,90651198,GregAbbott_TX,Greg Abbott,Thanks to the US Attorney in Massachusetts for arresting a man for soliciting murder of ICE agents on Twitter. @ICEgov #ICE https://t.co/K3DIub7Usq,2018-08-11 03:34:16,en
2618,90651198,GregAbbott_TX,Greg Abbott,"You are so right. 
There may be no force stronger than Texans united. 
We also love our military, so be sure to send my thanks to your husband for his service in the #Marines. @USMC #ProudTexan https://t.co/w1MhxR4Ts9",2018-08-11 00:36:09,en
2619,90651198,GregAbbott_TX,Greg Abbott,Thanks to the Border Patrol for arresting this dangerous criminal who repeatedly entered the country illegally. The Border Patrol &amp; ICE play an essential public safety role. Examples like this explain why Texas funds border security efforts #txlege #tcot  https://t.co/aCo6maxvjz,2018-08-10 20:07:22,en
2620,90651198,GregAbbott_TX,Greg Abbott,"RT @FoxNews: .@GregAbbott_TX: ""Sanctuary cities are banned in the state of Texas."" https://t.co/ElrINJ5T0Q",2018-08-10 19:47:26,en
2621,90651198,GregAbbott_TX,Greg Abbott,More &amp; more I think it’s time to do away with Red-Light cameras in Texas. Study Shows No Evidence Red-Light Cameras Lead To Improvements In Safety. #txlege  https://t.co/yCorQhjpSA,2018-08-10 15:27:27,en
2622,90651198,GregAbbott_TX,Greg Abbott,"RT @FoxNews: .@GregAbbott_TX: ""We have 1,000 people moving to the state of Texas every single day and the reason is because Texas is the ho…",2018-08-10 12:35:17,en
2623,90651198,GregAbbott_TX,Greg Abbott,"RT @FoxNews: .@GregAbbott_TX: ""Sanctuary cities are banned in the state of Texas."" https://t.co/ancPfc3sFO",2018-08-10 12:35:02,en
2624,90651198,GregAbbott_TX,Greg Abbott,Texas to add 100 employees at DPS 'mega centers' to end 8-hour waits for drivers. It takes too long to get a license. This will help. Also most Texans can renew online with no wait at all. #txlege ⁦@TxDPS⁩  https://t.co/0T4dujOMEa,2018-08-10 02:48:06,en
2625,90651198,GregAbbott_TX,Greg Abbott,"There’s a lot of West Texas common sense in this Editorial. 
 https://t.co/8iGCP5jAU3",2018-08-10 02:39:07,en
2626,90651198,GregAbbott_TX,Greg Abbott,Thank you for your tireless work. You will be part of BIG victories in November. @HidalgoYRs @TexasYRs @TexasGOP https://t.co/YHQ7J5ogg4,2018-08-10 01:44:29,en
2627,90651198,GregAbbott_TX,Greg Abbott,Congratulations to the Liberal Arts &amp; Science Academy in Austin on being ranked the No. 1 Public High School in Texas. #txlege  https://t.co/jURBH84x70,2018-08-09 22:43:27,en
2628,90651198,GregAbbott_TX,Greg Abbott,Texas Officials Open An Investigation About The Child Who Died After Leaving A South Texas Immigrant Detention Center. They have already investigated more than 50 allegations of abuse at detention facilities. #txlege  https://t.co/zejYERFGKS,2018-08-09 22:26:21,en
2629,90651198,GregAbbott_TX,Greg Abbott,I’m working for votes in every community and among every group in Texas. I want all Texans to be part of our exceptionalism and prosperity. #txlege #ETX  https://t.co/tRpGvVHkYv,2018-08-09 04:38:30,en
2630,90651198,GregAbbott_TX,Greg Abbott,"Today I’m in Tyler with these precious students, with teachers and community leaders, talking about how we can spread prosperity &amp; opportunity to all regions of Texas. #txlege https://t.co/oyuZDwNP75",2018-08-08 21:15:52,en
2631,90651198,GregAbbott_TX,Greg Abbott,"This tells more about my bail reform proposal to make it tougher for dangerous criminals to endanger your safety. If it had been in place, a wife would still have her husband and children would have their father. #txlege #BackTheBlue ⁦⁦@TxDPS⁩ https://t.co/gxUwznoAjb",2018-08-07 19:50:56,en
2632,90651198,GregAbbott_TX,Greg Abbott,"Today I proposed a law limiting bail for criminals who repeatedly assault law enforcement officers. A DPS officer was killed by such a criminal out of jail on $15,500 bail. #txlege #BackTheBlue https://t.co/cbN3qTtJsX",2018-08-07 16:31:16,en
2633,90651198,GregAbbott_TX,Greg Abbott,"I’m looking for another set of wheels. 
This is next  on my to do list. 
#Goals https://t.co/uAfR27upYb",2018-08-05 16:50:33,en
2634,90651198,GregAbbott_TX,Greg Abbott,Where do young Republicans start their day? At @Whataburger of course. It's the meal of champions. @DallasYR https://t.co/L6c7bpk9RR,2018-08-04 19:32:36,en
2635,90651198,GregAbbott_TX,Greg Abbott,Our grassroots team is knocking the cover off the ball. Turnout will be off the charts. Great work by the #ImWithAbbott team. #txlege https://t.co/TDE29Fmp62,2018-08-03 05:44:03,en
2636,90651198,GregAbbott_TX,Greg Abbott,Fort Worth pimp who sold girls for sex gets life in prison. #txlege #EndHumanTrafficking  https://t.co/DnKZCVCt9T,2018-08-02 20:02:21,en
2637,90651198,GregAbbott_TX,Greg Abbott,"Not kidding when I tell you we started to name our new puppy ""Honey Butter Chicken Biscuit."" After heated discussion we decided she would never know her name. So we called her Peaches. https://t.co/sI23MqQilh",2018-08-02 04:27:52,en
2638,90651198,GregAbbott_TX,Greg Abbott,@TexasHumor @Whataburger Game on!,2018-08-02 04:15:00,en
2639,90651198,GregAbbott_TX,Greg Abbott,"Been there, done that.
It slowed my roll. https://t.co/zA5M8sIkZc",2018-08-02 04:04:14,en
2640,90651198,GregAbbott_TX,Greg Abbott,"Weekdays I get the Classic Whataburger #1 with cheese, fries, extra ketchup.
On weekends it's #4 (for non-Texans, that's a jalapeño &amp; cheese Whataburger) + fries &amp; spicy ketchup.
I pay double for fried peach pies whenever they have them.
Time for late-night @Whataburger https://t.co/lu0PrG6ppW",2018-08-02 04:00:07,en
2641,90651198,GregAbbott_TX,Greg Abbott,Guacamole is one of the 7 wonders of Texas. It’s not to be diluted even with queso. FYI queso is another wonder of Texas but CAN be combined with other ingredients but only in the Bob Armstrong dip at Matt’s El Rancho. https://t.co/GB0Fk4Btjj,2018-08-01 05:19:58,en
2642,90651198,GregAbbott_TX,Greg Abbott,"There is strong support for teacher pay raises, fixing the teacher pension &amp; healthcare plans, reforming school finance &amp; eliminating the Robin Hood school finance scheme that has failed our students. We’ll get it done. I’m also a big fan of @crufootball. https://t.co/hBw59KQVaJ",2018-08-01 03:42:22,en
2643,90651198,GregAbbott_TX,Greg Abbott,Proud of @PeteFlores_TX. He’s the right Texan for the open Texas Senate seat. Join his campaign during this special election runoff.  #txlege #tcot #SD19 https://t.co/c4A2O6ZYon,2018-08-01 03:28:43,en
2644,90651198,GregAbbott_TX,Greg Abbott,"Whoa! This changes the narrative about mid-term special elections going to the Democrats. It’s different in Texas. Today, in an historically Democrat seat, Republican ⁦@PeteFlores_TX⁩ leads all Democrats in this special election. #txlege #tcot  https://t.co/REfczgvNDB",2018-08-01 03:25:00,en
2645,90651198,GregAbbott_TX,Greg Abbott,Thanks to schools in North Texas and across the state for working through the summer to make their schools safer when doors open for students in August. #txlege #SchoolSafety  https://t.co/tVmR0mfQE6,2018-08-01 03:18:51,en
2646,90651198,GregAbbott_TX,Greg Abbott,Today Cecilia &amp; I hosted the flight crew of Southwest Airlines Flight 1380 at the Governor’s Mansion. Tammie Jo Shults (to my left) was at the helm when one of the engines blew out in mid-flight. Her calm resolve &amp; courageous action by the crew saved lives. #TexasProud #txlege https://t.co/plByubgckC,2018-08-01 02:53:43,en
2647,90651198,GregAbbott_TX,Greg Abbott,"Not only are there more jobs than ever before, now there’s evidence that pay is increasing too. Worker pay “rose to a nearly 10-year high in the second quarter.” #txlege #Jobs #economy  https://t.co/WSfLyZoBnc",2018-07-31 21:22:30,en
2648,90651198,GregAbbott_TX,Greg Abbott,Thank you East Texas! https://t.co/7jDif7pOb5,2018-07-31 04:01:25,en
2649,90651198,GregAbbott_TX,Greg Abbott,A special thanks to all the local &amp; state First Responders &amp; authorities working around the clock to contain this fire &amp; keep Texans safe. Pray for those in the path of this dangerous fire. #txlege  https://t.co/vL0mDfzLvR,2018-07-30 02:55:52,en
2650,90651198,GregAbbott_TX,Greg Abbott,Today I joined in celebrating the 150th anniversary of the First Baptist Church of Dallas. It’s a remarkable testament to faith &amp; commitment. ⁦@robertjeffress⁩ ⁦@firstdallas⁩  https://t.co/h2D7ZaYkR3,2018-07-30 02:30:29,en
2651,90651198,GregAbbott_TX,Greg Abbott,There’s an election THIS Tuesday for a Texas Senate seat in the San Antonio area. Be sure to vote for Pete Flores. He will work to keep Texas the best state in America. @PeteFlores_TX #txlege #TXSen #SD19  https://t.co/2bbObwIOA0,2018-07-29 23:06:39,en
2652,90651198,GregAbbott_TX,Greg Abbott,"A Texas Legend has been lost. 
We are forever grateful for all Frank Denius did for our nation and the University of Texas. @UTAustin #HookEm https://t.co/gvZD4kX9Ox",2018-07-29 22:06:32,en
2653,90651198,GregAbbott_TX,Greg Abbott,Have a blessed Sunday. https://t.co/EIaOePCuRW,2018-07-29 15:23:39,en
2654,90651198,GregAbbott_TX,Greg Abbott,"#TRUTH
Don't mess with @TexasPancake https://t.co/ZGkRZFEwRV",2018-07-29 04:07:33,en
2655,90651198,GregAbbott_TX,Greg Abbott,"To all the up and coming Socialists running for office these days: Venezuela’s inflation will hit 1 million percent. Thanks, socialism. #txlege #tcot #PJNET  https://t.co/re2d3YbULk",2018-07-29 02:41:47,en
2656,90651198,GregAbbott_TX,Greg Abbott,The State of Texas has provided the La Feria police with rifle-resistant vests to better protect them in the line of duty. #RGV #BackTheBlue #txlege  https://t.co/Hl6Zr8dhT4,2018-07-28 03:51:41,en
2657,90651198,GregAbbott_TX,Greg Abbott,I promised the Rio Grande Valley that as Governor I would keep Texas connected to the RGV. I continue to make appointments like this to give the RGV a voice in shaping the future of Texas. #RGV #txlege https://t.co/tfcdeC3HNN,2018-07-28 03:41:21,en
2658,90651198,GregAbbott_TX,Greg Abbott,Governor appoints McAllen Chamber’s Blanca Cardenas to board. https://t.co/YRHgZCNNJG,2018-07-28 03:37:54,en
2659,90651198,GregAbbott_TX,Greg Abbott,More allegations of voter fraud surface that may have altered the outcome of an election. Texas will relentlessly investigate &amp; prosecute cheating &amp; illegal voting. #txlege  #VoterFraud #tcot  https://t.co/TdU4l2riID,2018-07-27 17:12:07,en
2660,90651198,GregAbbott_TX,Greg Abbott,Today I received the endorsement of the largest law enforcement organization in Texas. I will continue to work with our peace officers to keep Texans safe. ⁦@CLEAT⁩ #txlege #Police #BackTheBlue  https://t.co/t8xWGRsLW8,2018-07-27 15:55:11,en
2661,90651198,GregAbbott_TX,Greg Abbott,"This is a great team effort helping candidates up and down the ballot. 
Together we will keep Texas the greatest state in America. 
Thanks for being part of #ImWithAbbott. https://t.co/ED3W7YQ0HU",2018-07-27 06:04:07,en
2662,90651198,GregAbbott_TX,Greg Abbott,Great job by Collin County Officials getting child predators off the street: 3 plead guilty to child-porn charges in Collin County. #txlege  https://t.co/cnepJZBhw7,2018-07-27 00:28:24,en
2663,90651198,GregAbbott_TX,Greg Abbott,Our universities continue to excel. Congrats to UT Dallas on achieving Tier One research university status. #txlege https://t.co/AQamUPO9LP,2018-07-25 20:50:44,en
2664,90651198,GregAbbott_TX,Greg Abbott,"RT @michelleingridg: 105 days till Election day, want to be part of the largest grassroots in Texas history, join now #ImwithAbbott team...…",2018-07-25 02:37:01,en
2665,90651198,GregAbbott_TX,Greg Abbott,RT @BullDogsMusick: I'm attending the largest High School leadership conference and homesick for Texas when I saw the support for our Texas…,2018-07-25 02:09:00,en
2666,90651198,GregAbbott_TX,Greg Abbott,"Austin Gang Member On Most Wanted Fugitives List Arrested In Mexico, DPS Says. We are serious about arresting &amp; prosecuting treacherous gang members, even if it means tracking them down in other countries. #txlege #tcot #PJNET ⁦@TxDPS⁩  https://t.co/Y7t5Gs9jDx",2018-07-25 01:36:59,en
2667,90651198,GregAbbott_TX,Greg Abbott,Three Members Of MS-13 Gang Arrested Near Texas Border. I’m the only candidate for Governor with the strategies and commitment to crack down on MS-13 and keep Texas safe. #txlege #tcot #PJNET #TxGov  https://t.co/Gu0nhhSDAf,2018-07-24 18:48:12,en
2668,90651198,GregAbbott_TX,Greg Abbott,"FREE NEMO. 
#FreeNemo https://t.co/JZHbfYN2vg",2018-07-24 05:08:28,en
2669,90651198,GregAbbott_TX,Greg Abbott,"Texas Hits 24 Consecutive Months Of Job Growth. Over the past year alone we added more than 350,000 new jobs. #txlege #Jobs #economy  https://t.co/YlhosrRO61",2018-07-23 19:23:36,en
2670,90651198,GregAbbott_TX,Greg Abbott,Last night we honored heroes of #HurricaneHarvey including 1st Responders &amp; a 16 year old girl who waded through  miles of flooded waters so she could help flood victims forced into a shelter. Texas is  blessed with people of great resilience. #txlege  https://t.co/7Se45ji2oB,2018-07-20 19:56:24,en
2671,90651198,GregAbbott_TX,Greg Abbott,"The Texas economy added 27,200 new jobs in June, which marked 24 consecutive months of employment growth. Over the past year, Texas added 359,500 new jobs. Texas is the best state in America for business. #txlege #Jobs #business  https://t.co/lnyETQuFWw",2018-07-20 15:58:46,en
2672,90651198,GregAbbott_TX,Greg Abbott,$3.9 Billion Air Force One Planes Will Be Built In San Antonio. More work coming to Texas. #txlege #Jobs  https://t.co/jIGoq7bjHL,2018-07-20 15:04:25,en
2673,90651198,GregAbbott_TX,Greg Abbott,"My long time legal advisor Andy Oldham was just confirmed to the Federal Court of Appeals, 5th Circuit. He’s a strict constitutionalist cut from the same conservative mold as @SCOTUS Justice Alito for whom he clerked. Check out this bio. #txlege #tcot  https://t.co/3m0JRbkdi4",2018-07-18 19:42:08,en
2674,90651198,GregAbbott_TX,Greg Abbott,Crime Stoppers of Houston will provide statewide training to improve school safety. #txlege #schoolsafety https://t.co/I2wskjbr4Z,2018-07-18 18:51:05,en
2675,90651198,GregAbbott_TX,Greg Abbott,Next year Texas Will pass Iraq and Iran as World's No. 3 Oil Powerhouse. #txlege #Oil #energy  https://t.co/WC502zQtV6,2018-07-17 19:53:52,en
2676,90651198,GregAbbott_TX,Greg Abbott,Crack downs like this on the treacherous MS-13 Gang will continue until they are run out of Texas. #txlege #tcot https://t.co/aBWvg4U1oJ,2018-07-17 17:34:05,en
2677,90651198,GregAbbott_TX,Greg Abbott,"I have to admit, this dog made my day. https://t.co/3SnNff3JuN",2018-07-17 03:34:03,en
2678,90651198,GregAbbott_TX,Greg Abbott,It was an honor to spend time with the Fort Bend Co. Sheriff @SheriffTNehls. They are doing a great job on law and order. #txlege https://t.co/KPteuf0ZEL,2018-07-17 02:20:07,en
2679,90651198,GregAbbott_TX,Greg Abbott,"As Trump meets with Putin, he’s probably telling him “Don’t Mess with Texas, they’re bigger than you”. #txlege #tcot #PJNET ⁦@FoxNews⁩ https://t.co/gcLry7wHaF",2018-07-16 14:42:38,en
2680,90651198,GregAbbott_TX,Greg Abbott,"The Texas economy is sizzling. We’re adding hundreds of thousands of jobs, wages are rising, and we have a $1.7 trillion economy per year. This is due to the hard work and exceptional entrepreneurship of Texans. #txlege #economy #Jobs  https://t.co/Ba30V94gW4",2018-07-16 14:36:51,en
2681,90651198,GregAbbott_TX,Greg Abbott,"Check out the map below. Our campaign team is knocking the ball out of the park, connecting with voters in Houston &amp; across the state. #txlege @TexasGOP https://t.co/5jOEogiV7c",2018-07-14 20:35:03,en
2682,90651198,GregAbbott_TX,Greg Abbott,On this day 34 years ago my back was broken &amp; I was paralyzed forever. My life seemed crushed. Little did I know that I would one day be Governor of the greatest state in America. It just shows that anything is possible in Texas. Never let your challenges stop you. https://t.co/qs2bgW7AEZ,2018-07-14 19:16:48,en
2683,90651198,GregAbbott_TX,Greg Abbott,Great to meet the band with Hayden McBride Music. A talented up and coming band in North East Texas. https://t.co/hpeW7b1gvh,2018-07-14 16:17:45,en
2684,90651198,GregAbbott_TX,Greg Abbott,Port of Corpus Christi breaks records in shipping tonnage. Get used to headlines like this. I think Corpus Christi is in the early stages of a long term boom. It will be an increasingly important part of keeping Texas the No. 1 state for business. #txlege https://t.co/JsXb6rmMJh,2018-07-14 16:06:17,en
2685,90651198,GregAbbott_TX,Greg Abbott,Our team is working the neighborhoods of Houston today adding more supporters to the #ImWithAbbott team. Together we will keep Texas the greatest state in America. #txlege #TxGov https://t.co/I86lqvyQdd,2018-07-14 15:53:17,en
2686,90651198,GregAbbott_TX,Greg Abbott,Yesterday I spoke at the 100th annual convention of the American Legion Dept. of Texas. I reminded them the gratitude Texans have for their service &amp; the proposals I’ve announced to improve healthcare &amp; job opportunities for veterans. #txlege #Veterans  https://t.co/f3IyaXXWvG,2018-07-14 15:24:22,en
2687,90651198,GregAbbott_TX,Greg Abbott,8 MS-13 Gang Members In US Illegally Indicted In Texas. Some are connected to machete attacks. #txlege #tcot #PJNET  https://t.co/joDOikywq6,2018-07-13 19:23:06,en
2688,90651198,GregAbbott_TX,Greg Abbott,San Antonio Is Enjoying The Country's Largest Population Boom -- And Business Is A Big Reason Why. #txlege #business #Jobs  https://t.co/7BA9yjiNp7,2018-07-13 17:12:10,en
2689,90651198,GregAbbott_TX,Greg Abbott,"Thanks to the best grassroots team in Texas. 
Working—and growing—everyday to keep Texas the most exceptional state in America. They work with thousands of supporters who knock on doors to identify and turnout voters. #txlege #ImWithAbbott #tcot https://t.co/Gz924JvL8v",2018-07-13 04:52:20,en
2690,90651198,GregAbbott_TX,Greg Abbott,To honor the late Justice of the Peace Bobby Balderas I’ve authorized Texas flags may be lowered to half-staff. https://t.co/10jU0wYiHi,2018-07-13 03:22:34,en
2691,90651198,GregAbbott_TX,Greg Abbott,I found this mighty fine vehicle today. It comes with a catchy name. https://t.co/wvcxHKmkq6,2018-07-13 02:17:00,en
2692,90651198,GregAbbott_TX,Greg Abbott,"RT @ppisters: Excellent meeting today with Texas Governor @GregAbbott_TX -  discussing healthcare, evolution of @MDAndersonNews, cancer res…",2018-07-12 05:00:48,en
2693,90651198,GregAbbott_TX,Greg Abbott,Here’s why Texas is the top state in America for business. And we’re just getting started. #txlege #jobs #business https://t.co/6dBYb4Utdf,2018-07-12 03:04:35,en
2694,90651198,GregAbbott_TX,Greg Abbott,Voter fraud investigation deepens in Dallas County. Texas won’t tolerate cheating at the ballot box. Stiff penalties will be imposed whenever possible. #txlege #VoteFraud #tcot #PJNET  https://t.co/cQgentpLtP,2018-07-11 17:14:13,en
2695,90651198,GregAbbott_TX,Greg Abbott,Texas is leading the way in medical advancements. Texas Scientists make big break-through in Alzheimer's Study. https://t.co/1z2LrV90e4,2018-07-11 16:50:02,en
2696,90651198,GregAbbott_TX,Greg Abbott,Congratulations to @ColtMcCoy on a new family addition. Hopefully @CoachTomHerman has already offered a scholarship. #HookEm https://t.co/KJvrWd6OEP,2018-07-11 05:35:58,en
2697,90651198,GregAbbott_TX,Greg Abbott,Thanks for your hard work. Young Republicans like you are ensuring Texas remains the No. 1 state in America. @TexasGOP #txlege #ImWithAbbott https://t.co/9Vs5cNZ5bq,2018-07-10 22:30:15,en
2698,90651198,GregAbbott_TX,Greg Abbott,Thanks Michael for your vision and business genius for helping to propel Texas to its top ranking for business. @MichaelDell #txlege https://t.co/I2Wp9RB6cw,2018-07-10 15:58:54,en
2699,90651198,GregAbbott_TX,Greg Abbott,Texas is the Top State for Business in America this year. Now we are working on ways to make it even better. #txlege #Jobs #business #economy  https://t.co/bvEYYmo5ua,2018-07-10 15:41:59,en
2700,90651198,GregAbbott_TX,Greg Abbott,Corpus Christi Helps Texas Rank No. 1 For Business By CNBC.  #txlege #business #Jobs  https://t.co/gWgbXOWzVY,2018-07-10 15:16:04,en
2701,90651198,GregAbbott_TX,Greg Abbott,Holy cow. The wife of #SCOTUS nominee Kavanaugh is a Texan. He’s a man of solid judgment. https://t.co/Nvjn4asqyH,2018-07-10 01:19:05,en
2702,90651198,GregAbbott_TX,Greg Abbott,#SCOTUS nominee Kavanaugh gets prolonged &amp; robust applause from Senators on his announcement. This bodes well for the strength of support he should get for confirmation. Kavanaugh brings substantial credentials to @Scotus. @SCOTUSblog #tcot https://t.co/AGyDo6GsY6,2018-07-10 01:12:52,en
2703,90651198,GregAbbott_TX,Greg Abbott,Congratulations to Michael Cloud being sworn in as a new member of Congress for the 27th District in Texas. ⁦@MichaelJCloud⁩ ⁦@TexasGOP⁩ #txlege  https://t.co/G1oX2Fv1D6,2018-07-09 16:59:11,en
2704,90651198,GregAbbott_TX,Greg Abbott,Thanks to the person who gave this to me. Everyone has Hope through God. https://t.co/HF4ZlLUAum,2018-07-09 04:08:54,en
2705,90651198,GregAbbott_TX,Greg Abbott,That’s where I went to high school. Thanks for getting out the vote in my home town. @DallasGOP https://t.co/n9rSxSGGta,2018-07-07 03:28:48,en
2706,90651198,GregAbbott_TX,Greg Abbott,Thanks to the federal government for their response to the needs of the #RGV by granting my request for assistance. We will continue to help local communities respond to the heavy flood they sustained. #txlege https://t.co/ONpnfuHgx1,2018-07-06 23:54:02,en
2707,90651198,GregAbbott_TX,Greg Abbott,Texas tops the list of best states for businesses. We will keep Texas the premiere state in America. #txlege #jobs #economy #business  https://t.co/hO2TJ9zrxg,2018-07-06 18:59:33,en
2708,90651198,GregAbbott_TX,Greg Abbott,This despicable act of gas stations price gouging panicking #HurricaneHarvey victims is rightly punished. It’s in-Texan. #txlege  https://t.co/kzZMF914dV,2018-07-06 17:14:52,en
2709,90651198,GregAbbott_TX,Greg Abbott,Houston &amp; Texas just got $5 Billion MORE from the federal government for #HurricaneHarvey recovery projects. These projects will reduce future flooding in and around the Houston area. They are listed in the linked story. ⁦@USACEHQ⁩ #txlege  https://t.co/CIsIx51M91,2018-07-05 23:16:06,en
2710,90651198,GregAbbott_TX,Greg Abbott,The State of Texas has offered Houston and Harris County any and all assistance from the State to help respond to the flooding today. In the meantime remember to save your own life by turning around and don’t drown. #houwx #txlege https://t.co/dDrmRqTrqI,2018-07-04 17:32:52,en
2711,90651198,GregAbbott_TX,Greg Abbott,Happy #4thofJuly. We are grateful our Founders had the fortitude to declare our independence and for the generations of Americans who understood the necessity to fight for freedom. May America forever remain free. #HappyIndependenceDay. #txlege #tcot https://t.co/fPkOjXIWMs,2018-07-04 16:52:24,en
2712,90651198,GregAbbott_TX,Greg Abbott,Have a blessed Sunday. https://t.co/EhokiTQXvI,2018-07-01 18:14:25,en
2713,90651198,GregAbbott_TX,Greg Abbott,"Congratulations to CONGRESSMAN Michael Cloud on winning the special election for Congressional District 27, beating a field of candidates without a runoff. #CD27 now has representation to help respond to #HurricaneHarvey. #txlege @MichaelJCloud⁩  https://t.co/1SmaEOmsEe",2018-07-01 01:50:57,en
2714,90651198,GregAbbott_TX,Greg Abbott,The alarming rate of suicide attempts by Texas high school students underscores the need to expand mental health counselors in our schools. A service that will also reduce potential gun violence. #txlege  https://t.co/zjNA1vbZ2U,2018-07-01 00:43:55,en
2715,90651198,GregAbbott_TX,Greg Abbott,This is a good effort by the City if Frisco to cut property taxes. We look forward to visiting with Mayor Jeff Cheney to see if it can be used across Texas. ⁦@CityOfFriscoTx⁩ ⁦@JeffCheney⁩ #txlege #TaxCuts  https://t.co/bPymCjytki,2018-07-01 00:34:52,en
2716,90651198,GregAbbott_TX,Greg Abbott,"Interest in program for armed teachers and employees exploding in Texas. 
The number of 'school marshals' could quadruple by next school year. #txlege #tcot  https://t.co/ur5ohjy8wa",2018-06-30 20:29:20,en
2717,90651198,GregAbbott_TX,Greg Abbott,RT @AbbottCampaign: The campaign urgently needs your help in our final push before our June 30th reporting deadline --- these next few days…,2018-06-30 17:01:12,en
2718,90651198,GregAbbott_TX,Greg Abbott,"This is Texas. 
We are patriotic.
Texas city to fly 40,000 American flags, one at every home, on 4th of July. #tcot  https://t.co/elnQa4tmH5",2018-06-30 06:11:33,en
2719,90651198,GregAbbott_TX,Greg Abbott,First it was Obama. Now it’s Eric Holder messing with Texas elections. He’s offering political &amp; financial support to mobilize voters. They are targeting Republicans in the state Legislature &amp; in some state executive positions. #txlege #tcot #PJNET  https://t.co/M1Mhbuq7hh,2018-06-28 18:38:19,en
2720,90651198,GregAbbott_TX,Greg Abbott,Republican Women are energized about this election. Their voice is essential. Their energy is making a difference. Join them in expanding our grassroots ground game to KEEP Texas the greatest state. #txlege @TexasGOP @TFRW #ImWithAbbott https://t.co/n2PGR66HQ0,2018-06-28 17:10:28,en
2721,90651198,GregAbbott_TX,Greg Abbott,This mental health program is a key part of school safety in Texas. It provides students with mental health treatment they need. It also serves as a threat assessment tool that can prevent school violence. It’s used only with parental approval. #txlege  https://t.co/3hFnkvOsrK,2018-06-28 02:10:58,en
2722,90651198,GregAbbott_TX,Greg Abbott,"Selecting the next #SCOTUS Justice is a monumental moment in modern constitutional history. We need a brilliant, conservative Justice devoted to the Constitution. I agree with @SenTedCruz that @SenMikeLee would be a superb selection &amp; should be swiftly confirmed. #TCOT #txlege https://t.co/bB3ec0WC4F",2018-06-28 00:51:22,en
2723,90651198,GregAbbott_TX,Greg Abbott,More voter fraud exposed in Texas. A Judge overturned the results of an election because illegal votes were cast. We will continue advancing laws that stop cheating and illegal voting at the ballot box. #txlege #tcot #PJNET  https://t.co/YtqZ8J0ecH,2018-06-27 16:52:31,en
2724,90651198,GregAbbott_TX,Greg Abbott,Houston: City has 'more brothels than Starbucks.' My crack-down on Human Trafficking will end this. Check out my Public Safety Policy Proposal at https://t.co/nIJDFtj0fw. #txlege #HumanTrafficking  https://t.co/N1lWY5eLn5,2018-06-27 03:10:20,en
2725,90651198,GregAbbott_TX,Greg Abbott,Thanks for your hard work and for your commitment to values like protecting innocent life. https://t.co/BBEVTXYGpj,2018-06-27 01:13:03,en
2726,90651198,GregAbbott_TX,Greg Abbott,Thanks to all First Responders helping with this emergency. Prayers to all harmed by it. 🙏 #txlege  https://t.co/pAFQpxgzPj,2018-06-26 21:45:21,en
2727,90651198,GregAbbott_TX,Greg Abbott,"Today in the #RGV I requested a federal disaster declaration for the recent severe weather and flooding in the Rio Grande Valley.  https://t.co/RwRg3GyinC 
#txlege https://t.co/nLXEVHps2G",2018-06-26 17:25:37,en
2728,90651198,GregAbbott_TX,Greg Abbott,"Thanks for the grassroots effort. 
Together we will make sure we #KeepTexasRed. @TexasGOP https://t.co/6A0y53OwjQ",2018-06-26 13:13:49,en
2729,90651198,GregAbbott_TX,Greg Abbott,BIG NEWS: $5 Billion more is on the way to Texas to rebuild from #HurricaneHarvey. #txlege https://t.co/4Eq7oMDEQD,2018-06-26 03:39:54,en
2730,90651198,GregAbbott_TX,Greg Abbott,"I love &amp; support our Veterans.
#Veterans #Military https://t.co/YI6IvVXoZ6",2018-06-26 00:48:45,en
2731,90651198,GregAbbott_TX,Greg Abbott,More Mosquito Sprayers Ordered for the Rio Grande Valley after flooding. We want to reduce Zika risk. #RGV #txlege https://t.co/Qrk2rgwuJy,2018-06-26 00:47:38,en
2732,90651198,GregAbbott_TX,Greg Abbott,"From SCOTUS: “The attorney general [Greg Abbott] advised the Legislature that the best way to do this was to adopt the interim, court-issued plans. . . . On its face, this explanation of the Legislature’s intent is entirely reasonable and certainly legitimate.” #txlege https://t.co/nIhLagl1ZG",2018-06-25 19:49:54,en
2733,90651198,GregAbbott_TX,Greg Abbott,"I agree with you 110%. 
I wish you’d read the plan before commenting. It specifically requires full due process before anyone’s right can be compromised. Moreover I don’t advocate red flag laws. Only that it is something the legislature can consider. #txlege #2A https://t.co/PhdUyU55Hf",2018-06-25 17:41:09,en
2734,90651198,GregAbbott_TX,Greg Abbott,Contrary to Democrats repeated claims to contrary the Supreme Court rules Texas lawmakers did not intentionally discriminate in drawing political maps. Our legislative maps are legal. Democrats lost their redistricting &amp; Voter ID claims. #txlege #tcot  https://t.co/1HoeCmHpe9,2018-06-25 15:14:30,en
2735,90651198,GregAbbott_TX,Greg Abbott,"The reason I pushed for &amp; signed open carry &amp; campus carry wasn’t for hunting or sport, it was to ensure Texans can DEFEND themselves. I will never sign a law that limits self defense. My school safety plan can make schools safer w/o infringing #2A rights. #txlege #tcot #guns https://t.co/S9VVQcaVXq",2018-06-25 14:41:14,en
2736,90651198,GregAbbott_TX,Greg Abbott,Democrat candidate for Governor thinks YOU should should pay property taxes on time. But NOT her. She loaned her campaign the amount she owed in property taxes. ⁦@LupeValdez⁩ put personal politics above her duty to pay her taxes. ⁦#txlege #tcot  https://t.co/OrSTfKCk15,2018-06-25 03:41:56,en
2737,90651198,GregAbbott_TX,Greg Abbott,"I’m helping Weslaco Mayor David Suarez, McAllen Mayor Jim Darling, Senators Lucio &amp; Hinojosa &amp; Reps Longoria &amp; Martinez respond to South Texas floods @davids7204⁩ ⁦@mayordarling⁩ ⁦@SenatorLucio⁩ @TxChuy @RepLongoria ⁦@andoconmando39⁩  https://t.co/6F8gb3puAi",2018-06-25 02:05:11,en
2738,90651198,GregAbbott_TX,Greg Abbott,"Some fond memories there. 
Nothing beats Daddy Daughter hunting trips. #2A https://t.co/ffCiP83Ra5",2018-06-25 01:10:41,en
2739,90651198,GregAbbott_TX,Greg Abbott,"I not only support this principle, I fought for it &amp; won in the Heller &amp; McDonald cases when I led state coalitions protecting the INDIVIDUAL right to keep &amp; bear arms. You can be sure that even in my school safety plan I will not allow 2nd A rights to be infringed #txlege #tcot https://t.co/nB0eXe9ZUS",2018-06-24 23:07:58,en
2740,90651198,GregAbbott_TX,Greg Abbott,"RT @bellevuepastor: ⁦Governor of Texas, @GregAbbott_TX⁩ loves the Lord. Gave a greeting this year at the SBC annual mtg in Dallas. Great gu…",2018-06-24 21:14:20,en
2741,90651198,GregAbbott_TX,Greg Abbott,"Because of Texas, America is now energy independent.
Because of TEXAS, we will NEVER AGAIN depend on Foreign Oil Cartels for energy.
#txlege #oilandgas #Jobs #energy https://t.co/gmf8uZkduz",2018-06-24 19:30:47,en
2742,90651198,GregAbbott_TX,Greg Abbott,A leading oil &amp; gas market report projected that the Permian Basin in West Texas is “on track to become the world’s largest oil field by 2023.” Everything is bigger in Texas. #txlege #oilandgas #Jobs #energy  https://t.co/q7dAPXYJAH,2018-06-24 16:49:24,en
2743,90651198,GregAbbott_TX,Greg Abbott,Our veterans need &amp; deserve better mental healthcare. I announced strategies to address that. Go to https://t.co/nIJDFtj0fw and click on the green square titled Front of the Line for our veterans to learn more. #txlege #Veterans #Military #healthcare  https://t.co/PYmD7x7NZK,2018-06-24 16:02:36,en
2744,90651198,GregAbbott_TX,Greg Abbott,This is the latest step in making San Antonio the national leader in cyber security. #txlege #CyberWeek2018 #cybersecurity  https://t.co/DueAQTPguH,2018-06-22 15:53:41,en
2745,90651198,GregAbbott_TX,Greg Abbott,RT @mayordarling: My heart goes out to everyone affected by the heavy downpour over the last few days. @GregAbbott_TX has declared a state…,2018-06-22 02:38:40,en
2746,90651198,GregAbbott_TX,Greg Abbott,Sex slavery like this must end. I’m the only candidate for Texas Governor with a plan to stop this sex slavery in Dallas &amp; Texas. Go to https://t.co/nIJDFtj0fw &amp; click on the red box titled Public Safety Policy Proposal. #txlege #HumanTrafficking #tx2018  https://t.co/6gUjNA3zJz,2018-06-22 01:58:32,en
2747,90651198,GregAbbott_TX,Greg Abbott,I’ve issued a disaster declaration for several counties in South Texas &amp; the #RGV due to extreme flooding. We will provide all assistance needed to respond to this disaster. #txlege  https://t.co/N96kRHwEDl,2018-06-21 21:05:54,en
2748,90651198,GregAbbott_TX,Greg Abbott,The United States Constitution became the law of the land on this day 230 years ago. May the United States forever remain a Nation of laws.  #WeThePeople #txlege #tcot https://t.co/8G6Tfvuzwt,2018-06-21 19:22:25,en
2749,90651198,GregAbbott_TX,Greg Abbott,Thanks to ⁦@SecretaryRoss⁩ and the U.S. Department of Commerce for awarding Texas $13 Million in Fishery Disaster Funds For Harvey Recovery. #txlege #HurricaneHarvey  https://t.co/ZSqW4dkJve,2018-06-20 22:30:51,en
2750,90651198,GregAbbott_TX,Greg Abbott,Voter fraud in Texas will get you jail time. Bogus voter gets 180 days in Dallas jail for forging mail-in ballot. We are serious about stopping illegal voting in Texas. #txlege #tcot #PJNET  https://t.co/fnrspZUQfT,2018-06-20 22:00:09,en
2751,90651198,GregAbbott_TX,Greg Abbott,Texas has led the nation in new job creation for the last month &amp; the last year.  #txlege #jobs #economy  https://t.co/NF9YcO78Ns,2018-06-20 18:50:20,en
2752,90651198,GregAbbott_TX,Greg Abbott,I’m proud to appoint Tijerina To Fill Vacancy In 93rd District Court in the #RGV. He do do a fabulous job of fairly applying the law.  https://t.co/MeFpABswOd,2018-06-19 18:45:36,en
2753,90651198,GregAbbott_TX,Greg Abbott,As storms are striking Texas the State Operations Center is elevating its readiness to assist local areas as needed. Our top priority is the safety of Texans &amp; I encourage everyone in the affected areas to stay safe &amp; heed warnings from local officials.  https://t.co/WcDwQquxhD,2018-06-19 17:59:02,en
2754,90651198,GregAbbott_TX,Greg Abbott,Cecilia &amp; I were honored to host the King &amp; Queen of Spain to celebrate San Antonio’s 300th Anniversary. #txlege https://t.co/MkB1fVAPSo,2018-06-19 04:24:09,en
2755,90651198,GregAbbott_TX,Greg Abbott,Election Fraud allegations surface in D-FW area congressional race. We want tougher penalties for election cheating. https://t.co/IkdwI6ropS,2018-06-19 03:33:29,en
2756,90651198,GregAbbott_TX,Greg Abbott,Great news. Record speed for this #HurricaneHarvey rebuilding project by the Army Corps of  Engineers. This will reduce the threat of flooding for residents in and near Kingwood. #txlege  https://t.co/xezG6Wzrvn,2018-06-18 23:52:08,en
2757,90651198,GregAbbott_TX,Greg Abbott,"To all the dads who raise their children with love and support, happy Father’s Day. No role is more important than fathers playing an active role in their child’s life. #HappyFathersDay https://t.co/HCsb2GcU7w",2018-06-17 21:46:45,en
2758,90651198,GregAbbott_TX,Greg Abbott,"The new First Puppy of Texas has a name - Peaches. Named by my daughter. Follow her at @PeachesTexas for the latest tails of her and ⁦her sister ⁦@TexasPancake⁩. 
#txlege https://t.co/mNVw6wAEQQ",2018-06-17 01:31:33,en
2759,90651198,GregAbbott_TX,Greg Abbott,Our grassroots team works hard in the Texas heat. They also party hard.  We gave them BBQ + music by the Spazmatics to kick off the Abbott University Tailgate and to thank them for all they do to #KeepTexasRed  #rptcon18 #imwithabbott ⁦@TexasGOP⁩ #tx2018 https://t.co/kx9xS98k8l,2018-06-16 16:56:43,en
2760,90651198,GregAbbott_TX,Greg Abbott,RT @CountyLineBBQSA: Our catering team is all set up for Governor Greg Abbott to host a party in La Villita!  We are very honored to be her…,2018-06-15 22:37:49,en
2761,90651198,GregAbbott_TX,Greg Abbott,Thanks to our Republican Party County Chairs for attending lunch today to discuss how we can work together for even BIGGER wins in your counties. Thanks for your service to the party. @TexasGOP #txlege #tx2018 https://t.co/b0FNunZAKp,2018-06-15 18:28:14,en
2762,90651198,GregAbbott_TX,Greg Abbott,Thanks for joining us this evening for a very special Flag Day celebration where we honored the freedom our flag stands for and we honored our veterans who fought for that freedom. #FlagDay #Veterans #Military #txlege https://t.co/WXJAGk11lf,2018-06-15 04:50:23,en
2763,90651198,GregAbbott_TX,Greg Abbott,Today we celebrate Flag Day. The U.S. Flag is an enduring symbol of freedom &amp; serves as a reminder of the men and women who sacrificed so much for our country. God Bless America #FlagDay #txlege https://t.co/0jB6SJNBIy,2018-06-14 17:45:54,en
2764,90651198,GregAbbott_TX,Greg Abbott,Focusing on mental health issues is one of the best strategies to reduce threats of school violence. It also improves student behavior and outcomes. #txlege #mentalhealth  https://t.co/cyvBEXXVd1,2018-06-14 14:46:50,en
2765,90651198,GregAbbott_TX,Greg Abbott,This funding to boost our ports plus a half billion dollars in additional funding for Texas water-ways will make our state more flood resilient and make our economy even stronger. #txlege #economy  https://t.co/hhb71Tnrb6,2018-06-13 21:31:25,en
2766,90651198,GregAbbott_TX,Greg Abbott,Barack Obama is messing with Texas elections. His network is taking aim at Texas’ hottest congressional races. We will send a message that Texas values are not up for grabs &amp; we will #KeepTexasRed.  #txlege #tcot #PJNET  https://t.co/LZSZau621g,2018-06-13 21:08:50,en
2767,90651198,GregAbbott_TX,Greg Abbott,First Lady Cecilia Abbott addresses first annual Texas Women Veterans Day Celebration. We are so proud of all women who have served. #WomenVeteransDay #Veterans  #Military ⁦@TexasFLCA⁩  https://t.co/OfF3JHKwN5,2018-06-13 04:27:21,en
2768,90651198,GregAbbott_TX,Greg Abbott,Well deserved. https://t.co/9NZatpfYzo,2018-06-12 21:04:33,en
2769,90651198,GregAbbott_TX,Greg Abbott,I will be using the Texas Enterprise Fund to hire more military veterans in Texas. It’s one of many strategies we are using to provide our veterans with the economic opportunity they have earned. #txlege #Veterans #Military #Jobs  https://t.co/4Iy4nl8H7j,2018-06-12 18:39:17,en
2770,90651198,GregAbbott_TX,Greg Abbott,"RT @ShannonBream: Welp, found tonight’s top story. Congrats! #puppylove @TexasPancake @GregAbbott_TX https://t.co/MHTCfk7u9m",2018-06-12 17:31:42,en
2771,90651198,GregAbbott_TX,Greg Abbott,https://t.co/dstYM4FraY,2018-06-12 16:48:57,und
2772,90651198,GregAbbott_TX,Greg Abbott,We have a new First Puppy of Texas at the Governors Mansion. ⁦@TexasPancake⁩ has a little sister. Name coming later. #txlege https://t.co/gvAAV7DX68,2018-06-12 16:48:05,en
2773,90651198,GregAbbott_TX,Greg Abbott,Big news coming from the Governor’s Mansion today. Stay tuned.,2018-06-12 16:03:14,en
2774,90651198,GregAbbott_TX,Greg Abbott,Join me in wishing George HW Bush a wonderful 94th birthday today! Texas sends its best to our 41st president. #txlege https://t.co/r94AxJItGK,2018-06-12 13:29:52,en
2775,90651198,GregAbbott_TX,Greg Abbott,Congratulations to Texas Tech Baseball for earning a trip to the College World Series. Proud of the Red Raiders. @TTU_Baseball @TexasTech #WreckEm #GunsUp https://t.co/ipHDYXkEW0,2018-06-12 04:19:09,en
2776,90651198,GregAbbott_TX,Greg Abbott,Congratulations to my alma mater &amp; to Coach Pierce on advancing to the College World Series. #HookEm @TexasBaseball @DP5hookem @UTAustin https://t.co/LVP54Rfnh6,2018-06-12 02:38:59,en
2777,90651198,GregAbbott_TX,Greg Abbott,This Supreme Court ruling allows states to remove dead people from voter registration. During the Voter ID law hearings in Texas there was information about votes cast for dead people. This law is one way to end such illegal voting. #txlege #tcot #PJNET  https://t.co/Rd3UC6y7lf,2018-06-12 02:30:17,en
2778,90651198,GregAbbott_TX,Greg Abbott,"23 arrested, indicted on child sex charges in San Antonio. One assaulted a 7 year old. Time for Texas justice #tcot https://t.co/V05ptO9HYd",2018-06-11 23:15:17,en
2779,90651198,GregAbbott_TX,Greg Abbott,"@Audrey3380 I used to run that race. 
Never seen anything like that.",2018-06-11 21:59:23,en
2780,90651198,GregAbbott_TX,Greg Abbott,Texas has won the Gold Shovel Award for new job growth and business investments. It recognizes states for job creation &amp; investment through business-friendly policies &amp; improvements in infrastructure that attract new employers. #txlege #jobs #economy  https://t.co/rWhoFY8hFB,2018-06-11 21:48:53,en
2781,90651198,GregAbbott_TX,Greg Abbott,The Texas Dept. Of Public Safety has now launched an app  so you can report threats related to crime &amp; school safety. Your information is essential. We all have a roll to play to keep our communities &amp; schools safe. #txlege #SchoolSafety ⁦@TxDPS⁩  https://t.co/GWIUYAJHMo,2018-06-11 02:48:18,en
2782,90651198,GregAbbott_TX,Greg Abbott,Another arrest made for illegal voting in the Rio Grande Valley. Reports show Tamez is a felon who illegally voted in 2 elections. Prosecuting illegal voting is a priority for Texas. #txlege #tcot #PJNET #RGV  https://t.co/Xg0nZDcLaU,2018-06-11 01:31:14,en
2783,90651198,GregAbbott_TX,Greg Abbott,The #1 medical school in America for published research is UT Southwestern in Dallas. Texas will take the lead in developing medical solutions that change the future. ⁦@UTSWNews⁩ #UTSouthwestern #txlege  https://t.co/VQmz0mvVb0,2018-06-10 16:31:31,en
2784,90651198,GregAbbott_TX,Greg Abbott,Here is the letter from the Texas Education Agency to Texas schools identifying funding and strategies that are available to them immediately so they can make their schools safer before the next school year begins. #txlege  https://t.co/8WqlcjUj8h,2018-06-10 16:05:14,en
2785,90651198,GregAbbott_TX,Greg Abbott,"A police chief notes the best prevention tool to rising school threats: “more incidents are thwarted than are carried out.  The more involvement we have &amp; collaboration we have between school, police, &amp; parents, the more we accomplish.” #txlege  https://t.co/19lbcD8sAx",2018-06-10 15:39:48,en
2786,90651198,GregAbbott_TX,Greg Abbott,https://t.co/cHFF5uGk2v,2018-06-10 15:29:54,und
2787,90651198,GregAbbott_TX,Greg Abbott,"Congratulations to Texan Kenny Troutt, the owner of Justify, on the superb Triple Crown. What an incredible horse. #TripleCrown https://t.co/JpNfOyuDRf",2018-06-09 23:43:50,en
2788,90651198,GregAbbott_TX,Greg Abbott,Yes. My school safety plan already provides more law enforcement and school safety officers and metal detectors. Also addresses mental health challenges of students. The Legislature is now considering longer term funding &amp; solutions. #txlege https://t.co/RmRUDFzpXR,2018-06-09 16:23:27,en
2789,90651198,GregAbbott_TX,Greg Abbott,School is in session today at Abbott University in Dallas where we are training the best ground game team in the history of Texas politics. #ImWithAbbott @TexasGOP @DallasGOP #txlege #tx2018 https://t.co/RWWpei2Mss,2018-06-09 16:17:20,en
2790,90651198,GregAbbott_TX,Greg Abbott,"Unemployment is at record lows, wages are rising, consumer confidence is soaring, and @NancyPelosi is clueless &amp; detached from what’s going on in America. She’s too busy coddling MS-13. https://t.co/gtXsJrk0bl",2018-06-09 15:56:54,en
2791,90651198,GregAbbott_TX,Greg Abbott,Committee Hearings on School Safety are Set to Begin Next Week in Austin to find solutions to keep schools safe. https://t.co/hN8pIu63bG,2018-06-08 21:43:10,en
2792,90651198,GregAbbott_TX,Greg Abbott,New Binational campaign targets criminal groups on Texas-Mexico border. #txlege https://t.co/Ghm0PLlPno,2018-06-08 21:22:44,en
2793,90651198,GregAbbott_TX,Greg Abbott,"This multi-billion dollar deal is huge for @TAMU. It makes it one of the world’s premier laboratories in defense, nuclear weapons and nuclear nonproliferation. Our universities continue to help lead the nation. #GigEm #txlege  https://t.co/qab8pVt97s",2018-06-08 17:06:41,en
2794,90651198,GregAbbott_TX,Greg Abbott,"Thanks to the Houston Police Officers Union for endorsing my reelection. Thanks for putting your lives on the line to make Houston &amp; Texas safer. #txlege
⁦@HPOUTX⁩ #tx2018  https://t.co/sOPg8O05R7",2018-06-08 15:07:58,en
2795,90651198,GregAbbott_TX,Greg Abbott,Progress is being made to reduce the risk of flooding for Texans living near the San Jacinto River. #txlege  https://t.co/sbcJcdPUu4,2018-06-08 14:52:36,en
2796,90651198,GregAbbott_TX,Greg Abbott,Congratulations @TexasTech on adding this National Academy of Sciences member. Your national stature continues rising https://t.co/OJ6YqVtd2n,2018-06-07 23:35:52,en
2797,90651198,GregAbbott_TX,Greg Abbott,Heller was the pivotal decision clarifying that the Second Amendment guarantees an individual right to bear arms and that right was not limited to militias. As Attorney General I filed a brief @Scotus on the issue. https://t.co/hPWt0S8r1E,2018-06-07 06:18:53,en
2798,90651198,GregAbbott_TX,Greg Abbott,Texas Penal Code section 46.13. https://t.co/Ee8mjfeXLv,2018-06-07 06:10:12,en
2799,90651198,GregAbbott_TX,Greg Abbott,Good question Robin &amp; I agree with your conclusion. So does Texas law. It grants exceptions for children to use firearms to defend themselves and property. My plan doesn’t change that. My plan does nothing to disarm a Texan of any age from defending themselves. #tcot #txlege https://t.co/E1miz60Mda,2018-06-07 05:39:32,en
2800,90651198,GregAbbott_TX,Greg Abbott,You will do a great job. https://t.co/FyiMJd2CFv,2018-06-07 05:23:05,en
2801,90651198,GregAbbott_TX,Greg Abbott,"RT @KoalityCaleb: It’s hot and I’m probably gonna die but I’m still out in Cedar Hill, Texas looking for @GregAbbott_TX supporters to help…",2018-06-06 20:20:22,en
2802,90651198,GregAbbott_TX,Greg Abbott,Texas just opened the nation's first state-run gold depository. #GOLD #txlege  https://t.co/SY38gyTBxa,2018-06-06 19:51:15,en
2803,90651198,GregAbbott_TX,Greg Abbott,Today we remember the brave soldiers who stormed the beaches of Normandy to liberate the world from an unthinkable evil. Thanks to the mightiest military in the history of the world. #DDay #Military https://t.co/vuhZSsAvZI,2018-06-06 15:10:11,en
2804,90651198,GregAbbott_TX,Greg Abbott,Texas can lead the way by showing how to keep schools safe while also protecting the 2nd Amendment. I won’t sign any law that infringes the 2nd Amendment. But we can still make our schools safer. #txlege #tcot  https://t.co/T4HlQ6a4bj,2018-06-06 14:34:10,en
2805,90651198,GregAbbott_TX,Greg Abbott,Thanks to the Law Enforcement officers on the front lines of keeping our communities safe for their endorsement of my reelection. I will always #BackTheBlue. #txlege #tx2018  https://t.co/qRP6OL2Zy9,2018-06-05 21:53:49,en
2806,90651198,GregAbbott_TX,Greg Abbott,Thanks .@MavPAC for coming to Texas &amp; for all you do to pave the path for conservative leaders of the future. @MavConference https://t.co/vCVcEz4Vxc,2018-06-04 00:54:33,en
2807,90651198,GregAbbott_TX,Greg Abbott,Thanks @GovMikeHuckabee for your analysis of my plan to stop school shootings without infringing 2nd Amend #txlege https://t.co/VObqfbKm4u,2018-06-04 00:30:52,en
2808,90651198,GregAbbott_TX,Greg Abbott,San Antonio is adding more people than any city in the U.S. &amp; Texas has 3 of top 4 fastest growing cities. #txlege https://t.co/4VHoVzYTGi,2018-06-03 20:56:24,en
2809,90651198,GregAbbott_TX,Greg Abbott,"Especially in times of doubt, faith in God will keep you on the right path. https://t.co/UnIlOlmRyb",2018-06-03 15:35:35,en
2810,90651198,GregAbbott_TX,Greg Abbott,Excellent work on a hot day in Longview to grow the #ImWithAbbott team and #KeepTexasRed. #TXlege @TexasGOP https://t.co/uicHGVvYaf,2018-06-02 22:14:14,en
2811,90651198,GregAbbott_TX,Greg Abbott,North Korea reportedly wants a McDonald’s. That could be a game changer for North Koreans. Of course it would be more telling if they allowed @ChickfilA.  https://t.co/S9mxHsAx6R,2018-06-02 17:07:35,en
2812,90651198,GregAbbott_TX,Greg Abbott,Galveston officers find 19 kilos of cocaine during traffic stop of person with an immigration hold on his record. We banned sanctuary city policies to help crack down on drug smugglers like this who might be in U.S. without authority. #txlege #tcot #PJNET https://t.co/KYFrmGbYnK,2018-06-02 16:46:47,en
2813,90651198,GregAbbott_TX,Greg Abbott,Here’s our weekend weather forecast. https://t.co/xb8bE71Ews,2018-06-01 22:10:08,en
2814,90651198,GregAbbott_TX,Greg Abbott,Texas House and Senate leaders take early steps to consider Gov. Greg Abbott's school safety plan. #txlege  https://t.co/pyN1VugF4N,2018-06-01 21:49:00,en
2815,90651198,GregAbbott_TX,Greg Abbott,"Today I announced more funding for the Border Prosecution Unit. They investigate &amp; prosecute cases related to narcotics, weapons, human trafficking, organized crime, gangs, and other border-related crimes. #txlege #bordersecurity #PJNET #tcot  https://t.co/G4HQ5UO2du",2018-06-01 21:08:38,en
2816,90651198,GregAbbott_TX,Greg Abbott,This is a positive step forward in improving our juvenile justice system. #Txlege https://t.co/IxoyCq97zw,2018-06-01 18:37:58,en
2817,90651198,GregAbbott_TX,Greg Abbott,As a teacher you should know to actually read a proposal before judging it. The Plan doesn’t mandate arming teachers. It provides funds to schools that choose the School Marshal Plan. That plan doesn’t force teachers to be armed. Non-teacher personnel can be Marshals. https://t.co/V2cEVAk5di,2018-05-30 19:56:32,en
2818,90651198,GregAbbott_TX,Greg Abbott,Here is my school and firearm safety plan to make our schools and communities safer. Please consult this when you have questions or uncertainties about the plan. This is the beginning not the end of this discussion. #txlege #SantaFeshooting #SchoolSafety  https://t.co/Ev0rSGzLff,2018-05-30 16:59:44,en
2819,90651198,GregAbbott_TX,Greg Abbott,"Less Than Two Weeks After the Santa Fe Shooting, I Will Announce a Broad-Based School Safety Plan Tomorrow, Much of Which Can be Implemented Immediately. #txlege #SantaFeStrong #SantaFeHighSchool  https://t.co/bZQBdCHn8t",2018-05-29 19:50:52,en
2820,90651198,GregAbbott_TX,Greg Abbott,"Check out these Texas size burgers posted by @TexasFarmBureau. 
Food shaped like Texas always tastes better. https://t.co/G7GS776ptM",2018-05-28 18:17:51,en
2821,90651198,GregAbbott_TX,Greg Abbott,Happy #MemorialDay to all who served and sacrificed for our freedom. We pray for military families. For them this is more than a 3 day weekend. It’s a painful reminder of a loved one lost. Those #MilitaryFamilies have kept America the land of the free &amp; home of the brave. https://t.co/T4EaT1NO9J,2018-05-28 15:14:47,en
2822,90651198,GregAbbott_TX,Greg Abbott,RT @glennbeck: @GregAbbott_TX is the best governor I have ever had the honor to watch.   Soro’s is pouring millions into Texas to turn it b…,2018-05-28 04:42:27,en
2823,90651198,GregAbbott_TX,Greg Abbott,More Vote Fraud investigations. Texas is investigating an irregularly high number of mail-in ballots submitted in a March 2018 Primary election in Gregg County. Cheating at the ballot box will be prosecuted. #txlege #VoterFraud #PJNET  https://t.co/41VcO3oxhc,2018-05-27 21:31:42,en
2824,90651198,GregAbbott_TX,Greg Abbott,Prayers for a swift recovery for President George H.W. Bush who is hospitalized in Maine. https://t.co/eHDVL6A9hX,2018-05-27 20:57:57,en
2825,90651198,GregAbbott_TX,Greg Abbott,A prayer on Memorial Day Weekend. https://t.co/pczMA3fFyv,2018-05-27 16:06:09,en
2826,90651198,GregAbbott_TX,Greg Abbott,"This week the state opened a 6th anti-gang center. This one in Lubbock. These are joint operations with state, local &amp; federal law enforcement to crack down on gang crime like MS-13. #txlege #crime  http://www.lubbockonline.comhttp//www.lubbockonline.com/article//NEWS/180529239",2018-05-26 22:29:54,en
2827,90651198,GregAbbott_TX,Greg Abbott,Another MS-13 gang member has been arrested. He’s accused of a brutal murder in Texas. He had a stolen firearm. A top job we have is to get killers like this off the streets. #txlege #tcot #PJNET  https://t.co/ymYN83Kx0F,2018-05-26 15:43:14,en
2828,90651198,GregAbbott_TX,Greg Abbott,I’m writing school safety solutions with our glorious Capitol Dome in the background for inspiration. I’ll soon announce many substantive details that can be implemented before the next school year begins. #txlege https://t.co/OVzII7g0Xy,2018-05-26 02:00:47,en
2829,90651198,GregAbbott_TX,Greg Abbott,This is one of many strategies we are looking at to make our schools safer: Gov. Abbott Wants Mental Health Program To ID Potentially Violent Students Across State. #txlege  https://t.co/nITu7sSTPr,2018-05-24 03:01:16,en
2830,90651198,GregAbbott_TX,Greg Abbott,RT @Madison_927: Awesome to see @GregAbbott_TX's veteran healthcare proposal being embraced by the federal government. Expanding access to…,2018-05-23 23:02:54,en
2831,90651198,GregAbbott_TX,Greg Abbott,Excellent. This is one of the strategies we are looking for. https://t.co/nAUayV6s8S,2018-05-23 22:49:50,en
2832,90651198,GregAbbott_TX,Greg Abbott,"RT @PerezCissy: Thank you Governor Abbott for hearing the voice of Principals, teachers, counselors, police and especially our students! Th…",2018-05-22 22:58:31,en
2833,90651198,GregAbbott_TX,Greg Abbott,This Bible verse was on t-shirts at the Santa Fe Texas church service I attended today. They truly are #SantaFeStrong. #SantaFeHighSchool #txlege https://t.co/w4w3qh6VG4,2018-05-20 21:29:35,en
2834,90651198,GregAbbott_TX,Greg Abbott,Today is Armed Forces Day. We thank those who serve in the mightiest military in the history of the world. We thank them for preserving the freedom that makes America great. #ArmedForcesDay #txlege #Military #Veterans https://t.co/AtIxUSlgIx,2018-05-19 21:48:16,en
2835,90651198,GregAbbott_TX,Greg Abbott,This program has proven successful at identifying students who may harm others and at helping students with mental health challenges. It’s one of many proposals we will consider next week to make our schools safer. #txlege #SantaFeStrong #SantaFeHigh https://t.co/AUzK8y9sfN,2018-05-19 20:13:10,en
2836,90651198,GregAbbott_TX,Greg Abbott,"Good to meet Gabriel, a therapy dog providing comfort to students in Santa Fe. On Tuesday we begin 3 days of round table meetings to craft policies to better protect students &amp; teachers &amp; schools. #SantaFeStrong #PrayForSantaFe https://t.co/hph8ABQlf3",2018-05-19 17:25:54,en
2837,90651198,GregAbbott_TX,Greg Abbott,Texas Tech has developed a plan like this that has been used very  successfully in Lubbock public schools. We want to use it across the state. https://t.co/Y9n6gpza8C,2018-05-18 21:44:12,en
2838,90651198,GregAbbott_TX,Greg Abbott,I’m on my way to Santa Fe High School. Will be briefed soon. Press conference at 1:00 to provide update. https://t.co/ayXt9n3KRA,2018-05-18 15:37:44,en
2839,90651198,GregAbbott_TX,Greg Abbott,RT @TexanaPublicAff: Thank you @GregAbbott_TX for helping the American Heart Association raise awareness regarding the signs &amp; symptoms of…,2018-05-17 21:07:22,en
2840,90651198,GregAbbott_TX,Greg Abbott,This looks like a great idea.  https://t.co/bNGOoCJ27m,2018-05-16 23:17:23,en
2841,90651198,GregAbbott_TX,Greg Abbott,This is Texas. And the future is looking pretty bright. https://t.co/kgqnT1ABek,2018-05-16 21:44:43,en
2842,90651198,GregAbbott_TX,Greg Abbott,"RT @NEISD: #theNEISDway --Thank you @GregAbbott_TX for recognizing North East ISD as one of America's Best Employers, as selected by Forbes…",2018-05-16 04:09:41,en
2843,90651198,GregAbbott_TX,Greg Abbott,Another Indictment Against Vote Fraud in Texas. A citizen of Mexico used the name of a Texas woman to illegally vote in 3 elections. Texas will continue to fight cheating &amp; illegal voting at the ballot box. #txlege #tx2018 #VoterFraud   https://t.co/zFOcKogcJc,2018-05-14 20:26:50,en
2844,90651198,GregAbbott_TX,Greg Abbott,Today's groundbreaking for the relocated U.S. embassy in Israel is a monumental event and one that is long overdue. It’s a great day for Israel and for the U.S. @netanyahu #Israel https://t.co/F6zkM36VPe,2018-05-14 18:04:36,en
2845,90651198,GregAbbott_TX,Greg Abbott,Latinas are doing their part to #KeepTexasRed. What a great way to spend Mother’s Day walking for the next generation. #txgov #txlege #MothersDay https://t.co/UwSvQalntx,2018-05-14 03:42:49,en
2846,90651198,GregAbbott_TX,Greg Abbott,"#HappyMothersDay to these three fabulous moms: my wife, her mom &amp; my mom. Grateful for them all. #MothersDay https://t.co/V8pJOon83d",2018-05-13 21:15:21,en
2847,90651198,GregAbbott_TX,Greg Abbott,Follow me on Snapchat as I travel across Texas. https://t.co/thGILUlSlX,2018-05-13 19:49:41,en
2848,90651198,GregAbbott_TX,Greg Abbott,"#HappyMothersDay to a loving, caring and nurturing mom of a very precious daughter. https://t.co/cNpQdUzxVe",2018-05-13 16:17:54,en
2849,90651198,GregAbbott_TX,Greg Abbott,Thanks for the successful Day of Action connecting with voters. Thanks to everyone who joined #ImWithAbbott today. Together we will #KeepTexasRed. @TexasGOP #txlege #txgov https://t.co/dxMEDhrVPi,2018-05-12 23:01:11,en
2850,90651198,GregAbbott_TX,Greg Abbott,Thanks to South Carolina Gov. @HenryMcMaster for sending National Guard &amp; helicopters to support border security. https://t.co/2V4x4PyVc5,2018-05-12 17:40:29,en
2851,90651198,GregAbbott_TX,Greg Abbott,Job growth in Texas Is on pace for the strongest growth since 2014. Wages are increasing too. There’s no place better than Texas. #txlege #txgov #Jobs #economy  https://t.co/s5lCJWk7aT,2018-05-12 16:26:53,en
2852,90651198,GregAbbott_TX,Greg Abbott,"RT @anupamifs: Honored to meet @GregAbbott_TX to hear his impressions about his recent trade mission to India. High-tech, Energy, Education…",2018-05-12 03:39:00,en
2853,90651198,GregAbbott_TX,Greg Abbott,So proud of this Texan. He is Richard Overton and he turned 112. He’s the oldest living WWII Veteran &amp; America’s oldest man.  #txlege #txgov #veterans #vets https://t.co/ScbeJUsCuO,2018-05-12 03:29:33,en
2854,90651198,GregAbbott_TX,Greg Abbott,Today I joined with African-American &amp; Hispanic Pastors across the Dallas-Fort Worth area to discuss solutions to entrenched problems. We are uniting to work together to keep Texas exceptional. #txlege  https://t.co/13hRzo7IVQ,2018-05-11 03:03:19,en
2855,90651198,GregAbbott_TX,Greg Abbott,Helpful news for #HurricaneHarvey victims near Kingwood area. The Army Corps Of Engineers has Fast-Tracked Plans to Begin Dredging San Jacinto River In June. This should reduce potential flooding in the area. #txlege  https://t.co/6shZUgFfhl,2018-05-10 19:20:18,en
2856,90651198,GregAbbott_TX,Greg Abbott,"RT @michelleingridg: The #ImwithAbbott team in Webb County is growing each day, we are excited to spread Gov @GregAbbott_TX message to #Kee…",2018-05-10 04:21:51,en
2857,90651198,GregAbbott_TX,Greg Abbott,RT @AngelMarr0quin: Thank you @GregAbbott_TX for all the support you’ve given to Law Enforcement Officers and their families. We really app…,2018-05-09 05:36:41,en
2858,90651198,GregAbbott_TX,Greg Abbott,Here’s information about my policy plans to help veterans. They served our country and deserve to go to the front of the line for jobs and healthcare. #vets #veterans. #Military #txlege  https://t.co/4e1XVCnH89,2018-05-09 05:18:05,en
2859,90651198,GregAbbott_TX,Greg Abbott,Four Houston hospitals land on list of nation's best. That’s in addition to fact that Houston has the world’s largest medical center. Now it’s adding a world class biotech center with TMC3. #txlege #medicine #healthcare  https://t.co/8fWiYeI72f,2018-05-08 22:45:25,en
2860,90651198,GregAbbott_TX,Greg Abbott,"Harris County, Texas District Attorney will seek death penalty against MS-13 gang member. https://t.co/CrcIJbbEFM",2018-05-08 22:31:09,en
2861,90651198,GregAbbott_TX,Greg Abbott,Texas. National Champion for business six years in a row. #txlege #business https://t.co/IyPBtYoHcd,2018-05-08 21:34:28,en
2862,90651198,GregAbbott_TX,Greg Abbott,"On this #TeacherAppreciationDay I want to thank Nancy Nickel, my English Teacher at Duncanville High School, for all she did to educate me and inspire me. https://t.co/KQtw8iKsu7",2018-05-08 19:35:32,en
2863,90651198,GregAbbott_TX,Greg Abbott,Dallas Named America's Best City For Jobs For Second Year In A Row. #txlege #Jobs #economy  https://t.co/BECH2psNmO,2018-05-08 16:11:58,en
2864,90651198,GregAbbott_TX,Greg Abbott,"Today we honored the men and women who have lost their lives in the line of duty. Our prayers go out to the families of these officers who have made their communities safer, and Texas will never forget their sacrifices. #txlege #BackTheBlue #ThinBlueLine  https://t.co/rnN3iMG8tG",2018-05-08 02:24:45,en
2865,90651198,GregAbbott_TX,Greg Abbott,Texas Produces Double The Renewable Power As California At Almost Half The Price -- Blame Regulation. #txlege  https://t.co/jBVl6xMSHY,2018-05-08 01:07:53,en
2866,90651198,GregAbbott_TX,Greg Abbott,The Texas economy is the best in America. Texas had the fastest growing Gross Domestic Product in the U.S. in the most recently reported quarter. #txlege #jobs #economy  https://t.co/AYIxXFzNDx,2018-05-08 00:49:51,en
2867,90651198,GregAbbott_TX,Greg Abbott,Texas was the fastest growing economy in the U.S. in 2017. We will continue the policies that keep Texas No. 1. #txlege #Jobs #economy  https://t.co/b6Kk5scsIF,2018-05-07 15:16:35,en
2868,90651198,GregAbbott_TX,Greg Abbott,The graphs in this story show the increase in border apprehensions. There is a demonstrated need to secure our border. #txlege  https://t.co/6yNBtoa7rP,2018-05-07 02:45:06,en
2869,90651198,GregAbbott_TX,Greg Abbott,"RT @AbbottCampaign: Yesterday, over 300 volunteers knocked on more than 15,000 doors for our spring ""These Boots Were Made for Block Walkin…",2018-05-07 00:39:03,en
2870,90651198,GregAbbott_TX,Greg Abbott,This is why I deployed National Guard to the border: Illegal immigration surges 230 % in April. It’s the highest since Trump became president. #txlege #tcot #PJNET  https://t.co/AZNVAyAkx3,2018-05-06 23:50:56,en
2871,90651198,GregAbbott_TX,Greg Abbott,We are working everyday to make sure we KEEP Texas the most exceptional state in America. #txlege @TexasGOP  https://t.co/iEN8b7TByO,2018-05-06 16:16:30,en
2872,90651198,GregAbbott_TX,Greg Abbott,God can guide you through everything. Have a blessed Sunday. https://t.co/jiFBn0UgX2,2018-05-06 15:55:24,en
2873,90651198,GregAbbott_TX,Greg Abbott,This shows how we canvassed Texas today with our door knocking campaign. Great team work by the #ImWithAbbott team. #txlege https://t.co/W0lRY1Yoc5,2018-05-06 02:43:58,en
2874,90651198,GregAbbott_TX,Greg Abbott,Thanks to these Texas Rangers and Dept. of Public Safety Officers for serving and protecting our communities. Texas is exceptional because of law enforcement officers like these. #txlege https://t.co/Jy14tQmw7E,2018-05-05 22:40:00,en
2875,90651198,GregAbbott_TX,Greg Abbott,Excellent work by this #ImWithAbbott team in East Texas. https://t.co/t2jCtClF4m,2018-05-05 22:21:48,en
2876,90651198,GregAbbott_TX,Greg Abbott,Our campaign team is filled with enthusiasm as they knock on doors working to #KeepTexasRed. https://t.co/IlFc8zMNCE,2018-05-05 22:16:08,en
2877,90651198,GregAbbott_TX,Greg Abbott,Great news. Bi-partisan support to reform skyrocketing property taxes that sometimes force seniors out of their homes. #txlege https://t.co/40ibcurr12,2018-05-05 22:13:21,en
2878,90651198,GregAbbott_TX,Greg Abbott,Thanks Mr. Carrillo. We will keep Texas exceptional. https://t.co/zgGzeWCNhe,2018-05-05 22:07:51,en
2879,90651198,GregAbbott_TX,Greg Abbott,RT @MattRinaldiTX: What enthusiasm gap? Great crowd at @DallasGOP block walk w/ @GregAbbott_TX @DonHuffines @LindaKoopHD102 @AngieChenButto…,2018-05-05 16:53:44,en
2880,90651198,GregAbbott_TX,Greg Abbott,Thank you in South Texas for helping to #KeepTexasRed https://t.co/hBHrbWZy0d,2018-05-05 16:53:36,en
2881,90651198,GregAbbott_TX,Greg Abbott,Thank you in Longview where I grew up. https://t.co/4z4nTnYEtb,2018-05-05 16:51:12,en
2882,90651198,GregAbbott_TX,Greg Abbott,"RT @brian_ruddle: Chris Hale, Republican candidate for Stare Rep District 34, and Family are heading out to knock on doors with the #ImWith…",2018-05-05 16:47:36,en
2883,90651198,GregAbbott_TX,Greg Abbott,@HarrisCountyRP is rockin it on today’s statewide block walk. https://t.co/IkIZsOM9eZ,2018-05-05 16:46:18,en
2884,90651198,GregAbbott_TX,Greg Abbott,Thank you in Nacogdoches. Thanks to @travisfortexas for his leadership. https://t.co/xBGW4yBoD5,2018-05-05 16:44:56,en
2885,90651198,GregAbbott_TX,Greg Abbott,Thanks for your help in Corpus Christi. https://t.co/fQhmD7G1z4,2018-05-05 16:42:39,en
2886,90651198,GregAbbott_TX,Greg Abbott,RT @eparikakis: Thank you @GregAbbott_TX for sending us out! We're gonna keep Texas Red! #ImWithAbbott https://t.co/89vqIdoplI,2018-05-05 16:40:40,en
2887,90651198,GregAbbott_TX,Greg Abbott,Thanks for your hard work. https://t.co/GVl6xK3RzD,2018-05-05 16:38:44,en
2888,90651198,GregAbbott_TX,Greg Abbott,Thanks to this family &amp; so many Texans we are meeting today in Dallas Co. who are adding their support for our campaign. We’re working to ensure their children live in the greatest state in America. #TxLege @TexasGOP #ImWithAbbott #KeepTexasRed https://t.co/xa9go9WUnn,2018-05-05 16:33:13,en
2889,90651198,GregAbbott_TX,Greg Abbott,I’m in Dallas today to kick off a statewide block walking effort to #KeepTexasRed. Thanks to hundreds of volunteers across the state helping to keep Texas the greatest state in America. #txlege @TexasGOP #ImWithAbbott  https://t.co/qDFGZcj8zR,2018-05-05 15:38:21,en
2890,90651198,GregAbbott_TX,Greg Abbott,First Lady Cecilia Abbott is celebrating San Antonio’s 300th Anniversary with David Robinson. @TexasFLCA #txlege https://t.co/ddCoCu6w37,2018-05-04 01:24:46,en
2891,90651198,GregAbbott_TX,Greg Abbott,CEOs Rank Texas Best State For Business For 14th Straight Year. No place better than Texas. #txlege #Jobs #economy  https://t.co/jvQOicXqnZ,2018-05-03 20:25:13,en
2892,90651198,GregAbbott_TX,Greg Abbott,God Bless Texas. https://t.co/GbK6UsFBez,2018-05-03 17:01:59,en
2893,90651198,GregAbbott_TX,Greg Abbott,Today we celebrated San Antonio's 300th anniversary. #txlege https://t.co/CmzKSJRtPP,2018-05-02 22:30:10,en
2894,90651198,GregAbbott_TX,Greg Abbott,Teens like this need to learn: Don’t Mess With Texas. We expect tough justice for this terroristic threat.  https://t.co/unrBNjPIoh,2018-05-02 21:36:09,en
2895,90651198,GregAbbott_TX,Greg Abbott,Texas First Lady Cecilia Abbott was proud to be part of announcing Downtown Temple as a ‘Texas Main Street' Designation. #txlege  https://t.co/ia957fLU6d,2018-05-02 18:40:38,en
2896,90651198,GregAbbott_TX,Greg Abbott,Texas once again has been ranked the best state for business by CEO magazine. The 14th year in a row Texas has been No. 1. #txlege #Jobs #business #economy  https://t.co/g9kd9hBnZY,2018-05-02 15:06:21,en
2897,90651198,GregAbbott_TX,Greg Abbott,Texas ranks as one of the most FUN states in America. But we knew that already. #txlege  https://t.co/KqQ0rO8Lfo,2018-05-01 21:10:41,en
2898,90651198,GregAbbott_TX,Greg Abbott,"Feds Approve Funds To Repair Buffalo Bayou, Houston Ship Channel And Galveston Harbor to help the areas rebuild after #HurricaneHarvey. #txlege #RebuildTexas  https://t.co/afsWAYvG60",2018-05-01 21:03:22,en
2899,90651198,GregAbbott_TX,Greg Abbott,"The Army Corps of Engineers is beginning work on: 
Buffalo Bayou &amp; Tributaries
Corpus Christi Ship Channel
Galveston Harbor &amp; Channel
GIWW, Channel to Victoria
Gulf Intracoastal Waterway
Houston Ship Channel
Matagorda Ship Channel
Sabine Neches Waterway
Wallisville Lake
#txlege https://t.co/Rf19ZuRaX7",2018-05-01 18:25:30,en
2900,90651198,GregAbbott_TX,Greg Abbott,We have half a billion dollars ready to help communities rebuild after #HurricanHarvey. All they need to do is ask. https://t.co/XQV5LB7B5t,2018-05-01 17:30:46,en
2901,90651198,GregAbbott_TX,Greg Abbott,"Texas Aims To Lure Cancer Startups With Millions in Grant Funding. The Cancer Prevention &amp; Research Institute of Texas announced a new Seed Award, which will target startups trying to introduce disruptive technologies in the cancer-care  market. #txlege
  https://t.co/yqARj0vtKT",2018-05-01 01:56:41,en
2902,90651198,GregAbbott_TX,Greg Abbott,.@LupeValdez could try to repeal the Texas Voter ID law if she's elected Governor. Join my fight to ensure we KEEP #VoterID laws in Texas. #ImWithAbbott https://t.co/qKXDWUeJuo,2018-05-01 01:26:18,en
2903,90651198,GregAbbott_TX,Greg Abbott,At a Prayer Breakfast this morning I Proclaimed Thursday May 3rd a Day of Prayer in Texas. Join me in devoting time that day to Pray. #prayer #PrayerWarriors #txlege https://t.co/vXhP3TnXNW,2018-04-30 20:41:49,en
2904,90651198,GregAbbott_TX,Greg Abbott,"For all those facing challenges, lean on God. https://t.co/VouPs1H0ub",2018-04-29 22:26:26,en
2905,90651198,GregAbbott_TX,Greg Abbott,"Texas announced this $500,000 program to train our workforce with the skills our employers need. #txlege #JOBS https://t.co/rajcToMPlY",2018-04-29 21:58:23,en
2906,90651198,GregAbbott_TX,Greg Abbott,Congratulations @malikjefferson on your #NFLDraft2018 selection. You are a great young man with a tremendous future. You’ll always be a #Longhorn. And I’ll never forget this day when you beat OU. Good luck with the @Bengals    #HookEm @UTAustin https://t.co/E8QebxbHAi,2018-04-28 04:37:56,en
2907,90651198,GregAbbott_TX,Greg Abbott,Great to join Jerry Jones &amp; the Cowboys for their pick in the 3rd round. Looking like a good draft. @dallascowboys #NFLDraft @NFL  https://t.co/XZuDJnzL9M,2018-04-28 03:16:14,en
2908,90651198,GregAbbott_TX,Greg Abbott,"RT @jonmachota: Jerry Jones handed the phone to Texas Gov. Greg Abbott after they drafted Michael Gallup

Abbott: ""Is this Michael Gallup?…",2018-04-28 03:10:36,en
2909,90651198,GregAbbott_TX,Greg Abbott,Texas is proud to host the #NFLDraft. Great to see an all time Cowboy great @Michaelirvin88 @NFL @dallascowboys https://t.co/2slwrULHNn,2018-04-28 01:17:24,en
2910,90651198,GregAbbott_TX,Greg Abbott,"We will never forget our police officers and their sacrifice and their service. May God Bless fallen police officers in Dallas, and across America. #BackTheBlue #ThinBlueLine @DPA_PoliceAssoc https://t.co/KtNEauyWiH",2018-04-27 03:59:40,en
2911,90651198,GregAbbott_TX,Greg Abbott,More and more tech companies are relocating to Texas. The reason given here is the same explanation I always hear. They are coming to Texas because of the quality of our workforce. #txlege #jobs #economy  https://t.co/zPHieN9sGS,2018-04-26 20:39:20,en
2912,90651198,GregAbbott_TX,Greg Abbott,Human smuggling is a crime that leads to prison. Don’t do it. #txlege  https://t.co/1mW2uU0KHU,2018-04-26 15:43:43,en
2913,90651198,GregAbbott_TX,Greg Abbott,The Texas secretary of state &amp; attorney general have raised the prospect of a criminal investigation into this year's primary election in Webb Co. where people reported they were surprised to find mail-in ballots had been filled out in their names #txlege https://t.co/anH9I6oRvw,2018-04-26 04:14:20,en
2914,90651198,GregAbbott_TX,Greg Abbott,RT to tell Blake Farenthold to pay for the special election that had to be called to fill the seat he resigned from because of his disgraceful conduct. Taxpayers shouldn’t have to pay for his misdeeds. #txlege @Elect_Blake  https://t.co/TATimZEkaz,2018-04-25 20:10:41,en
2915,90651198,GregAbbott_TX,Greg Abbott,I just had the privilege of speaking with the Southwest Airline Crew that safely landed the plane that had engine trouble. Their grace under stress is commendable. That’s why Southwest is my company plane. @SouthwestAir #txlege https://t.co/Q9V9gAq7ZG,2018-04-25 18:35:57,en
2916,90651198,GregAbbott_TX,Greg Abbott,Our hearts are aching because of this Dallas Police Officer who lost his life in the line of duty. We thank him for paying the ultimate sacrifice protecting his community and we keep his family in our prayers. #txlege #BackTheBlue #ThinBlueLine  https://t.co/KjXbp6ekca,2018-04-25 16:23:26,en
2917,90651198,GregAbbott_TX,Greg Abbott,Here’s an excellent use of the @Rebuild_TX funds to help our foster care system. #txlege https://t.co/zktsPo18g4,2018-04-24 00:57:58,en
2918,90651198,GregAbbott_TX,Greg Abbott,I was proud to join the announcement of this new medical research center in Houston. It’s connected to the largest medical center in the world. They will develop medical advancements that will improve the lives of all Texans. #txlege #TexasMedicalCenter  https://t.co/lzAH5au9CT,2018-04-24 00:07:45,en
2919,90651198,GregAbbott_TX,Greg Abbott,"I’ve joined the growing call for funding for Port of Corpus Christi. Sure it would be great for Texas, but it would also be a boon to the U.S. economy. #txlege #jobs #economy.  https://t.co/weHdy1XgZS",2018-04-23 22:29:41,en
2920,90651198,GregAbbott_TX,Greg Abbott,A perfect day for #Longhorn football. @UTAustin #HookEm https://t.co/d0zPNeTWPZ,2018-04-22 03:03:30,en
2921,90651198,GregAbbott_TX,Greg Abbott,"One of the most decisive battles of the world, the Battle of San Jacinto changed the course of history. It is our privilege, our duty to preserve that cause of liberty. #txlege #SanJacintoDay https://t.co/VD4Ij5ogrE",2018-04-21 22:32:14,en
2922,90651198,GregAbbott_TX,Greg Abbott,"Beautiful service today honoring the legend and legacy of Barbara Bush. It was a true celebration of life lived to its fullest with grace, dignity and wit. Texas is forever grateful for the many profound ways Barbara shaped our state and nation. #txlege #BarbaraBush https://t.co/6xJPTkDxaB",2018-04-21 18:55:45,en
2923,90651198,GregAbbott_TX,Greg Abbott,K-9s are an important of serving &amp; protecting. We thank all of them for what they do. #K9s #dogs #police https://t.co/FCzjBc9TCL,2018-04-21 03:56:52,en
2924,90651198,GregAbbott_TX,Greg Abbott,RT @BashirSafiAFG: It was my honor meeting with Governor of Texas @GregAbbott_TX in Houston. in 2012 @TexasGuard were deployed to my hometo…,2018-04-21 03:34:15,en
2925,90651198,GregAbbott_TX,Greg Abbott,RT @MicG2017: Phone banking fun with the #ImWithAbbott team and #CruzCrew ! @GregAbbott_TX @tedcruz https://t.co/qh7jBY9ATH,2018-04-21 03:33:23,en
2926,90651198,GregAbbott_TX,Greg Abbott,Allegations of voter fraud in Laredo involving a substantial number of ballots are reported to the state. We won’t tolerate cheating or illegal voting in Texas. #txlege #tcot  https://t.co/eDj3soU9CC,2018-04-20 22:11:23,en
2927,90651198,GregAbbott_TX,Greg Abbott,Today I joined Secretary Ben Carson for the announcement that HUD has now provided $10 billion to help Texas rebuild from #HurricaneHarvey. We thanked the 1st Responders behind us who helped rescue countless Texans from flood waters. #txlege @SecretaryCarson #TexasStrong https://t.co/ohpErogvnr,2018-04-20 20:11:03,en
2928,90651198,GregAbbott_TX,Greg Abbott,Thanks Luz. I’m proud of you and grateful for your help to encourage others to join #ImWithAbbott  @TexasGOP #txlege https://t.co/UNFiaJMqvL,2018-04-20 01:38:28,en
2929,90651198,GregAbbott_TX,Greg Abbott,All Texas school districts and public junior college districts comply with state required safety and security audits. But we are investing more to ensure our schools are even safer. #txlege  https://t.co/BhxpczEC2y,2018-04-19 18:04:27,en
2930,90651198,GregAbbott_TX,Greg Abbott,"The Texas economy is bigger &amp; better than Russia. Read why....
#txlege #economy #jobs https://t.co/2uUkejjmsf",2018-04-19 15:31:56,en
2931,90651198,GregAbbott_TX,Greg Abbott,The Texas Dept. of Transportation will forgive $1.3 billion in unpaid toll fees and fines. #txlege  https://t.co/qFM2nCNVg6,2018-04-19 15:27:06,en
2932,90651198,GregAbbott_TX,Greg Abbott,Tonight I joined the Consul General of Israel in Houston to celebrate Israel’s 70th Anniversary of its Independence. The Texas—Israel connection is strong and enduring. #txlege @IsraelnHouston #Israel https://t.co/J726EecnW1,2018-04-19 04:40:36,en
2933,90651198,GregAbbott_TX,Greg Abbott,The Fabulous First Lady of Texas was rocking El Paso yesterday. #txlege @TexasGOP https://t.co/svaHJy5bdT,2018-04-19 04:32:08,en
2934,90651198,GregAbbott_TX,Greg Abbott,RT @Matt_K_TSU: Day was made when I met @GregAbbott_TX dog Pancake on our trip to ATX today! It was nice to be back home in the 512 for a f…,2018-04-19 03:49:23,en
2935,90651198,GregAbbott_TX,Greg Abbott,"Cecilia &amp; I are sharing fond memories with Barbara Bush. 
Yes, that’s Audrey on the bottom left. 
#txlege https://t.co/PkxyvJYGP0",2018-04-18 03:15:30,en
2936,90651198,GregAbbott_TX,Greg Abbott,"You will be missed. 
RIP Barbara Bush. https://t.co/QOTpIqHQGf",2018-04-18 03:05:08,en
2937,90651198,GregAbbott_TX,Greg Abbott,"It’s simple: Texans love Texas. Don’t mess with it. 
“Texas is by far the ‘stickiest’ state in the nation with over 82 percent of those born in the state remaining here.” – Dallas Fed
#txlege #Texas https://t.co/XF7rmoJwNy",2018-04-18 02:16:22,en
2938,90651198,GregAbbott_TX,Greg Abbott,"Who’s #1?
We’re #1. 
I’m so proud of this school, &amp; its teachers, students &amp; parents for this exceptional success being #1 in U.S. for 3rd Grade Reading. #txlege  https://t.co/pVMUu29L6f",2018-04-18 01:49:59,en
2939,90651198,GregAbbott_TX,Greg Abbott,Here’s a piece of good news on tax day. @SenTedCruz Introduces Legislation to Make Individual Tax Cuts Permanent. #txlege #TaxDay2018 #taxes  https://t.co/y0zv6Nvayi,2018-04-18 01:44:50,en
2940,90651198,GregAbbott_TX,Greg Abbott,"We are making progress to reduce flooding in the Kingwood area as well as the entire region between Lake Conroe and Lake Houston. With funding in hand, rebuilding after #HurricaneHarvey is accelerating. #txlege #RebuildTexas #TexasStrong  https://t.co/yrFu3aZjSZ",2018-04-17 15:32:46,en
2941,90651198,GregAbbott_TX,Greg Abbott,Here’s to Barbara Bush—an American icon and Texas legend. Our prayers are with you. https://t.co/N7i5OJRPGw,2018-04-15 20:39:56,en
2942,90651198,GregAbbott_TX,Greg Abbott,Have a blessed Sunday. https://t.co/xWtryuWt3Y,2018-04-15 17:04:52,en
2943,90651198,GregAbbott_TX,Greg Abbott,"“there may be no more important border-security priority than stopping fentanyl, the synthetic opioid, from entering the United States from Mexico and China.
Fentanyl is a synthetic opioid pain reliever and is 50 to 100 times more potent than morphine.” https://t.co/yVTSJpSRBQ",2018-04-15 17:03:13,en
2944,90651198,GregAbbott_TX,Greg Abbott,An elementary school in Brownsville is #1 in the U.S. for preparing students in third-grade reading. We will determine what helps them succeed and work to replicate it across Texas. #txlege #RGV  https://t.co/93rJFQFUa5,2018-04-15 16:45:13,en
2945,90651198,GregAbbott_TX,Greg Abbott,Thanks @TAMUSystem for hosting me today. https://t.co/tcW9RabLtK,2018-04-15 00:23:30,en
2946,90651198,GregAbbott_TX,Greg Abbott,Perfect day to be on the field for the Texas A&amp;M Spring Game. #GigEm @TAMU https://t.co/DfzyLTJzBy,2018-04-15 00:21:03,en
2947,90651198,GregAbbott_TX,Greg Abbott,"RT @coopmohr_TGA: Volunteers and @RockwallYR are out in force today, block walking in support for @GregAbbott_TX and RPT to #KeepTexasRed.…",2018-04-15 00:04:41,en
2948,90651198,GregAbbott_TX,Greg Abbott,RT @pgcueto: Our SMU @GregAbbott_TX interns are hard at work talking to voters on the National Day of Action. They’re #imwithAbbott #PonyUp…,2018-04-14 20:26:58,en
2949,90651198,GregAbbott_TX,Greg Abbott,Get prepared Texans for more border crossings.... from California. Their liberal policies are driving business away. One thing you’ll never near from me is “tax hike.” #txlege #taxes  https://t.co/xaF4OLIxfx,2018-04-14 20:07:15,en
2950,90651198,GregAbbott_TX,Greg Abbott,Thank you Nueces Co. for working so hard to grow the #ImWithAbbott team. Together we will #KeepTexasRed. @TexasGOP #txlege https://t.co/JC0eJH4vXp,2018-04-14 19:59:17,en
2951,90651198,GregAbbott_TX,Greg Abbott,RT @MicG2017: Abbott University Grad School / RPT National day of action in #HoustonTexas is booming! We will #LeadRight2018 and say #ImWit…,2018-04-14 19:57:32,en
2952,90651198,GregAbbott_TX,Greg Abbott,RT @Rightwinggal14: Team Abbott Longview is prepping to hit the streets to #KeepTexasRed  #LeadRight #ImWithAbbott @GregAbbott_TX https://t…,2018-04-14 19:57:06,en
2953,90651198,GregAbbott_TX,Greg Abbott,Relentless teamwork to expand our ground game to #KeepTexasRed. @TexasGOP #txlege https://t.co/QaDubNgMGQ,2018-04-14 19:55:57,en
2954,90651198,GregAbbott_TX,Greg Abbott,"RT @TexasFLCA: Texas is home to the second-most number of military children in the US, and April is Month of the Military Child. To show yo…",2018-04-14 19:45:44,en
2955,90651198,GregAbbott_TX,Greg Abbott,I’ve issued a disaster declaration about the drought across large swaths of Texas that lead to an increased threat of wildfire. I’ve authorized the use of all available state resources to respond to this challenge. #txlege #FireSafety  https://t.co/C3HaF0Erqu,2018-04-14 19:26:33,en
2956,90651198,GregAbbott_TX,Greg Abbott,"Last year 94 MS-13 gang members were caught crossing the Texas border. In just the first 4 months of 2018, 124 MS-13 gang members have been caught crossing the Rio Grande. Our border security efforts are essential to keeping Texas safe. #txlege #Border  https://t.co/L0JPUpR67F",2018-04-14 19:13:07,en
2957,90651198,GregAbbott_TX,Greg Abbott,Today I went to the border to thank the Texas National Guard for their commitment to America. We thank them for service and sacrifice. @TexasGuard #txlege https://t.co/4Ij7rQcJRN,2018-04-13 02:58:23,en
2958,90651198,GregAbbott_TX,Greg Abbott,UTSA and San Antonio are becoming national leaders in Cyber Security. @UTSA #Cybersecurity #txlege https://t.co/51MR4piqqp,2018-04-12 16:53:27,en
2959,90651198,GregAbbott_TX,Greg Abbott,You guys were great to chat with. Love the show. https://t.co/2NEg3hflNT,2018-04-12 06:23:40,en
2960,90651198,GregAbbott_TX,Greg Abbott,"Oracle, the second largest software company in the world, just opened a massive new campus in Austin. Now it’s planning to grow even more. #txlege #jobs #economy  https://t.co/j3P0KWcBQh",2018-04-11 22:20:01,en
2961,90651198,GregAbbott_TX,Greg Abbott,Computer 'Mis-clicks' Faulted for Data that Incorrectly Showed Spiking Maternal Mortality Rate in Texas. #txlege https://t.co/tWgEYKKx2k,2018-04-11 22:01:59,en
2962,90651198,GregAbbott_TX,Greg Abbott,Thanks to @Nasdaq for hosting me &amp; for helping Texas businesses access capital to helping them expand and hire more employees. #TXlege #jobs #economy https://t.co/HcUdmBQ4LB,2018-04-11 20:13:20,en
2963,90651198,GregAbbott_TX,Greg Abbott,Today is #NationalPetDay and here is the First Lady of Texas with our pet Pancake. @TexasFLCA @TexasPancake #txlege https://t.co/oedjS1emTl,2018-04-11 16:36:31,en
2964,90651198,GregAbbott_TX,Greg Abbott,NEW: MORE money is coming to Texas to help rebuild from #HurricaneHarvey. This $4.7 billion is on top of the $5 billion Texas just received. This will help rebuild homes &amp; build infrastructure to reduce future floods. #txlege #TexasStrong #RebuildTexas  https://t.co/o4nJtobQAW,2018-04-10 18:56:52,en
2965,90651198,GregAbbott_TX,Greg Abbott,You're still my top choice for Secretary of Defense. https://t.co/DOVXtACrn7,2018-04-10 18:24:12,en
2966,90651198,GregAbbott_TX,Greg Abbott,RT @Nasdaq: 💡#BehindTheBell: We sat down with Texas Governor @GregAbbott_TX to discuss tech initiatives and the start-up community in the g…,2018-04-10 14:31:54,en
2967,90651198,GregAbbott_TX,Greg Abbott,It seems like people constantly complain about Texas education. They need to wake up to the tremendous success our schools &amp; students are achieving. Like this: Austin students lead nation’s urban districts in eighth-grade reading. #txlege  https://t.co/bfD8xgDIqk,2018-04-10 13:30:14,en
2968,90651198,GregAbbott_TX,Greg Abbott,"Turns out the Texas maternal mortality rate spike scare was grossly exaggerated. Analysis shows actual rate was far less than half of the exaggerated report. Nevertheless, Texas remains committed to lowering it even more.  #txlege  https://t.co/FDAyVBIDnd",2018-04-10 03:38:32,en
2969,90651198,GregAbbott_TX,Greg Abbott,"Today I’ll be ringing the closing bell for the NASDAQ at 3:00 Central. Watch it on CNBC. My work with NASDAQ is part of our ongoing economic development efforts in Texas. #txlege @Nasdaq #Jobs #economy

 https://t.co/wtzXCWDGBA",2018-04-09 15:19:40,en
2970,90651198,GregAbbott_TX,Greg Abbott,Thanks for expanding the #ImWithAbbott team. We must do all we can to #KeepTexasRed. https://t.co/IpxLmucQKj,2018-04-07 21:44:40,en
2971,90651198,GregAbbott_TX,Greg Abbott,Texans always step up to honor and support our First Responders. #BackTheBlue #txlege  https://t.co/L1m1BlRAiI,2018-04-07 20:29:53,en
2972,90651198,GregAbbott_TX,Greg Abbott,RT @Mike_Rawlings: Thank you Gov. Abbott @GregAbbott_TX and Scott Murray for helping kick off @OpBlueShield Superhero Race! https://t.co/9R…,2018-04-07 14:24:16,en
2973,90651198,GregAbbott_TX,Greg Abbott,Proud to join Dallas leaders this morning to support @OpBlueShield fun run to promote unity among law enforcement and all segments of our community. #txlege #unity @MorganMeyerTX #BackTheBlue https://t.co/4eLgr0DpuG,2018-04-07 14:02:00,en
2974,90651198,GregAbbott_TX,Greg Abbott,The number of Texas kids behind bars is at its lowest point in decades.  https://t.co/czwePh7VNh,2018-04-07 00:39:04,en
2975,90651198,GregAbbott_TX,Greg Abbott,"RT @AmyMClarkTX: Honored beyond words to receive the Steve Munisteri award at tonight’s @TexasGOP Legislative dinner. Thank you, Governor @…",2018-04-06 02:35:41,en
2976,90651198,GregAbbott_TX,Greg Abbott,"@JustusTx It's signed and in effect now, and recently upheld by the federal court of appeals. If Lupe Valdez is elected Governor, she could/would work to repeal the law.",2018-04-05 03:51:52,en
2977,90651198,GregAbbott_TX,Greg Abbott,The next 7 months will be a battle between @LupeValdez and me about whether or not Texas will secure our border and protect our sovereignty. It’s about whether sanctuary cities will remain banned or be allowed. I need your help to fight for the future of Texas. #tcot @TexasGOP https://t.co/lcWG3EQi36,2018-04-05 02:11:31,en
2978,90651198,GregAbbott_TX,Greg Abbott,Texas is hostile territory for looters. Especially during #HurricaneHarvey. https://t.co/FxzcNkoVUx,2018-04-05 00:46:44,en
2979,90651198,GregAbbott_TX,Greg Abbott,"Last night I was in Texarkana. 
Tonight I’m in Galveston. 
I’m working in every part of the state to keep Texas the best state in America. #txlege #jobs #Economy #GodBlessTexas @mayes_middleton https://t.co/Yob1vJjoUG",2018-04-05 00:44:32,en
2980,90651198,GregAbbott_TX,Greg Abbott,I’m working for Texans in all corners of our state. Tonight I’m in beautiful Texarkana talking to business leaders about economic development. #txlege #jobs #economy https://t.co/hnkLCTX3L2,2018-04-04 00:22:28,en
2981,90651198,GregAbbott_TX,Greg Abbott,Welcome to Texas Y’all. https://t.co/pwP8ZjfVV2,2018-04-03 20:24:27,en
2982,90651198,GregAbbott_TX,Greg Abbott,Texas led the nation in job growth in February. The Federal Reserve predicts even stronger economic growth going forward. Texas is the economic engine for America. #txlege #Jobs #economy https://t.co/dYHGk6WTfM,2018-04-03 13:41:21,en
2983,90651198,GregAbbott_TX,Greg Abbott,"In Texas, employers added jobs for the 20th consecutive month in February, adding 40,500 jobs. Over the past year, Texas gained 285,000 new jobs. #txlege #jobs #economy  https://t.co/ECwD0bhViN",2018-04-03 03:14:14,en
2984,90651198,GregAbbott_TX,Greg Abbott,Thanks to leaders in India politics and business for the warm welcome. Texas looks forward to working with you to grow prosperity and peace. #txlege #economy #jobs #India  https://t.co/PWh1UIDhKI,2018-04-02 23:01:58,en
2985,90651198,GregAbbott_TX,Greg Abbott,I was proud to give this woman the Yellow Rose of Texas Award. The award is the highest given to women in the state. #txlege #military #women  https://t.co/NOKr7UzrgM,2018-04-02 14:53:51,en
2986,90651198,GregAbbott_TX,Greg Abbott,Texas already has the National Guard and Dept. of Public Safety deployed to the border. https://t.co/HFNfC9ckRH,2018-04-02 04:08:30,en
2987,90651198,GregAbbott_TX,Greg Abbott,"Yes, Barker &amp; Addicks projects are accelerated thanks to Congress. Barker &amp; Addicks, however, are controlled by the Army Corps of Engineers. But they understand the demand for speed on these projects. https://t.co/mIQTLGTTWK",2018-04-02 03:17:50,en
2988,90651198,GregAbbott_TX,Greg Abbott,"$500 million is available today for flood and hazard mitigation projects across the area, including Fort Bend County. #txlege #FortBendCounty https://t.co/YXXw5qj2ia",2018-04-02 03:16:01,en
2989,90651198,GregAbbott_TX,Greg Abbott,"Who says you need two hands to play catcher in baseball.
Watch the video below. https://t.co/Vs3qoFSouH",2018-04-02 03:12:05,en
2990,90651198,GregAbbott_TX,Greg Abbott,As spring rain begins to fall we are working to accelerate flood mitigation projects around Harris Co. like this funding to kick-start the dredging of the San Jacinto River. #txlege #HurricaneHarvey #Kingwood  https://t.co/TNQwbNdaIc,2018-04-02 02:55:56,en
2991,90651198,GregAbbott_TX,Greg Abbott,Easter in New York City 1956. https://t.co/qtChDmRxiT,2018-04-01 20:35:27,en
2992,90651198,GregAbbott_TX,Greg Abbott,"Have a blessed Easter. 
#HappyEaster https://t.co/rxKJ58NbOQ",2018-04-01 14:10:07,en
2993,90651198,GregAbbott_TX,Greg Abbott,Texas is providing Rio Hondo Police with advanced body armor safety gear for free. This helps them stay safe while protecting their community. #BackTheBlue #txlege #police  https://t.co/kzQFKCSLQX,2018-04-01 03:13:41,en
2994,90651198,GregAbbott_TX,Greg Abbott,Texas proudly dedicates a road to this decorated Army soldier and Texas A&amp;M grad. @USArmy @TAMU #txlege https://t.co/de5np44OC0,2018-04-01 02:09:54,en
2995,90651198,GregAbbott_TX,Greg Abbott,You’re doing an outstanding job in Webb Co. I’m looking forward to visiting soon. #txlege #ImWithAbbott  #KeepTexasRed @TexasGOP https://t.co/JMHqjL3RRl,2018-04-01 00:01:47,en
2996,90651198,GregAbbott_TX,Greg Abbott,Only Team Abbott is block walking in China Grove. Thanks for your tireless efforts. #ImWithAbbott #txlege @TexasGOP https://t.co/fNyeh40ZNa,2018-04-01 00:00:06,en
2997,90651198,GregAbbott_TX,Greg Abbott,RT @coopmohr_TGA: Block walking in support of @GregAbbott_TX with @KeyiOuyang today in Rockwall because we are #ImWithAbbott and #EstoyConA…,2018-03-31 23:56:44,en
2998,90651198,GregAbbott_TX,Greg Abbott,Thanks for being such a great team. https://t.co/KpVGRoK1V2,2018-03-31 23:56:05,en
2999,90651198,GregAbbott_TX,Greg Abbott,RT @SpecNewsATX: #ICYMI @GregAbbott_TX returned to #Texas from a 9-day trip to #India See what he discussed: https://t.co/Rc83wggqGN,2018-03-31 21:06:26,en
3000,90651198,GregAbbott_TX,Greg Abbott,"RT @AbbottCampaign: A strong economy and free enterprise are vital to Texas' success. Over the next four years, @GregAbbott_TX will work al…",2018-03-31 16:55:24,en
3001,90651198,GregAbbott_TX,Greg Abbott,We never let up in our efforts to expand the #ImWithAbbott grassroots team. Our activists play an essential role to #KeepTexasRed. Join us to help keep Texas the greatest state in America. #txlege @TexasGOP https://t.co/XYZNb04lmL,2018-03-31 16:55:01,en
3002,90651198,GregAbbott_TX,Greg Abbott,"Parents burned and beat their teen daughter after she said no to ‘arranged’ marriage, police say. I expect tough Texas justice for this heinous crime. I’ll also seek tougher laws to better protect children from these crimes. #txlege  https://t.co/8Tg4jjxg5K",2018-03-31 00:05:50,en
3003,90651198,GregAbbott_TX,Greg Abbott,More great economic news in Texas. The Greater Waco Economic Index hit a new record high. I believe the best is yet to come for Waco. #txlege #economy #jobs  https://t.co/j0oeFJaTiQ,2018-03-30 23:24:06,en
3004,90651198,GregAbbott_TX,Greg Abbott,The day I depart India is the same day it receives its first shipment of LNG from a Texas based company. These shipments will continue for decades. We look forward to expanding our energy trade with India. #txlege #jobs #economy  https://t.co/pmvXW9HkOj,2018-03-30 22:06:11,en
3005,90651198,GregAbbott_TX,Greg Abbott,Pancake—the First Dog of Texas—is enjoying #GoodFriday at Gloria’s. She better be eating the fish tacos. @TexasPancake #txlege #dogs https://t.co/l0CzMa5pue,2018-03-30 17:55:17,en
3006,90651198,GregAbbott_TX,Greg Abbott,"Have a blessed #GoodFriday. 
#GoodFriday2018 https://t.co/Ffq85oxQPQ",2018-03-30 17:04:11,en
3007,90651198,GregAbbott_TX,Greg Abbott,"RT @dpradhanbjp: Two days ago, I met Mr. @GregAbbott_TX &amp; elaborated upon building tremendous partnerships &amp; hydrocarbon bridges with Texas…",2018-03-30 15:50:51,en
3008,90651198,GregAbbott_TX,Greg Abbott,"RT @AbbottCampaign: .@GregAbbott_TX: ""I am honored by the warm welcome we have received from the people of India on every stop of this trip…",2018-03-30 15:33:29,en
3009,90651198,GregAbbott_TX,Greg Abbott,Thank you for the collaboration between India and the U.S. on energy issues. The Strategic Energy Partnership will be beneficial to our mutual economic growth. #txlege #trade #energy #jobs https://t.co/1fXuXkkjt4,2018-03-30 15:32:40,en
3010,90651198,GregAbbott_TX,Greg Abbott,"Today we visited the majestic Taj Mahal in Agra, India. One of the wonders of the world. It’s a beautiful splendor that stands as an enduring testament of a man’s love for his wife. @TajMahal #txlege #India https://t.co/esbu6AaBrT",2018-03-29 13:23:52,en
3011,90651198,GregAbbott_TX,Greg Abbott,More high tech jobs are coming to the Dallas area. These are next generation jobs that will invest Texas further faster. #txlege #jobs  https://t.co/QL9P1L4EnU,2018-03-29 04:32:59,en
3012,90651198,GregAbbott_TX,Greg Abbott,"San Angelo Police officers will have the protection of rifle-resistant body armor thanks to a $98,938 grant from the Governor’s Office. Officers who put their lives on the line must have the best equipment possible. #txlege #BackTheBlue  https://t.co/3hxx4a1FQs",2018-03-29 03:42:08,en
3013,90651198,GregAbbott_TX,Greg Abbott,"RT @GovAbbott: Texas is 2nd among all U.S. states for exports to India, with exports valued at nearly $3.4 billion in 2017. https://t.co/Sy…",2018-03-29 02:48:41,en
3014,90651198,GregAbbott_TX,Greg Abbott,The Texas Department of Family and Protective Services reported that major progress has been made in resolving problems within the foster care system. Texas will continue reforms to protect our most vulnerable children. #txlege  https://t.co/LCydYUthZB,2018-03-28 17:39:27,en
3015,90651198,GregAbbott_TX,Greg Abbott,RT @GovAbbott: Texas is working to establish a direct flight from Texas to India. @GregAbbott_TX met with India’s Minister of Commerce and…,2018-03-28 16:23:39,en
3016,90651198,GregAbbott_TX,Greg Abbott,"It was a honor to meet with India Prime Minister Modi to discuss a wide range of issues on which Texas and India can collaborate including trade, energy, economic growth, democracy, &amp; international challenges. @narendramodi #txlege #India #Jobs #Economy https://t.co/YcO2DxP3vk",2018-03-28 16:13:25,en
3017,90651198,GregAbbott_TX,Greg Abbott,"RT @dpradhanbjp: Met Governor of Texas, Mr. @GregAbbott_TX. Discussed about deepening the hydrocarbon engagements between India &amp; Texas. Al…",2018-03-28 15:40:20,en
3018,90651198,GregAbbott_TX,Greg Abbott,RT @PMOIndia: Texas Governor Mr. @GregAbbott_TX met PM @narendramodi in Delhi today. @GovAbbott https://t.co/Yf0czvjdaa,2018-03-28 15:39:58,en
3019,90651198,GregAbbott_TX,Greg Abbott,Thank you for taking the time to visit about the cultural and economic ties between Texas &amp; India. #TXLege #India #economy #jobs https://t.co/CUlEKlit2i,2018-03-28 15:28:15,en
3020,90651198,GregAbbott_TX,Greg Abbott,More good news from India: International Tech leader Wipro will open a Texas Technology Center in Plano. 150 high paying jobs will be added immediately with more to come later. #txlege #jobs  https://t.co/lcgxXSeuk4,2018-03-27 18:21:52,en
3021,90651198,GregAbbott_TX,Greg Abbott,"RT @sajjanjindal: Happy to have hosted the Governor of the State of Texas, Mr. Gregory Wayne Abbott @GregAbbott_TX and the First Lady Cecil…",2018-03-27 04:32:16,en
3022,90651198,GregAbbott_TX,Greg Abbott,RT @C_P_Gurnani: A delightful afternoon with the eloquent and insightful @GregAbbott_TX on his first visit to India. Am hoping to have conv…,2018-03-27 04:28:51,en
3023,90651198,GregAbbott_TX,Greg Abbott,RT @sajjanjindal: Governor @GregAbbott_TX gifted me a beautiful pen made out of Texas wood. Through this partnership @TheJSWGroup will cont…,2018-03-27 04:28:16,en
3024,90651198,GregAbbott_TX,Greg Abbott,"Yesterday I joined the largest steel company in India to announce they will invest $500 million in a steel business in Baytown, Texas &amp; create 500 good paying jobs. #txlege #jobs #economy https://t.co/3Fq89qDklH",2018-03-27 03:08:40,en
3025,90651198,GregAbbott_TX,Greg Abbott,Serious allegations of election fraud and illegal voting in the recent Democrat primary. Legal action is essential to prevent cheating and illegal voting at the ballot box. #txlege #VoterFraud https://t.co/kHew2S6M3j,2018-03-27 02:22:14,en
3026,90651198,GregAbbott_TX,Greg Abbott,Our prayers and support are with these Austin police officers shot in the line of duty. APD has had the back of the Austin community. We must support them in this time of challenge. #txlege #BackTheBlue  https://t.co/3AIWHtm1yf,2018-03-26 09:33:10,en
3027,90651198,GregAbbott_TX,Greg Abbott,RT @GovAbbott: Addressed the Rotary Club of Bombay to highlight all that connects India &amp; Texas both culturally and economically. https://t…,2018-03-25 17:37:32,en
3028,90651198,GregAbbott_TX,Greg Abbott,Have a blessed #PalmSunday. https://t.co/h52aSVbbqB,2018-03-25 16:07:06,en
3029,90651198,GregAbbott_TX,Greg Abbott,RT @anandmahindra: Sunday isn’t a working day but this is the kind of work I enjoy. Hosted Texas Governor @GregAbbott_TX for lunch at our o…,2018-03-25 16:02:19,en
3030,90651198,GregAbbott_TX,Greg Abbott,Today I met with the Chairman of Mahindra &amp; his Executive team. They already have a 20% market share of tractor business in Texas &amp; are looking to grow. They also have a large tech presence in Dallas. They gave $1.5 million to help rebuild from #HurricaneHarvey.  #txlege #jobs https://t.co/yYChzqwrp5,2018-03-25 13:25:38,en
3031,90651198,GregAbbott_TX,Greg Abbott,"RT @UHpres: Wishing Governor Abbott a productive, enjoyable and meaningful trip to India. @GregAbbott_TX https://t.co/mP3BpIxabg",2018-03-25 04:33:19,en
3032,90651198,GregAbbott_TX,Greg Abbott,Funding to repair &amp; update both Addicks &amp; Barker dams &amp; reservoirs has been approved. Bayous too. I expect work to begin soon as part of the process to rebuild from #HurricaneHarvey. #txlege #TexasStrong. https://t.co/uko1ZZKSlC,2018-03-24 18:47:56,en
3033,90651198,GregAbbott_TX,Greg Abbott,"Texas has approved $5 million in funding for San Jacinto River dredging, flood control study to reduce future flooding in Northeast Harris County like what occurred during #HurricaneHarvey. We are hustling to get this done ASAP. #txlege #TexasStrong  https://t.co/TNQwbNdaIc",2018-03-24 18:33:15,en
3034,90651198,GregAbbott_TX,Greg Abbott,RT @GovAbbott: Kicking off Texas' business development mission in India.  Learn more about the meeting with @reliancegroup to promote Texas…,2018-03-24 16:15:43,en
3035,90651198,GregAbbott_TX,Greg Abbott,Congratulations to @TexasTech on making it to the #Elite8 for the first time. #WreckEm #GunsUp #MarchMadness https://t.co/zKBDfGHYtX,2018-03-24 12:18:12,en
3036,90651198,GregAbbott_TX,Greg Abbott,Sweeping changes at Texas Dept. of Child Protective Services bring pay raises &amp;smaller caseloads for caseworkers. The new chief says he's noticed better job retention numbers under changes. Improvements are being achieved. #txlege  https://t.co/6AQLeqhfj0,2018-03-24 07:22:33,en
3037,90651198,GregAbbott_TX,Greg Abbott,Happy #NationalPuppyDay to the First Puppy of Texas @TexasPancake and to  all the puppies in Texas. (Don’t tell Pancake that she’s no longer a puppy. Technically.) #txlege #puppies #dogs https://t.co/DBheCNOAPe,2018-03-23 18:11:33,en
3038,90651198,GregAbbott_TX,Greg Abbott,"Texas Continued a 20-Month Job Growth Streak In February by adding 40,500 new jobs. Thanks to our employees for powering a strong economy. #txlege #economy #jobs  https://t.co/dYHGk6WTfM",2018-03-23 16:35:57,en
3039,90651198,GregAbbott_TX,Greg Abbott,"Greetings from Mumbai, India. The city is enormous &amp; bustling. Meetings start tomorrow. Indian food with curry tonight. #txlege #jobs #economy https://t.co/2Sy8gZagGO",2018-03-23 15:33:10,en
3040,90651198,GregAbbott_TX,Greg Abbott,Texas ranks #2 in Gross Domestic Product growth in the U.S. Thanks to Texas businesses for powering the Texas economy. #txlege #jobs #economy  https://t.co/vnfBrSjngb,2018-03-22 21:42:17,en
3041,90651198,GregAbbott_TX,Greg Abbott,Texas is providing $2.3 million in state funds for services and ongoing support for the people of Sutherland Springs. #txlege  https://t.co/y1RMT9UI0d,2018-03-22 20:57:11,en
3042,90651198,GregAbbott_TX,Greg Abbott,About to take off for India. See you soon. #txlege https://t.co/dn6IDdBwAk,2018-03-22 15:15:04,en
3043,90651198,GregAbbott_TX,Greg Abbott,With funding flowing in the pace of rebuilding after #HurricaneHarvey is picking up. Expect many announcements in the coming months. #txlege   https://t.co/9zaheHsNEF,2018-03-22 14:55:44,en
3044,90651198,GregAbbott_TX,Greg Abbott,Today I’m headed to India to work on deals that will add even more jobs to Texas. Updates will be provided as available. #txlege #jobs #india #HopeMyTwitterWorksInIndia  https://t.co/hSrgQkLnPL,2018-03-22 14:39:46,en
3045,90651198,GregAbbott_TX,Greg Abbott,RT @AngelaPaxtonTX: What a wonderful event today in Frisco hosted by Jerry Jones for @GregAbbott_TX. So good to see so many friends. Thank…,2018-03-22 02:54:10,en
3046,90651198,GregAbbott_TX,Greg Abbott,"RT @FoxNews: .@GregAbbott_TX: “In my time 12 years as attorney general [of Texas], and 3 years as governor, I have not seen a better job th…",2018-03-22 00:22:48,en
3047,90651198,GregAbbott_TX,Greg Abbott,"RT @FoxNews: .@GregAbbott_TX: “Sometimes people refer to their local police officers as ‘the finest,’ such as ‘Austin’s Finest,’ when they’…",2018-03-22 00:08:18,en
3048,90651198,GregAbbott_TX,Greg Abbott,Good to see you there. Look forward to campaigning with you all the way to victory in November. #txlege @TexasGOP https://t.co/aWwfsaf2Pu,2018-03-21 23:52:56,en
3049,90651198,GregAbbott_TX,Greg Abbott,"I’m proud of the Austin Police Dept. &amp; their Chief, Texas DPS, and all the local, state &amp; federal officials who worked around the clock to end the #AustinBombings. @Austin_Police @TxDPS #txlege #BackTheBlue https://t.co/wblhc5WlNf",2018-03-21 23:45:41,en
3050,90651198,GregAbbott_TX,Greg Abbott,RT @FoxNews: .@GregAbbott_TX: “We don’t know if there are any other bombs out there… So everyone needs to be remaining vigilant.” https://t…,2018-03-21 15:08:09,en
3051,90651198,GregAbbott_TX,Greg Abbott,BIG NEWS. The Austin Bomber is dead. More work needs to be done to ensure no more bombs had been sent before he died. The investigation continues to learn more information. Congratulations to the combined law enforcement effort. #AustinBombings #txlege  https://t.co/ccCT6EMHx2,2018-03-21 10:41:28,en
3052,90651198,GregAbbott_TX,Greg Abbott,Texas is working with federal &amp; local authorities to ensure all tools &amp; expertise that exist is made available to investigate these bomb crimes as quickly as possible. #txlege #AustinBombings  https://t.co/MnK50Jo2WC,2018-03-20 14:57:42,en
3053,90651198,GregAbbott_TX,Greg Abbott,"RT @FoxNews: .@GregAbbott_TX on the hunt for Austin, Texas bomber: “Law enforcement at all levels are on top of this in a way bigger than w…",2018-03-20 05:49:48,en
3054,90651198,GregAbbott_TX,Greg Abbott,RT @nfnlnews: Governor @GregAbbott_TX's first anti #HumanTrafficking policy initiative will stiffen jail time for perpetrators. Take a #Sta…,2018-03-20 05:48:31,en
3055,90651198,GregAbbott_TX,Greg Abbott,RT @GovAbbott: Texas is committed to providing every resource necessary to make sure these crimes are solved. Announcing emergency funding…,2018-03-19 23:46:23,en
3056,90651198,GregAbbott_TX,Greg Abbott,"RT @KirkPWatson: Will you please join me in helping out the family of Anthony Stephan House, the first victim of the #AustinBombings? His w…",2018-03-19 23:46:08,en
3057,90651198,GregAbbott_TX,Greg Abbott,"Reward is now $115,000 for tips in the Austin bombing. Help us catch this killer. #AustinBombings #txlege  https://t.co/LOwtSTY0Jg",2018-03-19 04:59:56,en
3058,90651198,GregAbbott_TX,Greg Abbott,So proud of @apgarza1979 on her election. Hard work &amp; commitment paid off. Together we will continue to connect Republican principles with the people of the Rio Grande Valley. #txlege @TexasGOP https://t.co/N6orFPckqb,2018-03-19 02:11:05,en
3059,90651198,GregAbbott_TX,Greg Abbott,Congratulations to Texas A&amp;M on the dominating win over North Carolina and advancing to the Sweet 16. #MarchMadness #Sweet16 @TAMU #GigEm https://t.co/DRgNPnY8df,2018-03-19 02:00:15,en
3060,90651198,GregAbbott_TX,Greg Abbott,Thanks to Orange Co. Republicans for the huge turnout &amp; the warm welcome; and for your hard work to #KeepTexasRed. Thanks also to @DadePhelan for the great introduction &amp; @SenatorNichols for his kind words. #txlege @TexasGOP  https://t.co/V3kfxmWZ2y,2018-03-18 15:47:41,en
3061,90651198,GregAbbott_TX,Greg Abbott,A sign I saw in Southeast Texas yesterday. The message comes from Luke 6:35. Have a blessed Sunday. https://t.co/v5VuPc3VYy,2018-03-18 15:35:21,en
3062,90651198,GregAbbott_TX,Greg Abbott,Texas Republicans turned out strongly in the primaries. That same energy is essential in November if we are to protect Texas from being hijacked by the liberal agenda. Join #ImWithAbbott to #KeepTexasRed. #txlege #tcot @TexasGOP  https://t.co/GsWEya4N0h,2018-03-17 20:16:18,en
3063,90651198,GregAbbott_TX,Greg Abbott,Happy St. Patrick’s Day. https://t.co/9Nv83v5y9U,2018-03-17 17:09:02,en
3064,90651198,GregAbbott_TX,Greg Abbott,RT @GovAbbott: Texas will continue to do all we can to help those impacted by Hurricane Harvey fully recover. Learn more about our visit wi…,2018-03-17 17:02:20,en
3065,90651198,GregAbbott_TX,Greg Abbott,Honored to speak to the Brazos Co. Republican Party. No greeting is better than by the Texas A&amp;M Ross Volunteers. Thanks to @DrSchwertner for the intro. #txlege @TexasGOP @TAMU https://t.co/USPTkhL8FN,2018-03-17 02:28:12,en
3066,90651198,GregAbbott_TX,Greg Abbott,Texas First Lady Cecilia Abbott is in Tyler urging more women to be involved in the campaign. #txlege @TexasGOP https://t.co/nNYD4mUuXV,2018-03-16 19:30:14,en
3067,90651198,GregAbbott_TX,Greg Abbott,"Thanks to @eightdaysofhope for their transformative work to rebuild more than 1,000 homes of #HurricaneHarvey victims. Texans are grateful for all you do. https://t.co/s5tfxTq9Qr",2018-03-16 17:15:00,en
3068,90651198,GregAbbott_TX,Greg Abbott,RT @GovAbbott: Texas is taking action to prevent future flooding &amp; actively working with local leaders to help affected communities rebuild…,2018-03-16 17:03:09,en
3069,90651198,GregAbbott_TX,Greg Abbott,"I’m in Dickinson today to help volunteers rebuild homes of #HurricaneHarvey victims. The group is rebuilding more than 1,200 homes in the area. Working together, we will rebuild Texas better than before the hurricane. #txlege #TexasStrong https://t.co/MVDJ9ROjhF",2018-03-16 17:01:55,en
3070,90651198,GregAbbott_TX,Greg Abbott,This story has a list of action items I provided today to help eliminate some of the Kingwood area residents’ challenges with the San Jacinto River. We will continue to provide more help until the community is protected from flooding. #TexasStrong #txlege https://t.co/TDbigOJaRx,2018-03-16 04:59:17,en
3071,90651198,GregAbbott_TX,Greg Abbott,"Cooper Mohr is everywhere. He’s signing up #ImWithAbbott supporters in Fate, Texas. He’s doing his part to ensure we #KeepTexasRed. Join our #relentlessgroundgame. #txlege @TexasGOP https://t.co/97SybJ116v",2018-03-16 04:51:55,en
3072,90651198,GregAbbott_TX,Greg Abbott,Share your prayers with the families harmed by the collapsed bridge tragedy in Florida. I've spoken with Gov. Rick Scott to offer help from Texas. They are working feverishly to recover everyone. #FloridaBridge #FloridaInternationalUniversity #txlege https://t.co/cB1tdnKjsK,2018-03-16 02:01:36,en
3073,90651198,GregAbbott_TX,Greg Abbott,We continue to rebuild from #HurricaneHarvey. Today we announced funding for several projects around the Kingwood area to restore the region &amp; reduce future flooding. #txlege #TexasStrong  https://t.co/1TmBb9CuIo,2018-03-15 20:58:01,en
3074,90651198,GregAbbott_TX,Greg Abbott,"RT @GovAbbott: The Texas music industry generated over $19.8 billion in economic activity across the Lone Star State in 2017, with support…",2018-03-15 17:18:50,en
3075,90651198,GregAbbott_TX,Greg Abbott,Great team. https://t.co/36emTLXJUw,2018-03-15 01:42:26,en
3076,90651198,GregAbbott_TX,Greg Abbott,Not many campaigns are knocking on doors in Sulphur Springs. But we are. We are organizing voters across the state to join #ImWithAbbott.  Together we will #KeepTexasRed. #txlege @TexasGOP https://t.co/FrnieBRHXI,2018-03-15 00:03:46,en
3077,90651198,GregAbbott_TX,Greg Abbott,We were honored to host Crown Prince Haakon at the Governor's Mansion. #txlege #Norway #SXSW https://t.co/En0J00SQX6,2018-03-14 23:58:14,en
3078,90651198,GregAbbott_TX,Greg Abbott,I overhauled the scandal plagued Texas Alcoholic Beverage Commission &amp; they are getting high marks. #txlege https://t.co/9ioPMKxb1r,2018-03-14 22:49:07,en
3079,90651198,GregAbbott_TX,Greg Abbott,"Allen, Texas is the 2nd best place in the U.S. to launch a career. It was already ranked the 2nd best place to live. #Texas #jobs  https://t.co/AhiUC6SkxB",2018-03-14 21:23:18,en
3080,90651198,GregAbbott_TX,Greg Abbott,Isn't this the airline that dragged a passenger off the plane? https://t.co/a0WmP4BsCv,2018-03-13 22:42:35,en
3081,90651198,GregAbbott_TX,Greg Abbott,BREAKNG: Texas Ban on Sanctuary City Policies upheld by Federal Court of Appeals. Allegations of discrimination were rejected. Law is in effect.,2018-03-13 22:16:20,en
3082,90651198,GregAbbott_TX,Greg Abbott,Thanks Governor Ivey to you &amp; the outstanding First Responders in Alabama for your efforts to rescue &amp; aid all who were harmed in the bus crash involving Channelview ISD. #txlege #channelview https://t.co/R3Q2HMduKg,2018-03-13 22:10:08,en
3083,90651198,GregAbbott_TX,Greg Abbott,Today is National K9 Veterans Day. We thank them for their service. #NationalK9VeteransDay #txlege #doglovers #Military https://t.co/Qbjns33IWu,2018-03-13 20:17:23,en
3084,90651198,GregAbbott_TX,Greg Abbott,Please join Cecilia &amp; me in prayer and support for the Channelview students harmed by this bus crash. #txlege #Texas #ChannelView  https://t.co/NZ3eeJW2Xy,2018-03-13 17:20:06,en
3085,90651198,GregAbbott_TX,Greg Abbott,"This Spring Break, 'Find yourself in Rockport-Fulton.' Go eat &amp; shop &amp; fish. And spur their economy. 
#TexasStrong https://t.co/BBAAlGHIEK",2018-03-13 03:57:18,en
3086,90651198,GregAbbott_TX,Greg Abbott,"Excellent news about Blinn College being in Compliance with School Safety Guidelines.
#txlege @BlinnCollege https://t.co/FwoMTYkiP1",2018-03-13 03:51:47,en
3087,90651198,GregAbbott_TX,Greg Abbott,"RT @GovAbbott: A $15,000 reward is being offered for information leading to the arrest of those responsible for Austin package bombings. ht…",2018-03-13 02:07:08,en
3088,90651198,GregAbbott_TX,Greg Abbott,Spread the word: I’m offering a reward for info leading to the arrest of the criminals responsible for these deadly bombs. The linked story shows how to report the info. #txlege #tcot #AustinBombings  https://t.co/9AAlrRLv0h,2018-03-13 01:36:15,en
3089,90651198,GregAbbott_TX,Greg Abbott,Excellent. Keep growing the #ImWithAbbott team. @TexasGOP #txlege #KeepTexasRed https://t.co/DaCffBfdjj,2018-03-13 00:35:34,en
3090,90651198,GregAbbott_TX,Greg Abbott,"Dallas County District Attorney is investigating more than 1,200 mail-in ballot applications for potential voter fraud. Cheating and illegal voting will be prosecuted in Texas. #tcot #txlege #PJNET  https://t.co/rzynwdSh21",2018-03-13 00:31:21,en
3091,90651198,GregAbbott_TX,Greg Abbott,Former Texas Teacher Arrested Crossing the border with a Warrant out for Sex Misconduct with student. #txlege https://t.co/DNBj84KfpR,2018-03-12 17:29:40,en
3092,90651198,GregAbbott_TX,Greg Abbott,"#HurricaneHarvey Aid Update: Texans Receive 41,412 SBA Low Interest Disaster Loans Totaling Over $3 Billion #txlege https://t.co/HbNNS6gcAz",2018-03-12 17:22:11,en
3093,90651198,GregAbbott_TX,Greg Abbott,Thank you young ladies for your tireless work to grow the #ImWithAbbott team. Because of what you do everyday we are one step closer to victory on Election Day. #txlege @TexasGOP https://t.co/fTaKmWaHMH,2018-03-12 05:11:04,en
3094,90651198,GregAbbott_TX,Greg Abbott,"The State of Texas tied a record by having 7 teams in the NCAA Tournament.
#MarchMadness https://t.co/D3xlYuVifb",2018-03-12 03:42:11,en
3095,90651198,GregAbbott_TX,Greg Abbott,"The Texas GOP is working to expand its connection with the black community. We share “values, economics, family, and liberty.”  #txlege @TexasGOP  https://t.co/xnXGl1HpFr",2018-03-11 21:38:40,en
3096,90651198,GregAbbott_TX,Greg Abbott,Today I hosted the leader of Ireland to discuss our cultural connections and economic trade possibilities. #txlege #Irish https://t.co/MPpdqdrnLW,2018-03-11 17:08:55,en
3097,90651198,GregAbbott_TX,Greg Abbott,Outstanding work in Houston &amp; across the state to expand the #ImWithAbbott team. https://t.co/L81TMNIEUY,2018-03-11 04:51:16,en
3098,90651198,GregAbbott_TX,Greg Abbott,Thank you for joining #ImWithAbbott to #KeepTexasRed. https://t.co/qqaxnY06vp,2018-03-11 03:36:28,en
3099,90651198,GregAbbott_TX,Greg Abbott,"A law enforcement officer in Texas was caught illegally smuggling people into the U.S. This is Texas, not California. Expect tough sentence. #txlege #tcot #PJNET @TexasGOP  https://t.co/x5Avn42cFE",2018-03-11 03:27:23,en
3100,90651198,GregAbbott_TX,Greg Abbott,"From Laredo to Longview, we never let up in our work to expand the #ImWithAbbott team. There's too much at stake. @TexasGOP #txlege #tcot #KeepTexasRed https://t.co/C9HbWrB426",2018-03-11 03:06:45,en
3101,90651198,GregAbbott_TX,Greg Abbott,Tonight we hosted tech leaders from across the country &amp; guests from around the globe at a #SXSW Tech event at the Governor’s Mansion. Texas has led the U.S. in tech exports for 5 years. We’re just getting started. #txlege @GoBigInTexas #Jobs https://t.co/isJDcrOJDD,2018-03-11 02:30:47,en
3102,90651198,GregAbbott_TX,Greg Abbott,RT @coopmohr_TGA: Great turn out for our Abbott University in Dallas. These #ImWithAbbott Volunteers are excited to help @GregAbbott_TX #Ke…,2018-03-10 21:01:14,en
3103,90651198,GregAbbott_TX,Greg Abbott,Happy Birthday to my friend Chuck Norris. He’s the toughest Texan of them all. @chucknorris #txlege #Texas https://t.co/13VTPN2QDS,2018-03-10 20:59:54,en
3104,90651198,GregAbbott_TX,Greg Abbott,Yesterday I hosted the Small Business Administration leader Linda McMahon to discuss SBA loans for #HurricaneHarvey victims. We’re working to help Texas rebuild. More than $3 billion has already been approved by the SBA. #txlege #TexasStrong @SBALinda  https://t.co/W8KSbkjugQ,2018-03-10 19:32:23,en
3105,90651198,GregAbbott_TX,Greg Abbott,"'Top-Quality Workforce' Helps Texas Lead The U.S. In Business Construction, Expansion. Texas continues to rank No. 1 for economic development. This leads to more jobs that are increasing the pay. #txlege #Jobs #economy #texas  https://t.co/ZayFKtHWHo",2018-03-10 18:08:05,en
3106,90651198,GregAbbott_TX,Greg Abbott,First Lady of Texas Cecilia Abbott returned to Harlingen to speak at the Mayor’s Prayer Breakfast.@TexasFLCA #txlege https://t.co/l8iqMsy3lc,2018-03-10 04:21:32,en
3107,90651198,GregAbbott_TX,Greg Abbott,Another way Texas leads the nation: D-FW outsells the rest of the country when it comes to houses. #txlege https://t.co/Y71bNMrZzt,2018-03-09 18:39:55,en
3108,90651198,GregAbbott_TX,Greg Abbott,"RT @WilsonWPA: Governor @GregAbbott_TX received 1.3 million votes, while the entire Democrat team was around 700,000!  This is even worse f…",2018-03-09 04:49:49,en
3109,90651198,GregAbbott_TX,Greg Abbott,"Homework assignment done. 
Here is the detailed story about Texas being #1 for economic development for the past 6 years. https://t.co/AZOSMDcJoZ https://t.co/Me6qHI3Urx",2018-03-09 04:42:42,en
3110,90651198,GregAbbott_TX,Greg Abbott,Texas is on top of the list among the 20 best places to live in America 2018. #txlege  https://t.co/cLNmF9davY,2018-03-08 20:06:37,en
3111,90651198,GregAbbott_TX,Greg Abbott,"RT @pfikac: .@GregAbbott_TX says he has skiied this way, will put this in office in Capitol #mysa https://t.co/jtdHG0NEr9",2018-03-08 18:57:25,en
3112,90651198,GregAbbott_TX,Greg Abbott,"It was widely speculated prior to the Texas Primary Election that a “blue wave” of Democratic support would sweep across Texas March 6, Election Day but in actuality, there was a “red wave“. Thanks @TexasGOP #txlege #tcot #KeepTexasRed  https://t.co/3SnM7sQ7Lz",2018-03-08 15:45:43,en
3113,90651198,GregAbbott_TX,Greg Abbott,RT @twitasdfuio: @GregAbbott_TX To all the Abbott volunteers - a large scrumptious Thank You - from your fellow Texans.  It may seem that y…,2018-03-08 04:32:45,en
3114,90651198,GregAbbott_TX,Greg Abbott,Thanks to our interns for their hard work. It paid off. You're now part of the 90% team. Let's do it again in November. #ImWithAbbott https://t.co/9DKtscP9JH,2018-03-08 04:24:36,en
3115,90651198,GregAbbott_TX,Greg Abbott,RT @AndrewKRosas: We support @GregAbbott_TX and share his vision to #KeepTexasRed I am proud to say #ImWithAbbott #EstoyconAbbott https://t…,2018-03-08 04:21:34,en
3116,90651198,GregAbbott_TX,Greg Abbott,Congratulations to @AngelaPaxtonTX on your victory in the Republican Primary. We look forward to your service in the Texas Senate. #txsen #txlege @TexasGOP https://t.co/nj0V1sEDdB,2018-03-07 19:29:35,en
3117,90651198,GregAbbott_TX,Greg Abbott,"Contrary to breathless claims that a blue wave was about to take over Texas, the fact is that in early voting &amp; final votes the Texas Republican Party once again dominated the Democrats. Thanks to the Texas GOP for heeding concerns &amp; responding convincingly. #txlege @TexasGOP https://t.co/9CYFM3bexn",2018-03-07 08:58:08,en
3118,90651198,GregAbbott_TX,Greg Abbott,"Thanks Republicans across Texas for your overwhelming support in the primary. Now we turn our sights to November and the battle to #KeepTexasRed. We will keep Texas, Texas. @TexasGOP #txlege #tcot https://t.co/n9ZInChp7E",2018-03-07 05:30:21,en
3119,90651198,GregAbbott_TX,Greg Abbott,Congrats to @RepMikeLang on his primary victory. I’ll see you soon as we work together towards another successful legislative session. #txlege #TXPrimary https://t.co/toXXHFpC9Q,2018-03-07 05:01:50,en
3120,90651198,GregAbbott_TX,Greg Abbott,We will be welcoming back @PaulWorkman to help cut property taxes in Texas. Congratulations! #txlege #TXPrimary https://t.co/yQLsTN9mHT,2018-03-07 04:39:36,en
3121,90651198,GregAbbott_TX,Greg Abbott,.@travisfortexas has won his primary. I’m looking forward to working together to make Texas even better. #txlege #TXPrimary https://t.co/ZFLyceuYwP,2018-03-07 04:37:23,en
3122,90651198,GregAbbott_TX,Greg Abbott,Congrats to @FallonForTexas on your Primary victory. #txlege #TXPrimary https://t.co/yLb6Faibeh,2018-03-07 04:35:33,en
3123,90651198,GregAbbott_TX,Greg Abbott,We will be welcoming back @Toth_4_Texas to the Texas House. Congratulations! #txlege #TXPrimary https://t.co/lzETOG0h1x,2018-03-07 04:33:12,en
3124,90651198,GregAbbott_TX,Greg Abbott,I look forward to working with @joanhuffman again this upcoming legislative session. Congratulations on your Primary victory! #txlege #TXPrimary https://t.co/1lbfWJubkk,2018-03-07 04:25:16,en
3125,90651198,GregAbbott_TX,Greg Abbott,Congratulations to @mayes_middleton. I look forward to welcoming you to the Capitol next session. #txlege #TXPrimary https://t.co/8xA5y8sSMx,2018-03-07 04:23:02,en
3126,90651198,GregAbbott_TX,Greg Abbott,Looking forward to continue working with @DonnaCampbellTX next session. Congrats on your big win tonight. #TXGOP #txlege @TexasGOP,2018-03-07 04:11:01,en
3127,90651198,GregAbbott_TX,Greg Abbott,Congratulations @RonSimmonsTexas. #txlege https://t.co/XBOmEBUbdL,2018-03-07 04:06:17,en
3128,90651198,GregAbbott_TX,Greg Abbott,Congratulations to Rep. Dennis Bonnen on your victory tonight. #txlege https://t.co/St7Tu88XFV,2018-03-07 04:02:52,en
3129,90651198,GregAbbott_TX,Greg Abbott,"On Election Day ponder this. California has worst 'quality of life' in US. On the flip side, this week Texas was recognized as #1 in the U.S. for economic development. Do we really want Democrats in Texas to take us down the path of liberalism? Vote GOP.  https://t.co/MxSZguF36n",2018-03-06 22:15:27,en
3130,90651198,GregAbbott_TX,Greg Abbott,FEMA has granted Texas’ request to extend the deadline for Transitional Sheltering Assistance for victims of #HurricaneHarvey. #txlege #TexasStrong  https://t.co/4TsWK76jWk,2018-03-06 19:39:27,en
3131,90651198,GregAbbott_TX,Greg Abbott,RT @GovAbbott: The Alamo fell on this day 182 years ago in the battle for Texas’ independence. https://t.co/U6GeGKFtrC,2018-03-06 16:43:32,en
3132,90651198,GregAbbott_TX,Greg Abbott,Texas Takes Home Award For Most Economic Development Projects For Sixth Straight Year. #txlege #jobs #economy https://t.co/NMsQIYdpRZ,2018-03-06 16:03:48,en
3133,90651198,GregAbbott_TX,Greg Abbott,Newsmax's 10 Best Governors in America. #txlege @TexasGOP https://t.co/TLEgcNxaLi,2018-03-06 15:54:53,en
3134,90651198,GregAbbott_TX,Greg Abbott,Your vote is essential today to keep Texas the model for the rest of the nation. We can’t let liberal ideas that have destroyed other states to seep into Texas. You can preserve our greatness by casting a vote today to #KeepTexasRed. #txlege @TexasGOP #ImWithAbbott https://t.co/6YmCIPhvN6,2018-03-06 14:24:25,en
3135,90651198,GregAbbott_TX,Greg Abbott,Tonight I was at the Houston Livestock Show &amp; Rodeo for a ceremony to thank fearless First Responders who rescued thousands of Texans during #HurricaneHarvey. #txlege #HoustonStrong https://t.co/7FnkXhJP5c,2018-03-06 00:55:28,en
3136,90651198,GregAbbott_TX,Greg Abbott,Human smuggling &amp; trafficking is a horrific crime that must stop.  Prosecuting the perpetrators like this will help put an end to it. #txlege #HumanTrafficking  https://t.co/aJM4XnkAEB,2018-03-05 21:58:37,en
3137,90651198,GregAbbott_TX,Greg Abbott,Texas is #1 again for new &amp; expanded corporate expansion. Jobs continue to grow here because Texas has the best business climate. We will keep it that way. #txlege #Jobs  https://t.co/AZOSMCV8xr,2018-03-05 18:03:51,en
3138,90651198,GregAbbott_TX,Greg Abbott,Texas Republicans: if you don’t like this score you can change it tomorrow. Go vote on Tuesday &amp; take someone else to go vote. If you’ve already voted call 2 people and get them to go vote. Let’s #KeepTexasRed. #tcot @TexasGOP https://t.co/BZesA3M0EA,2018-03-05 15:57:18,en
3139,90651198,GregAbbott_TX,Greg Abbott,@TamaraColbert @SteveHiltonx @PeteHegseth @COSProject @NextRevFNC Thanks Tamara for your relentless efforts. Stay vigilant but fear not. As long as I’m governor we will never retreat from our efforts to secure the constitution as written. But elections have consequences so we must continue to win.,2018-03-04 23:18:05,en
3140,90651198,GregAbbott_TX,Greg Abbott,New update about #HurricaneHarvey recovery efforts from the Texas Commission to Rebuild Texas. #txlege #TexasStrong   https://t.co/WkUMOO8Hwt,2018-03-04 21:12:58,en
3141,90651198,GregAbbott_TX,Greg Abbott,RT @KoalityCaleb: This drizzle won’t stop Texans for @GregAbbott_TX !! We need to get out the vote and have a downpour of Republican voters…,2018-03-04 20:59:29,en
3142,90651198,GregAbbott_TX,Greg Abbott,Have a blessed Sunday. https://t.co/0WA1RzwanJ,2018-03-04 18:02:27,en
3143,90651198,GregAbbott_TX,Greg Abbott,Great job in Rockwall to #KeepTexasRed. #txlege #ImWithAbbott @TexasGOP https://t.co/NUHcfSZfJu,2018-03-04 00:06:58,en
3144,90651198,GregAbbott_TX,Greg Abbott,Thanks Rhonda for your field organization in Marshall &amp; across East Texas. #txlege #ImWithAbbott @TexasGOP https://t.co/Qa2zV0Cmrh,2018-03-04 00:05:23,en
3145,90651198,GregAbbott_TX,Greg Abbott,Thanks for your tireless effort to get out the vote in El Paso. #txlege #ImWithAbbott @TexasGOP https://t.co/VFum0dRC8z,2018-03-04 00:03:08,en
3146,90651198,GregAbbott_TX,Greg Abbott,Thanks for all you’re doing in Waco. #txlege @TexasGOP #KeepTexasRed #ImWithAbbott https://t.co/DHVQvraZCJ,2018-03-03 23:19:40,en
3147,90651198,GregAbbott_TX,Greg Abbott,"RT @susannadokupil: Thankful for everyone who came out today to one of our last primary block walks! 

We’ll be walking tomorrow and Monday…",2018-03-03 23:04:54,en
3148,90651198,GregAbbott_TX,Greg Abbott,"RT @TXRightToLife: @susannadokupil &amp; EG working polls at Bayland Cmty Center. High D turnout, but Rs are for Susanna!  @GregAbbott_TX’s sup…",2018-03-03 02:13:30,en
3149,90651198,GregAbbott_TX,Greg Abbott,"Thanks Matt for your effort to vote. With the help of people like you we will never allow Texas to travel down the liberal path of states like California. We will keep Texas, Texas.  #txlege #tcot @TexasGOP https://t.co/8sKZpWDIZN",2018-03-02 22:26:51,en
3150,90651198,GregAbbott_TX,Greg Abbott,Independence has flowed through the veins of Texans since the time our founders declared and won independence. May our thirst for freedom never die. And may we never forget that it’s worth fighting for. God Bless Texas. #txlege #tcot #GodBlessTexas https://t.co/A5REV6ULZM,2018-03-02 09:15:58,en
3151,90651198,GregAbbott_TX,Greg Abbott,Early voting ends on Friday. You can’t vote this Saturday. Do it today or tomorrow to avoid the lines on Tuesday. Help #KeepTexasRed.  @TexasGOP #tcot https://t.co/ZtmcadFKL1,2018-03-01 23:28:15,en
3152,90651198,GregAbbott_TX,Greg Abbott,A former student is arrested for threats made on social media. This is the type of proactive action that must be taken against those who make threats. This is the way to stop crime before it happens. #txlege  https://t.co/6hTJMzdoCi,2018-03-01 22:34:54,en
3153,90651198,GregAbbott_TX,Greg Abbott,We are expanding our volunteer team in Tyler. Join us on Saturday to talk about Tyler values and what we need to do to get Texans to the polls. #txlege @TexasGOP  https://t.co/D3nrtFcUmj,2018-03-01 18:42:35,en
3154,90651198,GregAbbott_TX,Greg Abbott,We are taking our campaign to every corner of the state. Thanks #RGV for your warm welcome. #txlege @TexasGOP https://t.co/mr6hwaSvpX,2018-03-01 16:36:36,en
3155,90651198,GregAbbott_TX,Greg Abbott,The #ImWithAbbott ground game team is relentless. Nothing stops them from knocking on doors adding supporters. #txlege #tcot @TexasGOP https://t.co/0FIzPSSY9g,2018-03-01 16:08:50,en
3156,90651198,GregAbbott_TX,Greg Abbott,"RT @NathanielCast15: @GregAbbott_TX @TexasGOP It was great seeing you today Governor, I'm always proud to go block walking in support of yo…",2018-03-01 07:34:50,en
3157,90651198,GregAbbott_TX,Greg Abbott,RT @RGVTEXAN956: @Gingrich_of_PA In some good local news... Just got back from an awesome meet and greet with the one and only LoneStar Gov…,2018-03-01 07:10:09,en
3158,90651198,GregAbbott_TX,Greg Abbott,Another great trip to McAllen. The RGV is fired up and ready to vote GOP. #txlege #rgv @TexasGOP https://t.co/N0AIlPCtR0,2018-03-01 03:33:20,en
3159,90651198,GregAbbott_TX,Greg Abbott,"In addition to making our public schools safer, we are also working to ensure our college campuses are safe too. Many more strategies to come. #txlege  https://t.co/b6sdVyz72m",2018-02-28 21:24:31,en
3160,90651198,GregAbbott_TX,Greg Abbott,MS-13 gang members wanted in Houston are arrested in Austin area on attempt to commit murder. #txlege #tcot #PJNET https://t.co/7iikyVGuUg,2018-02-28 04:35:22,en
3161,90651198,GregAbbott_TX,Greg Abbott,George Soros is officially messing with Texas. He’s given almost $1 million to just one candidate. He’ll stop at nothing to make Texas liberal. We must muster the resolve &amp; resources to fight this take over attempt. #tcot #txlege @TexasGOP #PJNET  https://t.co/wnAlnvXFbe,2018-02-28 02:03:00,en
3162,90651198,GregAbbott_TX,Greg Abbott,Some Texas schools proudly inform visitors that staff are armed. I spoke with members of Congress today who want to provide our schools more resources to keep their students safe. #txlege #tcot https://t.co/xsEWv0dQv0,2018-02-27 23:36:01,en
3163,90651198,GregAbbott_TX,Greg Abbott,"RT @FoxNews: .@GregAbbott_TX: ""We have to deliver better access to health care at a lower cost."" https://t.co/j4Nas5VsJd",2018-02-27 13:57:53,en
3164,90651198,GregAbbott_TX,Greg Abbott,RT @FoxNews: .@GregAbbott_TX: “Our top goal as leaders of this country… is to do everything we can to make sure that our teachers and stude…,2018-02-27 13:56:33,en
3165,90651198,GregAbbott_TX,Greg Abbott,"Come share a Coke with me and my wife at upcoming campaign events. Go to https://t.co/zzFZl2BX13 to learn about events in your area and recent news. If you can’t make it to an event, maybe we can just meet up at @Whataburger #txlege #tcot https://t.co/5LSbzE7rKQ",2018-02-27 02:30:25,en
3166,90651198,GregAbbott_TX,Greg Abbott,Today @CongCulberson and I met with Generals Semonite &amp; Jackson at the Army Corps of Engineers HQ to discuss the building of flood mitigation projects in Texas. #txlege @USACEHQ #RebuildTexas https://t.co/cAQsXaht00,2018-02-27 00:37:25,en
3167,90651198,GregAbbott_TX,Greg Abbott,RT @JudgeGlickler: Hays County Veterans Treatment Court works! It couldn't be done w/o support of @GregAbbott_TX &amp; his Criminal Justice Div…,2018-02-27 00:00:12,en
3168,90651198,GregAbbott_TX,Greg Abbott,"Texas’ Manufacturing Activity &amp; General Business Activity rose to the highest level since 2005, “a banner year for the Texas economy.” Jobs are plentiful and pay is increasing. #txlege #jobs  https://t.co/FdQk4amW5X",2018-02-26 23:33:28,en
3169,90651198,GregAbbott_TX,Greg Abbott,Hurricane Harvey Funds Continue To Flow Into Texas. We are getting the resources needed to robustly rebuild the affected region. #txlege #HurricaneHarvey #TexasStrong  https://t.co/Dld6nI1ysm,2018-02-26 15:38:05,en
3170,90651198,GregAbbott_TX,Greg Abbott,Yes. Go to https://t.co/zzFZl2BX13 to check out my plan to rein in your skyrocketing property taxes. https://t.co/3X9hprvvaz,2018-02-26 05:23:27,en
3171,90651198,GregAbbott_TX,Greg Abbott,Thanks Jonas. https://t.co/pVWqCIfCZF,2018-02-26 05:22:05,en
3172,90651198,GregAbbott_TX,Greg Abbott,Thanks Freddy https://t.co/8mNQp6l4ys,2018-02-26 05:21:16,en
3173,90651198,GregAbbott_TX,Greg Abbott,Statewide school safety assessment underway. Non-compliant schools will be revealed. We will work to ensure all schools have the safety standards they need.  Ore to come. https://t.co/1pH9vIxl9I,2018-02-26 05:20:34,en
3174,90651198,GregAbbott_TX,Greg Abbott,Thanks Jack https://t.co/uV7updEM7V,2018-02-26 05:18:02,en
3175,90651198,GregAbbott_TX,Greg Abbott,Thanks Kathy https://t.co/zfXwepPE8K,2018-02-26 05:17:26,en
3176,90651198,GregAbbott_TX,Greg Abbott,Outstanding. Fort Bend #ImWithAbbott team is on fire. #txlege @TexasGOP https://t.co/hGrbpiaV7z,2018-02-26 05:13:17,en
3177,90651198,GregAbbott_TX,Greg Abbott,First plan announced last week. Google Greg Abbott School safety. Next announcement this week. Then more to come. https://t.co/nuc6ioloSF,2018-02-26 05:10:34,en
3178,90651198,GregAbbott_TX,Greg Abbott,Thanks Jason https://t.co/Wnm48qicLD,2018-02-26 05:07:29,en
3179,90651198,GregAbbott_TX,Greg Abbott,Thanks to both of you https://t.co/YKEglq7mOk,2018-02-26 05:06:23,en
3180,90651198,GregAbbott_TX,Greg Abbott,You’re doing a great job expanding the ##ImWithAbbott network. #txlege @TexasGOP https://t.co/BVB3nJQrKm,2018-02-26 04:58:25,en
3181,90651198,GregAbbott_TX,Greg Abbott,Thanks bigdog https://t.co/zc3RcBLTgU,2018-02-26 04:56:41,en
3182,90651198,GregAbbott_TX,Greg Abbott,Thanks to you both https://t.co/Z6VLSavanG,2018-02-26 04:55:44,en
3183,90651198,GregAbbott_TX,Greg Abbott,Thanks for your vote. Please support my plan to rein in your skyrocketing property taxes. Go to https://t.co/zzFZl2BX13 to learn more about the plan. https://t.co/nSfY4nL2N1,2018-02-26 04:54:42,en
3184,90651198,GregAbbott_TX,Greg Abbott,Thanks Joy https://t.co/q1eet0m3o8,2018-02-26 04:42:56,en
3185,90651198,GregAbbott_TX,Greg Abbott,Thanks to your entire family. https://t.co/oL2Ux9n57p,2018-02-26 04:41:57,en
3186,90651198,GregAbbott_TX,Greg Abbott,Thanks for your vote https://t.co/nmqSBiSKAG,2018-02-26 04:41:17,en
3187,90651198,GregAbbott_TX,Greg Abbott,Thanks Bill https://t.co/f6hu37VbKZ,2018-02-26 03:06:24,en
3188,90651198,GregAbbott_TX,Greg Abbott,Listening to the U. S. Army Chorus sing God Bless America at the White House. We are grateful for our Army &amp; all who serve our great nation. @USArmyChorus @USArmy https://t.co/J1k3a7B3QB,2018-02-26 02:57:27,en
3189,90651198,GregAbbott_TX,Greg Abbott,Excellent work expanding the #ImwithAbbott team. https://t.co/XoK0IFOMFb,2018-02-25 22:18:40,en
3190,90651198,GregAbbott_TX,Greg Abbott,Thank you https://t.co/0CHTcWH6bH,2018-02-25 22:14:44,en
3191,90651198,GregAbbott_TX,Greg Abbott,Thanks Dennis. https://t.co/0PkcfiIaUD,2018-02-25 22:13:37,en
3192,90651198,GregAbbott_TX,Greg Abbott,Thank you https://t.co/a8ebGAHEtp,2018-02-25 22:12:50,en
3193,90651198,GregAbbott_TX,Greg Abbott,Thanks to both of you. https://t.co/BKfNMaIHOJ,2018-02-25 19:01:04,en
3194,90651198,GregAbbott_TX,Greg Abbott,Thanks John https://t.co/vOJI5a8ciH,2018-02-25 18:59:29,en
3195,90651198,GregAbbott_TX,Greg Abbott,Thanks Reno https://t.co/sJfvbi8iVb,2018-02-25 16:34:29,en
3196,90651198,GregAbbott_TX,Greg Abbott,Thanks Kimberley https://t.co/SfGJLCqBfg,2018-02-25 06:17:49,en
3197,90651198,GregAbbott_TX,Greg Abbott,Thanks Lucy https://t.co/Bd6TTd92Bu,2018-02-25 06:15:43,en
3198,90651198,GregAbbott_TX,Greg Abbott,Thanks Ray https://t.co/qZTK0QTX5E,2018-02-25 06:15:08,en
3199,90651198,GregAbbott_TX,Greg Abbott,Thanks for your campaign work in New Boston. Our campaign is going to towns across Texas. #txlege @TexasGOP https://t.co/8RO8jRhfvw,2018-02-25 04:41:34,en
3200,90651198,GregAbbott_TX,Greg Abbott,Love this post about Texas Pride. https://t.co/b20B3m2j18,2018-02-25 04:22:09,en
3201,90651198,GregAbbott_TX,Greg Abbott,"RT @MicG2017: Don’t miss out on @GregAbbott_TX and @joanhuffman  GOTV rally! 🎈
 Share this event!! 
  DATE AND TIME
 Wed, February 28, 2018…",2018-02-25 04:18:01,en
3202,90651198,GregAbbott_TX,Greg Abbott,"Looking forward to seeing these young leaders in Orange, Texas in a few weeks. I’m proud of them and the remarkable folks in Orange. #txlege @TexasGOP  https://t.co/nRITB7EHjk",2018-02-25 03:48:35,en
3203,90651198,GregAbbott_TX,Greg Abbott,On this day in 1836 Willam B. Travis sent this letter from the besieged Alamo. He lost the battle and his life. But he set the course for the gritty history of a state that insists on never giving up. Victory or Death. Long Live Texas. #txlege #tcot https://t.co/LxfGKKFUs6,2018-02-24 22:11:22,en
3204,90651198,GregAbbott_TX,Greg Abbott,RT @brian_ruddle: The #ImWithAbbott team keeps on growing in Austin! These Abbott University volunteers are ready to knock on doors to supp…,2018-02-24 19:25:47,en
3205,90651198,GregAbbott_TX,Greg Abbott,Thanks. #GigEm. https://t.co/KpvvAwi90B,2018-02-24 01:09:53,en
3206,90651198,GregAbbott_TX,Greg Abbott,Great to be with @VP Mike Pence and @SecondLady Karen Pence at their residence for lunch today. We look forward to addressing those substantive issues. https://t.co/hwwV5tmDHi,2018-02-23 23:12:59,en
3207,90651198,GregAbbott_TX,Greg Abbott,Excellent News: Corpus Christi ISD is compliant with State’s recommendations for school safety. #txlege https://t.co/KLjaHYrYJ3,2018-02-22 23:53:03,en
3208,90651198,GregAbbott_TX,Greg Abbott,"RT @MikeJenkinsUSA: .@mayes_middleton: Great event in Galveston, tonight! The crowd loved hearing from @GregAbbott_TX about what's at stake…",2018-02-22 02:31:14,en
3209,90651198,GregAbbott_TX,Greg Abbott,This is the first of what will be multiple steps to ensure Texas students are safe at school. #txlege  https://t.co/VecAVw1wqY,2018-02-21 21:42:05,en
3210,90651198,GregAbbott_TX,Greg Abbott,Thanks for your tireless work to expand the #ImWithAbbott supporters. Together we’ll keep Texas the beacon of liberty in America. #txlege @TexasGOP https://t.co/xS6XTLADf1,2018-02-21 18:54:45,en
3211,90651198,GregAbbott_TX,Greg Abbott,The Rev. Billy Graham left an indelible mark on America and the world. His passion to serve God and share His love touched countless Texans over the years.,2018-02-21 16:46:25,en
3212,90651198,GregAbbott_TX,Greg Abbott,RT @MikeJenkinsUSA: Tomorrow is the big day!  Come see Governor @GregAbbott_TX and @mayes_middleton at Katie's Seafood in Galveston from 4:…,2018-02-21 04:35:14,en
3213,90651198,GregAbbott_TX,Greg Abbott,Much needed funding to rebuild from #HurricaneHarvey is arriving. Texas Communities to Receive $1 Billion from FEMA https://t.co/uGw7Sro5AI,2018-02-20 04:09:54,en
3214,90651198,GregAbbott_TX,Greg Abbott,"RT @MicG2017: GOTV rally! Tomorrow 🇺🇸🎉

Tuesday February 20,2018 at 4:30 PM! Bring all the conservatives you know! Please make sure to regi…",2018-02-20 02:56:54,en
3215,90651198,GregAbbott_TX,Greg Abbott,Thanks to the Dallas area grassroots team working so hard to make Dallas Co. #ImWithAbbott country. #txlege @TexasGOP https://t.co/4QTHq4O9fJ,2018-02-20 01:55:13,en
3216,90651198,GregAbbott_TX,Greg Abbott,Happy Presidents Day 2018. https://t.co/h7H83xT4vX,2018-02-19 20:09:08,en
3217,90651198,GregAbbott_TX,Greg Abbott,I’m working with this wife of a fallen DPS Trooper to push for tougher laws to keep violent offenders off the streets. We will make Texas safer. #txlege #BackTheBlue #tcot @TexasGOP  https://t.co/bgmdW2jWmQ,2018-02-19 19:40:44,en
3218,90651198,GregAbbott_TX,Greg Abbott,The Texas Education Agency is working to correct problems in the special education system. #txlege https://t.co/QkiaeP1J5b,2018-02-19 19:23:44,en
3219,90651198,GregAbbott_TX,Greg Abbott,Texas Dept. of Public Safety Trooper shot while pursuing suspect. Report is that his injuries are not life threatening. Keep him in your prayers. The suspect is in critical condition.  I’m hopeful for swift justice. #txlege  https://t.co/nb49jmSvi0,2018-02-19 00:24:25,en
3220,90651198,GregAbbott_TX,Greg Abbott,It doesn’t matter which region of Texas you’re in. We are working to organize the #ImWithAbbott team to keep Texas the best state in the greatest country. #txlege #tcot @TexasGOP https://t.co/Eq0BF3EfM4,2018-02-18 23:58:44,en
3221,90651198,GregAbbott_TX,Greg Abbott,Excellent work to build #ImWithAbbott support in Houston. We’ll take it back from the leftist agenda that won in 2016. We’ll win it like I did in 2014. Most Texans &amp; Houstonians say Texas is on the right track. #txlege #tcot @TexasGOP https://t.co/7ISkskKAb8,2018-02-18 23:53:58,en
3222,90651198,GregAbbott_TX,Greg Abbott,We are campaigning in Atlanta.... Texas. We’re growing the #ImWithAbbott team in every part of the state. #TxLege @TexasGOP https://t.co/8ijvOUmMcL,2018-02-18 21:27:54,en
3223,90651198,GregAbbott_TX,Greg Abbott,Have a blessed Sunday. https://t.co/Ho76xYMrK8,2018-02-18 13:44:01,en
3224,90651198,GregAbbott_TX,Greg Abbott,Thanks Brian. Welcome to the #ImWithAbbott team. We appreciate your parents’ service in the @USArmy. I’ve announced a blueprint to help all our Veterans have better job opportunities &amp; access to healthcare. #Veterans #txlege @TexasGOP https://t.co/tbDoFFBGwI,2018-02-18 01:54:00,en
3225,90651198,GregAbbott_TX,Greg Abbott,Thanks Lupita for you &amp; your dad knocking on doors &amp; winning hearts across Val Verde. We will expand the #ImWithAbbott team across Texas. #txlege @TexasGOP https://t.co/AEO2U0zcTZ,2018-02-18 01:47:08,en
3226,90651198,GregAbbott_TX,Greg Abbott,"RT @MicG2017: Conservatives, 

Governor Abbott will be here Tuesday and we are having a GOTV rally! Hope you can be there! 

https://t.co/P…",2018-02-17 01:45:20,en
3227,90651198,GregAbbott_TX,Greg Abbott,"Thanks for knocking on doors in Austin. House by House we will begin to turn even Travis Co. red. Texans, even in Travis Co., are tired of big government mandates and let-em-loose criminal policies. #txlege @TexasGOP https://t.co/MbY1N0n8BT",2018-02-17 01:00:43,en
3228,90651198,GregAbbott_TX,Greg Abbott,Travis County Sheriff’s Office deputies do not have rifle-resistance vests because Sheriff Sally Hernandez will not commit to hold all arrested undocumented immigrants for deportation.  #txlege #tcot #BackTheBlue  https://t.co/hvGeKJCocJ,2018-02-16 03:00:33,en
